"標準地域コード","都道府県","政令市･郡･支庁･振興局等","政令市･郡･支庁･振興局等（ふりがな）","市区町村","市区町村（ふりがな）","廃置分合等施行年月日","改正事由"
"01100","北海道","札幌市","さっぽろし","","","1972-04-01","札幌市(01201)の札幌市(01100)への政令指定都市施行
中央区(01101)、北区(01102)、東区(01103)、白石区(01104)、豊平区(01105)、南区(01106)、西区(01107)の新設"
"01101","北海道","札幌市","さっぽろし","中央区","ちゅうおうく","1972-04-01","札幌市(01201)の札幌市(01100)への政令指定都市施行
中央区(01101)、北区(01102)、東区(01103)、白石区(01104)、豊平区(01105)、南区(01106)、西区(01107)の新設"
"01102","北海道","札幌市","さっぽろし","北区","きたく","1972-04-01","札幌市(01201)の札幌市(01100)への政令指定都市施行
中央区(01101)、北区(01102)、東区(01103)、白石区(01104)、豊平区(01105)、南区(01106)、西区(01107)の新設"
"01103","北海道","札幌市","さっぽろし","東区","ひがしく","1972-04-01","札幌市(01201)の札幌市(01100)への政令指定都市施行
中央区(01101)、北区(01102)、東区(01103)、白石区(01104)、豊平区(01105)、南区(01106)、西区(01107)の新設"
"01104","北海道","札幌市","さっぽろし","白石区","しろいしく","1972-04-01","札幌市(01201)の札幌市(01100)への政令指定都市施行
中央区(01101)、北区(01102)、東区(01103)、白石区(01104)、豊平区(01105)、南区(01106)、西区(01107)の新設"
"01104","北海道","札幌市","さっぽろし","白石区","しろいしく","1989-11-06","白石区(01104)から分離し、厚別区(01108)を新設"
"01105","北海道","札幌市","さっぽろし","豊平区","とよひらく","1972-04-01","札幌市(01201)の札幌市(01100)への政令指定都市施行
中央区(01101)、北区(01102)、東区(01103)、白石区(01104)、豊平区(01105)、南区(01106)、西区(01107)の新設"
"01105","北海道","札幌市","さっぽろし","豊平区","とよひらく","1997-11-04","豊平区(01105)から分離し、清田区(01110)を新設"
"01106","北海道","札幌市","さっぽろし","南区","みなみく","1972-04-01","札幌市(01201)の札幌市(01100)への政令指定都市施行
中央区(01101)、北区(01102)、東区(01103)、白石区(01104)、豊平区(01105)、南区(01106)、西区(01107)の新設"
"01107","北海道","札幌市","さっぽろし","西区","にしく","1972-04-01","札幌市(01201)の札幌市(01100)への政令指定都市施行
中央区(01101)、北区(01102)、東区(01103)、白石区(01104)、豊平区(01105)、南区(01106)、西区(01107)の新設"
"01107","北海道","札幌市","さっぽろし","西区","にしく","1989-11-06","西区(01107)から分離し、手稲区(01109)を新設"
"01108","北海道","札幌市","さっぽろし","厚別区","あつべつく","1989-11-06","白石区(01104)から分離し、厚別区(01108)を新設"
"01109","北海道","札幌市","さっぽろし","手稲区","ていねく","1989-11-06","西区(01107)から分離し、手稲区(01109)を新設"
"01110","北海道","札幌市","さっぽろし","清田区","きよたく","1997-11-04","豊平区(01105)から分離し、清田区(01110)を新設"
"01201","北海道","","","札幌市","さっぽろし","1972-04-01","札幌市(01201)の札幌市(01100)への政令指定都市施行
中央区(01101)、北区(01102)、東区(01103)、白石区(01104)、豊平区(01105)、南区(01106)、西区(01107)の新設"
"01202","北海道","","","函館市","はこだてし","1973-12-01","亀田市(01232)が函館市(01202)に編入"
"01202","北海道","","","函館市","はこだてし","2000-11-01","函館市(01202)が特例市に移行"
"01202","北海道","","","函館市","はこだてし","2004-12-01","戸井町(01339)、恵山町(01340)、椴法華村(01341)、南茅部町(01342)が函館市(01202)に編入"
"01202","北海道","","","函館市","はこだてし","2005-10-01","函館市(01202)が特例市から中核市に移行"
"01204","北海道","","","旭川市","あさひかわし","1971-03-02","東鷹栖町(01451)が旭川市(01204)に編入"
"01204","北海道","","","旭川市","あさひかわし","2000-04-01","旭川市(01204)が中核市に移行"
"01206","北海道","","","釧路市","くしろし","2005-10-11","釧路市(01206)、阿寒町(01666)、音別町(01669)が合併し、釧路市を新設"
"01208","北海道","","","北見市","きたみし","2006-03-05","北見市(01208)、端野町(01548)、留辺蘂町(01551)、常呂町(01553)が合併し、北見市を新設"
"01210","北海道","","","岩見沢市","いわみざわし","2006-03-27","北村(01421)、栗沢町(01422)が岩見沢市(01210)に編入"
"01220","北海道","","","士別市","しべつし","2005-09-01","士別市(01220)、朝日町(01466)が合併し、士別市を新設"
"01221","北海道","","","名寄市","なよろし","2006-03-27","名寄市(01221)、風連町(01467)が合併し、名寄市を新設"
"01225","北海道","","","滝川市","たきかわし","1971-04-01","滝川市(01225)、江部乙町(01426)が合併し、滝川市を新設"
"01230","北海道","","","登別市","のぼりべつし","1970-08-01","登別町(01577)が登別市(01230)に市制施行"
"01231","北海道","","","恵庭市","えにわし","1970-11-01","恵庭町(01307)が恵庭市(01231)に市制施行"
"01232","北海道","","","亀田市","かめだし","1971-11-01","亀田町(01338)が亀田市(01232)に市制施行"
"01232","北海道","","","亀田市","かめだし","1973-12-01","亀田市(01232)が函館市(01202)に編入"
"01233","北海道","","","伊達市","だてし","1972-04-01","伊達町(01576)が伊達市(01233)に市制施行"
"01233","北海道","","","伊達市","だてし","2006-03-01","大滝村(01574)が伊達市(01233)に編入"
"01234","北海道","","","北広島市","きたひろしまし","1996-09-01","広島町(01301)が広島市に市制施行し、北広島市(01234)に名称変更"
"01235","北海道","","","石狩市","いしかりし","1996-09-01","石狩町(01302)が石狩市(01235)に市制施行"
"01235","北海道","","","石狩市","いしかりし","2005-10-01","厚田村(01305)、浜益村(01306)が石狩市(01235)に編入"
"01236","北海道","","","北斗市","ほくとし","2006-02-01","上磯町(01335)、大野町(01336)が合併し、北斗市(01236)を新設"
"01301","北海道","石狩支庁","いしかりしちょう","広島町","ひろしまちょう","1996-09-01","広島町(01301)が広島市に市制施行し、北広島市(01234)に名称変更"
"01302","北海道","石狩支庁","いしかりしちょう","石狩町","いしかりちょう","1996-09-01","石狩町(01302)が石狩市(01235)に市制施行"
"01305","北海道","石狩支庁","いしかりしちょう","厚田村","あつたむら","2005-10-01","厚田村(01305)、浜益村(01306)が石狩市(01235)に編入"
"01306","北海道","石狩支庁","いしかりしちょう","浜益村","はまますむら","2005-10-01","厚田村(01305)、浜益村(01306)が石狩市(01235)に編入"
"01307","北海道","石狩支庁","いしかりしちょう","恵庭町","えにわちょう","1970-11-01","恵庭町(01307)が恵庭市(01231)に市制施行"
"01335","北海道","渡島支庁","おしましちょう","上磯町","かみいそちょう","2006-02-01","上磯町(01335)、大野町(01336)が合併し、北斗市(01236)を新設"
"01336","北海道","渡島支庁","おしましちょう","大野町","おおのちょう","2006-02-01","上磯町(01335)、大野町(01336)が合併し、北斗市(01236)を新設"
"01338","北海道","渡島支庁","おしましちょう","亀田町","かめだちょう","1971-11-01","亀田町(01338)が亀田市(01232)に市制施行"
"01339","北海道","渡島支庁","おしましちょう","戸井町","といちょう","2004-12-01","戸井町(01339)、恵山町(01340)、椴法華村(01341)、南茅部町(01342)が函館市(01202)に編入"
"01340","北海道","渡島支庁","おしましちょう","恵山町","えさんちょう","1985-04-01","尻岸内町(01340)が恵山町(01340)に名称変更"
"01340","北海道","渡島支庁","おしましちょう","尻岸内町","しりきしないちょう","1985-04-01","尻岸内町(01340)が恵山町(01340)に名称変更"
"01340","北海道","渡島支庁","おしましちょう","恵山町","えさんちょう","2004-12-01","戸井町(01339)、恵山町(01340)、椴法華村(01341)、南茅部町(01342)が函館市(01202)に編入"
"01341","北海道","渡島支庁","おしましちょう","椴法華村","とどほっけむら","2004-12-01","戸井町(01339)、恵山町(01340)、椴法華村(01341)、南茅部町(01342)が函館市(01202)に編入"
"01342","北海道","渡島支庁","おしましちょう","南茅部町","みなみかやべちょう","2004-12-01","戸井町(01339)、恵山町(01340)、椴法華村(01341)、南茅部町(01342)が函館市(01202)に編入"
"01343","北海道","渡島支庁","おしましちょう","鹿部町","しかべちょう","1983-12-01","鹿部村(01343)が鹿部町(01343)に町制施行"
"01343","北海道","渡島支庁","おしましちょう","鹿部村","しかべむら","1983-12-01","鹿部村(01343)が鹿部町(01343)に町制施行"
"01344","北海道","渡島支庁","おしましちょう","砂原町","さわらちょう","1970-09-01","砂原村(01344)が砂原町(01344)に町制施行"
"01344","北海道","渡島支庁","おしましちょう","砂原村","さわらむら","1970-09-01","砂原村(01344)が砂原町(01344)に町制施行"
"01344","北海道","渡島支庁","おしましちょう","砂原町","さわらちょう","2005-04-01","砂原町(01344)、森町(01345)が合併し、森町を新設"
"01345","北海道","渡島支庁","おしましちょう","森町","もりまち","2005-04-01","砂原町(01344)、森町(01345)が合併し、森町を新設"
"01346","北海道","渡島支庁","おしましちょう","八雲町","やくもちょう","2005-10-01","八雲町(01346)、熊石町(01365)が合併し、八雲町を新設"
"01365","北海道","檜山支庁","ひやましちょう","熊石町","くまいしちょう","2005-10-01","八雲町(01346)、熊石町(01365)が合併し、八雲町を新設"
"01366","北海道","檜山支庁","ひやましちょう","大成町","たいせいちょう","2005-09-01","大成町(01366)、瀬棚町(01368)、北檜山町(01369)が合併し、せたな町(01371)を新設"
"01368","北海道","檜山支庁","ひやましちょう","瀬棚町","せたなちょう","2005-09-01","大成町(01366)、瀬棚町(01368)、北檜山町(01369)が合併し、せたな町(01371)を新設"
"01369","北海道","檜山支庁","ひやましちょう","北檜山町","きたひやまちょう","2005-09-01","大成町(01366)、瀬棚町(01368)、北檜山町(01369)が合併し、せたな町(01371)を新設"
"01371","北海道","檜山支庁","ひやましちょう","せたな町","せたなちょう","2005-09-01","大成町(01366)、瀬棚町(01368)、北檜山町(01369)が合併し、せたな町(01371)を新設"
"01401","北海道","後志支庁","しりべししちょう","共和町","きょうわちょう","1971-04-01","共和村(01401)が共和町(01401)に町制施行"
"01401","北海道","後志支庁","しりべししちょう","共和村","きょうわむら","1971-04-01","共和村(01401)が共和町(01401)に町制施行"
"01421","北海道","空知支庁","そらちしちょう","北村","きたむら","2006-03-27","北村(01421)、栗沢町(01422)が岩見沢市(01210)に編入"
"01422","北海道","空知支庁","そらちしちょう","栗沢町","くりさわちょう","2006-03-27","北村(01421)、栗沢町(01422)が岩見沢市(01210)に編入"
"01426","北海道","空知支庁","そらちしちょう","江部乙町","えべおつちょう","1971-04-01","滝川市(01225)、江部乙町(01426)が合併し、滝川市を新設"
"01439","北海道","空知支庁","そらちしちょう","幌加内町","ほろかないちょう","2010-04-01","空知支庁幌加内町(01439)が上川支庁幌加内町(01472)に区域変更"
"01451","北海道","上川支庁","かみかわしちょう","東鷹栖町","ひがしたかすちょう","1971-03-02","東鷹栖町(01451)が旭川市(01204)に編入"
"01466","北海道","上川支庁","かみかわしちょう","朝日町","あさひちょう","2005-09-01","士別市(01220)、朝日町(01466)が合併し、士別市を新設"
"01467","北海道","上川支庁","かみかわしちょう","風連町","ふうれんちょう","2006-03-27","名寄市(01221)、風連町(01467)が合併し、名寄市を新設"
"01472","北海道","上川支庁","かみかわしちょう","幌加内町","ほろかないちょう","2010-04-01","空知支庁幌加内町(01439)が上川支庁幌加内町(01472)に区域変更"
"01488","北海道","留萌支庁","るもいしちょう","幌延町","ほろのべちょう","2010-04-01","留萌支庁幌延町(01488)が宗谷支庁幌延町(01520)に区域変更"
"01514","北海道","宗谷支庁","そうやしちょう","枝幸町","えさしちょう","2006-03-20","枝幸町(01514)、歌登町(01515)が合併し、枝幸町を新設"
"01515","北海道","宗谷支庁","そうやしちょう","歌登町","うたのぼりちょう","2006-03-20","枝幸町(01514)、歌登町(01515)が合併し、枝幸町を新設"
"01519","北海道","宗谷支庁","そうやしちょう","東利尻町","ひがしりしりちょう","1990-09-30","東利尻町(01519)が利尻富士町(01519)に名称変更"
"01519","北海道","宗谷支庁","そうやしちょう","利尻富士町","りしりふじちょう","1990-09-30","東利尻町(01519)が利尻富士町(01519)に名称変更"
"01520","北海道","宗谷支庁","そうやしちょう","幌延町","ほろのべちょう","2010-04-01","留萌支庁幌延町(01488)が宗谷支庁幌延町(01520)に区域変更"
"01541","北海道","網走支庁","あばしりしちょう","東藻琴村","ひがしもことむら","2006-03-31","東藻琴村(01541)、女満別町(01542)が合併し、大空町(01564)を新設"
"01542","北海道","網走支庁","あばしりしちょう","女満別町","めまんべつちょう","2006-03-31","東藻琴村(01541)、女満別町(01542)が合併し、大空町(01564)を新設"
"01548","北海道","網走支庁","あばしりしちょう","端野町","たんのちょう","2006-03-05","北見市(01208)、端野町(01548)、留辺蘂町(01551)、常呂町(01553)が合併し、北見市を新設"
"01551","北海道","網走支庁","あばしりしちょう","留辺蘂町","るべしべちょう","2006-03-05","北見市(01208)、端野町(01548)、留辺蘂町(01551)、常呂町(01553)が合併し、北見市を新設"
"01553","北海道","網走支庁","あばしりしちょう","常呂町","ところちょう","2006-03-05","北見市(01208)、端野町(01548)、留辺蘂町(01551)、常呂町(01553)が合併し、北見市を新設"
"01554","北海道","網走支庁","あばしりしちょう","生田原町","いくたはらちょう","2005-10-01","生田原町(01554)、遠軽町(01555)、丸瀬布町(01556)、白滝村(01557)が合併し、遠軽町を新設"
"01555","北海道","網走支庁","あばしりしちょう","遠軽町","えんがるちょう","2005-10-01","生田原町(01554)、遠軽町(01555)、丸瀬布町(01556)、白滝村(01557)が合併し、遠軽町を新設"
"01556","北海道","網走支庁","あばしりしちょう","丸瀬布町","まるせっぷちょう","2005-10-01","生田原町(01554)、遠軽町(01555)、丸瀬布町(01556)、白滝村(01557)が合併し、遠軽町を新設"
"01557","北海道","網走支庁","あばしりしちょう","白滝村","しらたきむら","2005-10-01","生田原町(01554)、遠軽町(01555)、丸瀬布町(01556)、白滝村(01557)が合併し、遠軽町を新設"
"01558","北海道","網走支庁","あばしりしちょう","上湧別町","かみゆうべつちょう","2009-10-05","上湧別町(01558)、湧別町(01559)が合併し、湧別町を新設"
"01559","北海道","網走支庁","あばしりしちょう","湧別町","ゆうべつちょう","2009-10-05","上湧別町(01558)、湧別町(01559)が合併し、湧別町を新設"
"01564","北海道","網走支庁","あばしりしちょう","大空町","おおぞらちょう","2006-03-31","東藻琴村(01541)、女満別町(01542)が合併し、大空町(01564)を新設"
"01572","北海道","胆振支庁","いぶりしちょう","虻田町","あぶたちょう","2006-03-27","虻田町(01572)、洞爺村(01573)が合併し、洞爺湖町(01584)を新設"
"01573","北海道","胆振支庁","いぶりしちょう","洞爺村","とうやむら","2006-03-27","虻田町(01572)、洞爺村(01573)が合併し、洞爺湖町(01584)を新設"
"01574","北海道","胆振支庁","いぶりしちょう","大滝村","おおたきむら","2006-03-01","大滝村(01574)が伊達市(01233)に編入"
"01576","北海道","胆振支庁","いぶりしちょう","伊達町","だてちょう","1972-04-01","伊達町(01576)が伊達市(01233)に市制施行"
"01577","北海道","胆振支庁","いぶりしちょう","登別町","のぼりべつちょう","1970-08-01","登別町(01577)が登別市(01230)に市制施行"
"01579","北海道","胆振支庁","いぶりしちょう","早来町","はやきたちょう","2006-03-27","早来町(01579)、追分町(01580)が合併し、安平町(01585)を新設"
"01580","北海道","胆振支庁","いぶりしちょう","追分町","おいわけちょう","2006-03-27","早来町(01579)、追分町(01580)が合併し、安平町(01585)を新設"
"01582","北海道","胆振支庁","いぶりしちょう","鵡川町","むかわちょう","2006-03-27","鵡川町(01582)、穂別町(01583)が合併し、むかわ町(01586)を新設"
"01583","北海道","胆振支庁","いぶりしちょう","穂別町","ほべつちょう","2006-03-27","鵡川町(01582)、穂別町(01583)が合併し、むかわ町(01586)を新設"
"01584","北海道","胆振支庁","いぶりしちょう","洞爺湖町","とうやこちょう","2006-03-27","虻田町(01572)、洞爺村(01573)が合併し、洞爺湖町(01584)を新設"
"01585","北海道","胆振支庁","いぶりしちょう","安平町","あびらちょう","2006-03-27","早来町(01579)、追分町(01580)が合併し、安平町(01585)を新設"
"01586","北海道","胆振支庁","いぶりしちょう","むかわ町","むかわちょう","2006-03-27","鵡川町(01582)、穂別町(01583)が合併し、むかわ町(01586)を新設"
"01601","北海道","日高支庁","ひだかしちょう","日高町","ひだかちょう","2006-03-01","日高町(01601)、門別町(01603)が合併し、日高町を新設"
"01603","北海道","日高支庁","ひだかしちょう","門別町","もんべつちょう","2006-03-01","日高町(01601)、門別町(01603)が合併し、日高町を新設"
"01605","北海道","日高支庁","ひだかしちょう","静内町","しずないちょう","2006-03-31","静内町(01605)、三石町(01606)が合併し、新ひだか町(01610)を新設"
"01606","北海道","日高支庁","ひだかしちょう","三石町","みついしちょう","2006-03-31","静内町(01605)、三石町(01606)が合併し、新ひだか町(01610)を新設"
"01609","北海道","日高支庁","ひだかしちょう","えりも町","えりもちょう","1970-10-01","幌泉町(01609)がえりも町(01609)に名称変更"
"01609","北海道","日高支庁","ひだかしちょう","幌泉町","ほろいずみちょう","1970-10-01","幌泉町(01609)がえりも町(01609)に名称変更"
"01610","北海道","日高支庁","ひだかしちょう","新ひだか町","しんひだかちょう","2006-03-31","静内町(01605)、三石町(01606)が合併し、新ひだか町(01610)を新設"
"01640","北海道","十勝支庁","とかちしちょう","忠類村","ちゅうるいむら","2006-02-06","忠類村(01640)が幕別町(01643)に編入"
"01643","北海道","十勝支庁","とかちしちょう","幕別町","まくべつちょう","2006-02-06","忠類村(01640)が幕別町(01643)に編入"
"01661","北海道","釧路支庁","くしろしちょう","釧路村","くしろむら","1980-04-01","釧路村(01661)が釧路町(01661)に町制施行"
"01661","北海道","釧路支庁","くしろしちょう","釧路町","くしろちょう","1980-04-01","釧路村(01661)が釧路町(01661)に町制施行"
"01666","北海道","釧路支庁","くしろしちょう","阿寒町","あかんちょう","2005-10-11","釧路市(01206)、阿寒町(01666)、音別町(01669)が合併し、釧路市を新設"
"01669","北海道","釧路支庁","くしろしちょう","音別町","おんべつちょう","2005-10-11","釧路市(01206)、阿寒町(01666)、音別町(01669)が合併し、釧路市を新設"
"01691","北海道","根室支庁","ねむろしちょう","別海村","べっかいむら","1971-04-01","別海村(01691)が別海町(01691)に町制施行"
"01691","北海道","根室支庁","ねむろしちょう","別海町","べつかいちょう","1971-04-01","別海村(01691)が別海町(01691)に町制施行"
"02201","青森県","","","青森市","あおもりし","2005-04-01","青森市(02201)、浪岡町(02364)が合併し、青森市を新設"
"02201","青森県","","","青森市","あおもりし","2006-10-01","青森市(02201)が中核市に移行"
"02202","青森県","","","弘前市","ひろさきし","2006-02-27","弘前市(02202)、岩木町(02341)、相馬村(02342)が合併し、弘前市を新設"
"02203","青森県","","","八戸市","はちのへし","2001-04-01","八戸市(02203)が特例市に移行"
"02203","青森県","","","八戸市","はちのへし","2005-03-31","南郷村(02448)が八戸市(02203)に編入"
"02203","青森県","","","八戸市","はちのへし","2017-01-01","八戸市(02203)が特例市から中核市に移行"
"02205","青森県","","","五所川原市","ごしょがわらし","2005-03-28","五所川原市(02205)、金木町(02382)、市浦村(02385)が合併し、五所川原市を新設"
"02206","青森県","","","十和田市","とわだし","2005-01-01","十和田市(02206)、十和田湖町(02404)が合併し、十和田市を新設"
"02208","青森県","","","むつ市","むつし","2005-03-14","川内町(02421)、大畑町(02422)、脇野沢村(02427)がむつ市(02208)に編入"
"02209","青森県","","","つがる市","つがるし","2005-02-11","木造町(02322)、森田村(02324)、柏村(02326)、稲垣村(02327)、車力村(02328)が合併し、つがる市(02209)を新設"
"02210","青森県","","","平川市","ひらかわし","2006-01-01","尾上町(02363)、平賀町(02365)、碇ケ関村(02368)が合併し、平川市(02210)を新設"
"02302","青森県","東津軽郡","ひがしつがるぐん","蟹田町","かにたまち","2005-03-28","蟹田町(02302)、平舘村(02305)、三厩村(02306)が合併し、外ヶ浜町(02307)を新設"
"02305","青森県","東津軽郡","ひがしつがるぐん","平舘村","たいらだてむら","2005-03-28","蟹田町(02302)、平舘村(02305)、三厩村(02306)が合併し、外ヶ浜町(02307)を新設"
"02306","青森県","東津軽郡","ひがしつがるぐん","三厩村","みんまやむら","2005-03-28","蟹田町(02302)、平舘村(02305)、三厩村(02306)が合併し、外ヶ浜町(02307)を新設"
"02307","青森県","東津軽郡","ひがしつがるぐん","外ヶ浜町","そとがはままち","2005-03-28","蟹田町(02302)、平舘村(02305)、三厩村(02306)が合併し、外ヶ浜町(02307)を新設"
"02322","青森県","西津軽郡","にしつがるぐん","木造町","きづくりまち","2005-02-11","木造町(02322)、森田村(02324)、柏村(02326)、稲垣村(02327)、車力村(02328)が合併し、つがる市(02209)を新設"
"02323","青森県","西津軽郡","にしつがるぐん","深浦町","ふかうらまち","2005-03-31","深浦町(02323)、岩崎村(02325)が合併し、深浦町を新設"
"02324","青森県","西津軽郡","にしつがるぐん","森田村","もりたむら","2005-02-11","木造町(02322)、森田村(02324)、柏村(02326)、稲垣村(02327)、車力村(02328)が合併し、つがる市(02209)を新設"
"02325","青森県","西津軽郡","にしつがるぐん","岩崎村","いわさきむら","2005-03-31","深浦町(02323)、岩崎村(02325)が合併し、深浦町を新設"
"02326","青森県","西津軽郡","にしつがるぐん","柏村","かしわむら","2005-02-11","木造町(02322)、森田村(02324)、柏村(02326)、稲垣村(02327)、車力村(02328)が合併し、つがる市(02209)を新設"
"02327","青森県","西津軽郡","にしつがるぐん","稲垣村","いながきむら","2005-02-11","木造町(02322)、森田村(02324)、柏村(02326)、稲垣村(02327)、車力村(02328)が合併し、つがる市(02209)を新設"
"02328","青森県","西津軽郡","にしつがるぐん","車力村","しゃりきむら","2005-02-11","木造町(02322)、森田村(02324)、柏村(02326)、稲垣村(02327)、車力村(02328)が合併し、つがる市(02209)を新設"
"02341","青森県","中津軽郡","なかつがるぐん","岩木町","いわきまち","2006-02-27","弘前市(02202)、岩木町(02341)、相馬村(02342)が合併し、弘前市を新設"
"02342","青森県","中津軽郡","なかつがるぐん","相馬村","そうまむら","2006-02-27","弘前市(02202)、岩木町(02341)、相馬村(02342)が合併し、弘前市を新設"
"02361","青森県","南津軽郡","みなみつがるぐん","藤崎町","ふじさきまち","2005-03-28","藤崎町(02361)、常盤村(02366)が合併し、藤崎町を新設"
"02363","青森県","南津軽郡","みなみつがるぐん","尾上町","おのえまち","2006-01-01","尾上町(02363)、平賀町(02365)、碇ケ関村(02368)が合併し、平川市(02210)を新設"
"02364","青森県","南津軽郡","みなみつがるぐん","浪岡町","なみおかまち","2005-04-01","青森市(02201)、浪岡町(02364)が合併し、青森市を新設"
"02365","青森県","南津軽郡","みなみつがるぐん","平賀町","ひらかまち","2006-01-01","尾上町(02363)、平賀町(02365)、碇ケ関村(02368)が合併し、平川市(02210)を新設"
"02366","青森県","南津軽郡","みなみつがるぐん","常盤村","ときわむら","2005-03-28","藤崎町(02361)、常盤村(02366)が合併し、藤崎町を新設"
"02368","青森県","南津軽郡","みなみつがるぐん","碇ケ関村","いかりがせきむら","2006-01-01","尾上町(02363)、平賀町(02365)、碇ケ関村(02368)が合併し、平川市(02210)を新設"
"02382","青森県","北津軽郡","きたつがるぐん","金木町","かなぎまち","2005-03-28","五所川原市(02205)、金木町(02382)、市浦村(02385)が合併し、五所川原市を新設"
"02383","青森県","北津軽郡","きたつがるぐん","中里町","なかさとまち","2005-03-28","中里町(02383)、小泊村(02386)が合併し、中泊町(02387)を新設"
"02385","青森県","北津軽郡","きたつがるぐん","市浦村","しうらむら","2005-03-28","五所川原市(02205)、金木町(02382)、市浦村(02385)が合併し、五所川原市を新設"
"02386","青森県","北津軽郡","きたつがるぐん","小泊村","こどまりむら","2005-03-28","中里町(02383)、小泊村(02386)が合併し、中泊町(02387)を新設"
"02387","青森県","北津軽郡","きたつがるぐん","中泊町","なかどまりまち","2005-03-28","中里町(02383)、小泊村(02386)が合併し、中泊町(02387)を新設"
"02402","青森県","上北郡","かみきたぐん","七戸町","しちのへまち","2005-03-31","七戸町(02402)、天間林村(02409)が合併し、七戸町を新設"
"02403","青森県","上北郡","かみきたぐん","百石町","ももいしまち","2006-03-01","百石町(02403)、下田町(02410)が合併し、おいらせ町(02412)を新設"
"02404","青森県","上北郡","かみきたぐん","十和田湖町","とわだこまち","1975-04-01","十和田町(02404)が十和田湖町(02404)に名称変更"
"02404","青森県","上北郡","かみきたぐん","十和田町","とわだまち","1975-04-01","十和田町(02404)が十和田湖町(02404)に名称変更"
"02404","青森県","上北郡","かみきたぐん","十和田湖町","とわだこまち","2005-01-01","十和田市(02206)、十和田湖町(02404)が合併し、十和田市を新設"
"02407","青森県","上北郡","かみきたぐん","上北町","かみきたまち","2005-03-31","上北町(02407)、東北町(02408)が合併し、東北町を新設"
"02408","青森県","上北郡","かみきたぐん","東北町","とうほくまち","2005-03-31","上北町(02407)、東北町(02408)が合併し、東北町を新設"
"02409","青森県","上北郡","かみきたぐん","天間林村","てんまばやしむら","2005-03-31","七戸町(02402)、天間林村(02409)が合併し、七戸町を新設"
"02410","青森県","上北郡","かみきたぐん","下田町","しもだまち","2006-03-01","百石町(02403)、下田町(02410)が合併し、おいらせ町(02412)を新設"
"02412","青森県","上北郡","かみきたぐん","おいらせ町","おいらせちょう","2006-03-01","百石町(02403)、下田町(02410)が合併し、おいらせ町(02412)を新設"
"02421","青森県","下北郡","しもきたぐん","川内町","かわうちまち","2005-03-14","川内町(02421)、大畑町(02422)、脇野沢村(02427)がむつ市(02208)に編入"
"02422","青森県","下北郡","しもきたぐん","大畑町","おおはたまち","2005-03-14","川内町(02421)、大畑町(02422)、脇野沢村(02427)がむつ市(02208)に編入"
"02427","青森県","下北郡","しもきたぐん","脇野沢村","わきのさわむら","2005-03-14","川内町(02421)、大畑町(02422)、脇野沢村(02427)がむつ市(02208)に編入"
"02442","青森県","三戸郡","さんのへぐん","五戸町","ごのへまち","2004-07-01","倉石村(02449)が五戸町(02442)に編入"
"02444","青森県","三戸郡","さんのへぐん","名川町","ながわまち","2006-01-01","名川町(02444)、南部町(02445)、福地村(02447)が合併し、南部町を新設"
"02445","青森県","三戸郡","さんのへぐん","南部町","なんぶちょう","2006-01-01","名川町(02444)、南部町(02445)、福地村(02447)が合併し、南部町を新設"
"02446","青森県","三戸郡","さんのへぐん","階上村","はしかみむら","1980-05-01","階上村(02446)が階上町(02446)に町制施行"
"02446","青森県","三戸郡","さんのへぐん","階上町","はしかみちょう","1980-05-01","階上村(02446)が階上町(02446)に町制施行"
"02447","青森県","三戸郡","さんのへぐん","福地村","ふくちむら","2006-01-01","名川町(02444)、南部町(02445)、福地村(02447)が合併し、南部町を新設"
"02448","青森県","三戸郡","さんのへぐん","南郷村","なんごうむら","2005-03-31","南郷村(02448)が八戸市(02203)に編入"
"02449","青森県","三戸郡","さんのへぐん","倉石村","くらいしむら","2004-07-01","倉石村(02449)が五戸町(02442)に編入"
"03201","岩手県","","","盛岡市","もりおかし","1992-04-01","都南村(03323)が盛岡市(03201)に編入"
"03201","岩手県","","","盛岡市","もりおかし","2000-11-01","盛岡市(03201)が特例市に移行"
"03201","岩手県","","","盛岡市","もりおかし","2006-01-10","玉山村(03307)が盛岡市(03201)に編入"
"03201","岩手県","","","盛岡市","もりおかし","2008-04-01","盛岡市(03201)が特例市から中核市に移行"
"03202","岩手県","","","宮古市","みやこし","2005-06-06","宮古市(03202)、田老町(03481)、新里村(03486)が合併し、宮古市を新設"
"03202","岩手県","","","宮古市","みやこし","2010-01-01","川井村(03487)が宮古市(03202)に編入"
"03203","岩手県","","","大船渡市","おおふなとし","2001-11-15","三陸町(03442)が大船渡市(03203)に編入"
"03204","岩手県","","","水沢市","みずさわし","2006-02-20","水沢市(03204)、江刺市(03212)、前沢町(03382)、胆沢町(03383)、衣川村(03384)が合併し、奥州市(03215)を新設"
"03205","岩手県","","","花巻市","はなまきし","2006-01-01","花巻市(03205)、大迫町(03341)、石鳥谷町(03342)、東和町(03361)が合併し、花巻市を新設
稗貫郡(03340)の廃止"
"03206","岩手県","","","北上市","きたかみし","1991-04-01","北上市(03206)、和賀町(03362)、江釣子村(03364)が合併し、北上市を新設"
"03207","岩手県","","","久慈市","くじし","2006-03-06","久慈市(03207)、山形村(03504)が合併し、久慈市を新設"
"03208","岩手県","","","遠野市","とおのし","2005-10-01","遠野市(03208)、宮守村(03462)が合併し、遠野市を新設"
"03209","岩手県","","","一関市","いちのせきし","2005-09-20","一関市(03209)、花泉町(03401)、大東町(03421)、千厩町(03423)、東山町(03424)、室根村(03425)、川崎村(03426)が合併し、一関市を新設"
"03209","岩手県","","","一関市","いちのせきし","2011-09-26","藤沢町(03422)が一関市(03209)に編入
東磐井郡(03420)の廃止"
"03212","岩手県","","","江刺市","えさしし","2006-02-20","水沢市(03204)、江刺市(03212)、前沢町(03382)、胆沢町(03383)、衣川村(03384)が合併し、奥州市(03215)を新設"
"03213","岩手県","","","二戸市","にのへし","1972-04-01","福岡町(03522)、金田一村(03525)が合併し、二戸市(03213)を新設"
"03213","岩手県","","","二戸市","にのへし","2006-01-01","二戸市(03213)、浄法寺町(03521)が合併し、二戸市を新設"
"03214","岩手県","","","八幡平市","はちまんたいし","2005-09-01","西根町(03304)、松尾村(03306)、安代町(03308)が合併し、八幡平市(03214)を新設"
"03215","岩手県","","","奥州市","おうしゅうし","2006-02-20","水沢市(03204)、江刺市(03212)、前沢町(03382)、胆沢町(03383)、衣川村(03384)が合併し、奥州市(03215)を新設"
"03216","岩手県","","","滝沢市","たきざわし","2014-01-01","滝沢村(03305)が滝沢市(03216)に市制施行"
"03304","岩手県","岩手郡","いわてぐん","西根町","にしねちょう","2005-09-01","西根町(03304)、松尾村(03306)、安代町(03308)が合併し、八幡平市(03214)を新設"
"03305","岩手県","岩手郡","いわてぐん","滝沢村","たきざわむら","2014-01-01","滝沢村(03305)が滝沢市(03216)に市制施行"
"03306","岩手県","岩手郡","いわてぐん","松尾村","まつおむら","2005-09-01","西根町(03304)、松尾村(03306)、安代町(03308)が合併し、八幡平市(03214)を新設"
"03307","岩手県","岩手郡","いわてぐん","玉山村","たまやまむら","2006-01-10","玉山村(03307)が盛岡市(03201)に編入"
"03308","岩手県","岩手郡","いわてぐん","安代町","あしろちょう","2002-04-01","二戸郡安代町(03523)が岩手郡安代町(03308)に郡の区域変更"
"03308","岩手県","岩手郡","いわてぐん","安代町","あしろちょう","2005-09-01","西根町(03304)、松尾村(03306)、安代町(03308)が合併し、八幡平市(03214)を新設"
"03323","岩手県","紫波郡","しわぐん","都南村","となんむら","1992-04-01","都南村(03323)が盛岡市(03201)に編入"
"03341","岩手県","稗貫郡","ひえぬきぐん","大迫町","おおはさままち","2006-01-01","花巻市(03205)、大迫町(03341)、石鳥谷町(03342)、東和町(03361)が合併し、花巻市を新設
稗貫郡(03340)の廃止"
"03342","岩手県","稗貫郡","ひえぬきぐん","石鳥谷町","いしどりやちょう","2006-01-01","花巻市(03205)、大迫町(03341)、石鳥谷町(03342)、東和町(03361)が合併し、花巻市を新設
稗貫郡(03340)の廃止"
"03361","岩手県","和賀郡","わがぐん","東和町","とうわちょう","2006-01-01","花巻市(03205)、大迫町(03341)、石鳥谷町(03342)、東和町(03361)が合併し、花巻市を新設
稗貫郡(03340)の廃止"
"03362","岩手県","和賀郡","わがぐん","和賀町","わがちょう","1991-04-01","北上市(03206)、和賀町(03362)、江釣子村(03364)が合併し、北上市を新設"
"03363","岩手県","和賀郡","わがぐん","湯田町","ゆだまち","2005-11-01","湯田町(03363)、沢内村(03365)が合併し、西和賀町(03366)を新設"
"03364","岩手県","和賀郡","わがぐん","江釣子村","えづりこむら","1991-04-01","北上市(03206)、和賀町(03362)、江釣子村(03364)が合併し、北上市を新設"
"03365","岩手県","和賀郡","わがぐん","沢内村","さわうちむら","2005-11-01","湯田町(03363)、沢内村(03365)が合併し、西和賀町(03366)を新設"
"03366","岩手県","和賀郡","わがぐん","西和賀町","にしわがまち","2005-11-01","湯田町(03363)、沢内村(03365)が合併し、西和賀町(03366)を新設"
"03382","岩手県","胆沢郡","いさわぐん","前沢町","まえさわちょう","2006-02-20","水沢市(03204)、江刺市(03212)、前沢町(03382)、胆沢町(03383)、衣川村(03384)が合併し、奥州市(03215)を新設"
"03383","岩手県","胆沢郡","いさわぐん","胆沢町","いさわちょう","2006-02-20","水沢市(03204)、江刺市(03212)、前沢町(03382)、胆沢町(03383)、衣川村(03384)が合併し、奥州市(03215)を新設"
"03384","岩手県","胆沢郡","いさわぐん","衣川村","ころもがわむら","2006-02-20","水沢市(03204)、江刺市(03212)、前沢町(03382)、胆沢町(03383)、衣川村(03384)が合併し、奥州市(03215)を新設"
"03401","岩手県","西磐井郡","にしいわいぐん","花泉町","はないずみまち","2005-09-20","一関市(03209)、花泉町(03401)、大東町(03421)、千厩町(03423)、東山町(03424)、室根村(03425)、川崎村(03426)が合併し、一関市を新設"
"03421","岩手県","東磐井郡","ひがしいわいぐん","大東町","だいとうちょう","2005-09-20","一関市(03209)、花泉町(03401)、大東町(03421)、千厩町(03423)、東山町(03424)、室根村(03425)、川崎村(03426)が合併し、一関市を新設"
"03422","岩手県","東磐井郡","ひがしいわいぐん","藤沢町","ふじさわちょう","2011-09-26","藤沢町(03422)が一関市(03209)に編入
東磐井郡(03420)の廃止"
"03423","岩手県","東磐井郡","ひがしいわいぐん","千厩町","せんまやちょう","2005-09-20","一関市(03209)、花泉町(03401)、大東町(03421)、千厩町(03423)、東山町(03424)、室根村(03425)、川崎村(03426)が合併し、一関市を新設"
"03424","岩手県","東磐井郡","ひがしいわいぐん","東山町","ひがしやまちょう","2005-09-20","一関市(03209)、花泉町(03401)、大東町(03421)、千厩町(03423)、東山町(03424)、室根村(03425)、川崎村(03426)が合併し、一関市を新設"
"03425","岩手県","東磐井郡","ひがしいわいぐん","室根村","むろねむら","2005-09-20","一関市(03209)、花泉町(03401)、大東町(03421)、千厩町(03423)、東山町(03424)、室根村(03425)、川崎村(03426)が合併し、一関市を新設"
"03426","岩手県","東磐井郡","ひがしいわいぐん","川崎村","かわさきむら","2005-09-20","一関市(03209)、花泉町(03401)、大東町(03421)、千厩町(03423)、東山町(03424)、室根村(03425)、川崎村(03426)が合併し、一関市を新設"
"03442","岩手県","気仙郡","けせんぐん","三陸町","さんりくちょう","2001-11-15","三陸町(03442)が大船渡市(03203)に編入"
"03462","岩手県","上閉伊郡","かみへいぐん","宮守村","みやもりむら","2005-10-01","遠野市(03208)、宮守村(03462)が合併し、遠野市を新設"
"03481","岩手県","下閉伊郡","しもへいぐん","田老町","たろうちょう","2005-06-06","宮古市(03202)、田老町(03481)、新里村(03486)が合併し、宮古市を新設"
"03486","岩手県","下閉伊郡","しもへいぐん","新里村","にいさとむら","2005-06-06","宮古市(03202)、田老町(03481)、新里村(03486)が合併し、宮古市を新設"
"03487","岩手県","下閉伊郡","しもへいぐん","川井村","かわいむら","2010-01-01","川井村(03487)が宮古市(03202)に編入"
"03502","岩手県","九戸郡","くのへぐん","種市町","たねいちまち","2006-01-01","種市町(03502)、大野村(03505)が合併し、洋野町(03507)を新設"
"03504","岩手県","九戸郡","くのへぐん","山形村","やまがたむら","2006-03-06","久慈市(03207)、山形村(03504)が合併し、久慈市を新設"
"03505","岩手県","九戸郡","くのへぐん","大野村","おおのむら","2006-01-01","種市町(03502)、大野村(03505)が合併し、洋野町(03507)を新設"
"03507","岩手県","九戸郡","くのへぐん","洋野町","ひろのちょう","2006-01-01","種市町(03502)、大野村(03505)が合併し、洋野町(03507)を新設"
"03521","岩手県","二戸郡","にのへぐん","浄法寺町","じょうぼうじまち","2006-01-01","二戸市(03213)、浄法寺町(03521)が合併し、二戸市を新設"
"03522","岩手県","二戸郡","にのへぐん","福岡町","ふくおかまち","1972-04-01","福岡町(03522)、金田一村(03525)が合併し、二戸市(03213)を新設"
"03523","岩手県","二戸郡","にのへぐん","安代町","あしろちょう","2002-04-01","二戸郡安代町(03523)が岩手郡安代町(03308)に郡の区域変更"
"03525","岩手県","二戸郡","にのへぐん","金田一村","きんたいちむら","1972-04-01","福岡町(03522)、金田一村(03525)が合併し、二戸市(03213)を新設"
"04100","宮城県","仙台市","せんだいし","","","1989-04-01","仙台市(04201)の仙台市(04100)への政令指定都市施行
青葉区(04101)、宮城野区(04102)、若林区(04103)、太白区(04104)、泉区(04105)の新設"
"04101","宮城県","仙台市","せんだいし","青葉区","あおばく","1989-04-01","仙台市(04201)の仙台市(04100)への政令指定都市施行
青葉区(04101)、宮城野区(04102)、若林区(04103)、太白区(04104)、泉区(04105)の新設"
"04102","宮城県","仙台市","せんだいし","宮城野区","みやぎのく","1989-04-01","仙台市(04201)の仙台市(04100)への政令指定都市施行
青葉区(04101)、宮城野区(04102)、若林区(04103)、太白区(04104)、泉区(04105)の新設"
"04103","宮城県","仙台市","せんだいし","若林区","わかばやしく","1989-04-01","仙台市(04201)の仙台市(04100)への政令指定都市施行
青葉区(04101)、宮城野区(04102)、若林区(04103)、太白区(04104)、泉区(04105)の新設"
"04104","宮城県","仙台市","せんだいし","太白区","たいはくく","1989-04-01","仙台市(04201)の仙台市(04100)への政令指定都市施行
青葉区(04101)、宮城野区(04102)、若林区(04103)、太白区(04104)、泉区(04105)の新設"
"04105","宮城県","仙台市","せんだいし","泉区","いずみく","1989-04-01","仙台市(04201)の仙台市(04100)への政令指定都市施行
青葉区(04101)、宮城野区(04102)、若林区(04103)、太白区(04104)、泉区(04105)の新設"
"04201","宮城県","","","仙台市","せんだいし","1987-11-01","宮城町(04405)が仙台市(04201)に編入"
"04201","宮城県","","","仙台市","せんだいし","1988-03-01","泉市(04210)が仙台市(04201)に編入"
"04201","宮城県","","","仙台市","せんだいし","1988-03-01","秋保町(04382)が仙台市(04201)に編入
名取郡(04380)の廃止"
"04201","宮城県","","","仙台市","せんだいし","1989-04-01","仙台市(04201)の仙台市(04100)への政令指定都市施行
青葉区(04101)、宮城野区(04102)、若林区(04103)、太白区(04104)、泉区(04105)の新設"
"04202","宮城県","","","石巻市","いしのまきし","2005-04-01","石巻市(04202)、河北町(04561)、雄勝町(04563)、河南町(04564)、桃生町(04565)、北上町(04567)、牡鹿町(04582)が合併し、石巻市を新設
桃生郡(04560)の廃止"
"04204","宮城県","","","古川市","ふるかわし","2006-03-31","古川市(04204)、松山町(04461)、三本木町(04462)、鹿島台町(04463)、岩出山町(04481)、鳴子町(04482)、田尻町(04502)が合併し、大崎市(04215)を新設
志田郡(04460)の廃止
玉造郡(04480)の廃止"
"04205","宮城県","","","気仙沼市","けせんぬまし","2006-03-31","気仙沼市(04205)、唐桑町(04604)が合併し、気仙沼市を新設"
"04205","宮城県","","","気仙沼市","けせんぬまし","2009-09-01","本吉町(04603)が気仙沼市(04205)に編入"
"04209","宮城県","","","多賀城市","たがじょうし","1971-11-01","多賀城町(04402)が多賀城市(04209)に市制施行"
"04210","宮城県","","","泉市","いずみし","1971-11-01","泉町(04403)が泉市(04210)に市制施行"
"04210","宮城県","","","泉市","いずみし","1988-03-01","泉市(04210)が仙台市(04201)に編入"
"04211","宮城県","","","岩沼市","いわぬまし","1971-11-01","岩沼町(04381)が岩沼市(04211)に市制施行"
"04212","宮城県","","","登米市","とめし","2005-04-01","迫町(04541)、登米町(04542)、東和町(04543)、中田町(04544)、豊里町(04545)、米山町(04546)、石越町(04547)、南方町(04548)、津山町(04602)が合併し、登米市(04212)を新設
登米郡(04540)の廃止"
"04213","宮城県","","","栗原市","くりはらし","2005-04-01","築館町(04521)、若柳町(04522)、栗駒町(04523)、高清水町(04524)、一迫町(04525)、瀬峰町(04526)、鶯沢町(04527)、金成町(04528)、志波姫町(04529)、花山村(04530)が合併し、栗原市(04213)を新設
栗原郡(04520)の廃止"
"04214","宮城県","","","東松島市","ひがしまつしまし","2005-04-01","矢本町(04562)、鳴瀬町(04566)が合併し、東松島市(04214)を新設"
"04215","宮城県","","","大崎市","おおさきし","2006-03-31","古川市(04204)、松山町(04461)、三本木町(04462)、鹿島台町(04463)、岩出山町(04481)、鳴子町(04482)、田尻町(04502)が合併し、大崎市(04215)を新設
志田郡(04460)の廃止
玉造郡(04480)の廃止"
"04216","宮城県","","","富谷市","とみやし","2016-10-10","富谷町(04423)が富谷市(04216)に市制施行"
"04381","宮城県","名取郡","なとりぐん","岩沼町","いわぬままち","1971-11-01","岩沼町(04381)が岩沼市(04211)に市制施行"
"04382","宮城県","名取郡","なとりぐん","秋保町","あきうまち","1988-03-01","秋保町(04382)が仙台市(04201)に編入
名取郡(04380)の廃止"
"04402","宮城県","宮城郡","みやぎぐん","多賀城町","たがじょうまち","1971-11-01","多賀城町(04402)が多賀城市(04209)に市制施行"
"04403","宮城県","宮城郡","みやぎぐん","泉町","いずみまち","1971-11-01","泉町(04403)が泉市(04210)に市制施行"
"04405","宮城県","宮城郡","みやぎぐん","宮城町","みやぎまち","1987-11-01","宮城町(04405)が仙台市(04201)に編入"
"04423","宮城県","黒川郡","くろかわぐん","富谷町","とみやまち","2016-10-10","富谷町(04423)が富谷市(04216)に市制施行"
"04441","宮城県","加美郡","かみぐん","中新田町","なかにいだまち","2003-04-01","中新田町(04441)、小野田町(04442)、宮崎町(04443)が合併し、加美町(04445)を新設"
"04442","宮城県","加美郡","かみぐん","小野田町","おのだまち","2003-04-01","中新田町(04441)、小野田町(04442)、宮崎町(04443)が合併し、加美町(04445)を新設"
"04443","宮城県","加美郡","かみぐん","宮崎町","みやざきちょう","2003-04-01","中新田町(04441)、小野田町(04442)、宮崎町(04443)が合併し、加美町(04445)を新設"
"04444","宮城県","加美郡","かみぐん","色麻町","しかまちょう","1978-04-01","色麻村(04444)が色麻町(04444)に町制施行"
"04444","宮城県","加美郡","かみぐん","色麻村","しかまむら","1978-04-01","色麻村(04444)が色麻町(04444)に町制施行"
"04445","宮城県","加美郡","かみぐん","加美町","かみまち","2003-04-01","中新田町(04441)、小野田町(04442)、宮崎町(04443)が合併し、加美町(04445)を新設"
"04461","宮城県","志田郡","しだぐん","松山町","まつやままち","2006-03-31","古川市(04204)、松山町(04461)、三本木町(04462)、鹿島台町(04463)、岩出山町(04481)、鳴子町(04482)、田尻町(04502)が合併し、大崎市(04215)を新設
志田郡(04460)の廃止
玉造郡(04480)の廃止"
"04462","宮城県","志田郡","しだぐん","三本木町","さんぼんぎちょう","2006-03-31","古川市(04204)、松山町(04461)、三本木町(04462)、鹿島台町(04463)、岩出山町(04481)、鳴子町(04482)、田尻町(04502)が合併し、大崎市(04215)を新設
志田郡(04460)の廃止
玉造郡(04480)の廃止"
"04463","宮城県","志田郡","しだぐん","鹿島台町","かしまだいまち","2006-03-31","古川市(04204)、松山町(04461)、三本木町(04462)、鹿島台町(04463)、岩出山町(04481)、鳴子町(04482)、田尻町(04502)が合併し、大崎市(04215)を新設
志田郡(04460)の廃止
玉造郡(04480)の廃止"
"04481","宮城県","玉造郡","たまつくりぐん","岩出山町","いわでやままち","2006-03-31","古川市(04204)、松山町(04461)、三本木町(04462)、鹿島台町(04463)、岩出山町(04481)、鳴子町(04482)、田尻町(04502)が合併し、大崎市(04215)を新設
志田郡(04460)の廃止
玉造郡(04480)の廃止"
"04482","宮城県","玉造郡","たまつくりぐん","鳴子町","なるこちょう","2006-03-31","古川市(04204)、松山町(04461)、三本木町(04462)、鹿島台町(04463)、岩出山町(04481)、鳴子町(04482)、田尻町(04502)が合併し、大崎市(04215)を新設
志田郡(04460)の廃止
玉造郡(04480)の廃止"
"04502","宮城県","遠田郡","とおだぐん","田尻町","たじりちょう","2006-03-31","古川市(04204)、松山町(04461)、三本木町(04462)、鹿島台町(04463)、岩出山町(04481)、鳴子町(04482)、田尻町(04502)が合併し、大崎市(04215)を新設
志田郡(04460)の廃止
玉造郡(04480)の廃止"
"04503","宮城県","遠田郡","とおだぐん","小牛田町","こごたちょう","2006-01-01","小牛田町(04503)、南郷町(04504)が合併し、美里町(04505)を新設"
"04504","宮城県","遠田郡","とおだぐん","南郷町","なんごうちょう","2006-01-01","小牛田町(04503)、南郷町(04504)が合併し、美里町(04505)を新設"
"04505","宮城県","遠田郡","とおだぐん","美里町","みさとまち","2006-01-01","小牛田町(04503)、南郷町(04504)が合併し、美里町(04505)を新設"
"04521","宮城県","栗原郡","くりはらぐん","築館町","つきだてちょう","2005-04-01","築館町(04521)、若柳町(04522)、栗駒町(04523)、高清水町(04524)、一迫町(04525)、瀬峰町(04526)、鶯沢町(04527)、金成町(04528)、志波姫町(04529)、花山村(04530)が合併し、栗原市(04213)を新設
栗原郡(04520)の廃止"
"04522","宮城県","栗原郡","くりはらぐん","若柳町","わかやなぎちょう","2005-04-01","築館町(04521)、若柳町(04522)、栗駒町(04523)、高清水町(04524)、一迫町(04525)、瀬峰町(04526)、鶯沢町(04527)、金成町(04528)、志波姫町(04529)、花山村(04530)が合併し、栗原市(04213)を新設
栗原郡(04520)の廃止"
"04523","宮城県","栗原郡","くりはらぐん","栗駒町","くりこままち","2005-04-01","築館町(04521)、若柳町(04522)、栗駒町(04523)、高清水町(04524)、一迫町(04525)、瀬峰町(04526)、鶯沢町(04527)、金成町(04528)、志波姫町(04529)、花山村(04530)が合併し、栗原市(04213)を新設
栗原郡(04520)の廃止"
"04524","宮城県","栗原郡","くりはらぐん","高清水町","たかしみずまち","2005-04-01","築館町(04521)、若柳町(04522)、栗駒町(04523)、高清水町(04524)、一迫町(04525)、瀬峰町(04526)、鶯沢町(04527)、金成町(04528)、志波姫町(04529)、花山村(04530)が合併し、栗原市(04213)を新設
栗原郡(04520)の廃止"
"04525","宮城県","栗原郡","くりはらぐん","一迫町","いちはさまちょう","2005-04-01","築館町(04521)、若柳町(04522)、栗駒町(04523)、高清水町(04524)、一迫町(04525)、瀬峰町(04526)、鶯沢町(04527)、金成町(04528)、志波姫町(04529)、花山村(04530)が合併し、栗原市(04213)を新設
栗原郡(04520)の廃止"
"04526","宮城県","栗原郡","くりはらぐん","瀬峰町","せみねちょう","2005-04-01","築館町(04521)、若柳町(04522)、栗駒町(04523)、高清水町(04524)、一迫町(04525)、瀬峰町(04526)、鶯沢町(04527)、金成町(04528)、志波姫町(04529)、花山村(04530)が合併し、栗原市(04213)を新設
栗原郡(04520)の廃止"
"04527","宮城県","栗原郡","くりはらぐん","鶯沢町","うぐいすざわちょう","2005-04-01","築館町(04521)、若柳町(04522)、栗駒町(04523)、高清水町(04524)、一迫町(04525)、瀬峰町(04526)、鶯沢町(04527)、金成町(04528)、志波姫町(04529)、花山村(04530)が合併し、栗原市(04213)を新設
栗原郡(04520)の廃止"
"04528","宮城県","栗原郡","くりはらぐん","金成町","かんなりちょう","2005-04-01","築館町(04521)、若柳町(04522)、栗駒町(04523)、高清水町(04524)、一迫町(04525)、瀬峰町(04526)、鶯沢町(04527)、金成町(04528)、志波姫町(04529)、花山村(04530)が合併し、栗原市(04213)を新設
栗原郡(04520)の廃止"
"04529","宮城県","栗原郡","くりはらぐん","志波姫町","しわひめちょう","2005-04-01","築館町(04521)、若柳町(04522)、栗駒町(04523)、高清水町(04524)、一迫町(04525)、瀬峰町(04526)、鶯沢町(04527)、金成町(04528)、志波姫町(04529)、花山村(04530)が合併し、栗原市(04213)を新設
栗原郡(04520)の廃止"
"04530","宮城県","栗原郡","くりはらぐん","花山村","はなやまむら","2005-04-01","築館町(04521)、若柳町(04522)、栗駒町(04523)、高清水町(04524)、一迫町(04525)、瀬峰町(04526)、鶯沢町(04527)、金成町(04528)、志波姫町(04529)、花山村(04530)が合併し、栗原市(04213)を新設
栗原郡(04520)の廃止"
"04541","宮城県","登米郡","とめぐん","迫町","はさまちょう","2005-04-01","迫町(04541)、登米町(04542)、東和町(04543)、中田町(04544)、豊里町(04545)、米山町(04546)、石越町(04547)、南方町(04548)、津山町(04602)が合併し、登米市(04212)を新設
登米郡(04540)の廃止"
"04542","宮城県","登米郡","とめぐん","登米町","とよままち","2005-04-01","迫町(04541)、登米町(04542)、東和町(04543)、中田町(04544)、豊里町(04545)、米山町(04546)、石越町(04547)、南方町(04548)、津山町(04602)が合併し、登米市(04212)を新設
登米郡(04540)の廃止"
"04543","宮城県","登米郡","とめぐん","東和町","とうわちょう","2005-04-01","迫町(04541)、登米町(04542)、東和町(04543)、中田町(04544)、豊里町(04545)、米山町(04546)、石越町(04547)、南方町(04548)、津山町(04602)が合併し、登米市(04212)を新設
登米郡(04540)の廃止"
"04544","宮城県","登米郡","とめぐん","中田町","なかだちょう","2005-04-01","迫町(04541)、登米町(04542)、東和町(04543)、中田町(04544)、豊里町(04545)、米山町(04546)、石越町(04547)、南方町(04548)、津山町(04602)が合併し、登米市(04212)を新設
登米郡(04540)の廃止"
"04545","宮城県","登米郡","とめぐん","豊里町","とよさとちょう","2005-04-01","迫町(04541)、登米町(04542)、東和町(04543)、中田町(04544)、豊里町(04545)、米山町(04546)、石越町(04547)、南方町(04548)、津山町(04602)が合併し、登米市(04212)を新設
登米郡(04540)の廃止"
"04546","宮城県","登米郡","とめぐん","米山町","よねやまちょう","2005-04-01","迫町(04541)、登米町(04542)、東和町(04543)、中田町(04544)、豊里町(04545)、米山町(04546)、石越町(04547)、南方町(04548)、津山町(04602)が合併し、登米市(04212)を新設
登米郡(04540)の廃止"
"04547","宮城県","登米郡","とめぐん","石越町","いしこしまち","2005-04-01","迫町(04541)、登米町(04542)、東和町(04543)、中田町(04544)、豊里町(04545)、米山町(04546)、石越町(04547)、南方町(04548)、津山町(04602)が合併し、登米市(04212)を新設
登米郡(04540)の廃止"
"04548","宮城県","登米郡","とめぐん","南方町","みなみかたまち","2005-04-01","迫町(04541)、登米町(04542)、東和町(04543)、中田町(04544)、豊里町(04545)、米山町(04546)、石越町(04547)、南方町(04548)、津山町(04602)が合併し、登米市(04212)を新設
登米郡(04540)の廃止"
"04561","宮城県","桃生郡","ものうぐん","河北町","かほくちょう","2005-04-01","石巻市(04202)、河北町(04561)、雄勝町(04563)、河南町(04564)、桃生町(04565)、北上町(04567)、牡鹿町(04582)が合併し、石巻市を新設
桃生郡(04560)の廃止"
"04562","宮城県","桃生郡","ものうぐん","矢本町","やもとちょう","2005-04-01","矢本町(04562)、鳴瀬町(04566)が合併し、東松島市(04214)を新設"
"04563","宮城県","桃生郡","ものうぐん","雄勝町","おがつちょう","2005-04-01","石巻市(04202)、河北町(04561)、雄勝町(04563)、河南町(04564)、桃生町(04565)、北上町(04567)、牡鹿町(04582)が合併し、石巻市を新設
桃生郡(04560)の廃止"
"04564","宮城県","桃生郡","ものうぐん","河南町","かなんちょう","2005-04-01","石巻市(04202)、河北町(04561)、雄勝町(04563)、河南町(04564)、桃生町(04565)、北上町(04567)、牡鹿町(04582)が合併し、石巻市を新設
桃生郡(04560)の廃止"
"04565","宮城県","桃生郡","ものうぐん","桃生町","ものうちょう","2005-04-01","石巻市(04202)、河北町(04561)、雄勝町(04563)、河南町(04564)、桃生町(04565)、北上町(04567)、牡鹿町(04582)が合併し、石巻市を新設
桃生郡(04560)の廃止"
"04566","宮城県","桃生郡","ものうぐん","鳴瀬町","なるせちょう","2005-04-01","矢本町(04562)、鳴瀬町(04566)が合併し、東松島市(04214)を新設"
"04567","宮城県","桃生郡","ものうぐん","北上町","きたかみまち","2005-04-01","石巻市(04202)、河北町(04561)、雄勝町(04563)、河南町(04564)、桃生町(04565)、北上町(04567)、牡鹿町(04582)が合併し、石巻市を新設
桃生郡(04560)の廃止"
"04582","宮城県","牡鹿郡","おしかぐん","牡鹿町","おしかちょう","2005-04-01","石巻市(04202)、河北町(04561)、雄勝町(04563)、河南町(04564)、桃生町(04565)、北上町(04567)、牡鹿町(04582)が合併し、石巻市を新設
桃生郡(04560)の廃止"
"04601","宮城県","本吉郡","もとよしぐん","志津川町","しづがわちょう","2005-10-01","志津川町(04601)、歌津町(04605)が合併し、南三陸町(04606)を新設"
"04602","宮城県","本吉郡","もとよしぐん","津山町","つやまちょう","2005-04-01","迫町(04541)、登米町(04542)、東和町(04543)、中田町(04544)、豊里町(04545)、米山町(04546)、石越町(04547)、南方町(04548)、津山町(04602)が合併し、登米市(04212)を新設
登米郡(04540)の廃止"
"04603","宮城県","本吉郡","もとよしぐん","本吉町","もとよしちょう","2009-09-01","本吉町(04603)が気仙沼市(04205)に編入"
"04604","宮城県","本吉郡","もとよしぐん","唐桑町","からくわちょう","2006-03-31","気仙沼市(04205)、唐桑町(04604)が合併し、気仙沼市を新設"
"04605","宮城県","本吉郡","もとよしぐん","歌津町","うたつちょう","2005-10-01","志津川町(04601)、歌津町(04605)が合併し、南三陸町(04606)を新設"
"04606","宮城県","本吉郡","もとよしぐん","南三陸町","みなみさんりくちょう","2005-10-01","志津川町(04601)、歌津町(04605)が合併し、南三陸町(04606)を新設"
"05201","秋田県","","","秋田市","あきたし","1997-04-01","秋田市(05201)が中核市に移行"
"05201","秋田県","","","秋田市","あきたし","2005-01-11","河辺町(05381)、雄和町(05382)が秋田市(05201)に編入
河辺郡(05380)の廃止"
"05202","秋田県","","","能代市","のしろし","2006-03-21","能代市(05202)、二ツ井町(05342)が合併し、能代市を新設"
"05203","秋田県","","","横手市","よこてし","2005-10-01","横手市(05203)、増田町(05441)、平鹿町(05442)、雄物川町(05443)、大森町(05444)、十文字町(05445)、山内村(05446)、大雄村(05447)が合併し、横手市を新設
平鹿郡(05440)の廃止"
"05204","秋田県","","","大館市","おおだてし","2005-06-20","比内町(05322)、田代町(05325)が大館市(05204)に編入"
"05205","秋田県","","","本荘市","ほんじょうし","2005-03-22","本荘市(05205)、矢島町(05404)、岩城町(05405)、由利町(05406)、西目町(05407)、鳥海町(05408)、東由利町(05409)、大内町(05410)が合併し、由利本荘市(05210)を新設"
"05206","秋田県","","","男鹿市","おがし","2005-03-22","男鹿市(05206)、若美町(05367)が合併し、男鹿市を新設"
"05207","秋田県","","","湯沢市","ゆざわし","2005-03-22","湯沢市(05207)、稲川町(05461)、雄勝町(05462)、皆瀬村(05465)が合併し、湯沢市を新設"
"05208","秋田県","","","大曲市","おおまがりし","2005-03-22","大曲市(05208)、神岡町(05421)、西仙北町(05422)、中仙町(05425)、協和町(05427)、南外村(05428)、仙北町(05429)、太田町(05431)が合併し、大仙市(05212)を新設"
"05209","秋田県","","","鹿角市","かづのし","1972-04-01","花輪町(05301)、十和田町(05302)、尾去沢町(05304)、八幡平村(05305)が合併し、鹿角市(05209)を新設"
"05210","秋田県","","","由利本荘市","ゆりほんじょうし","2005-03-22","本荘市(05205)、矢島町(05404)、岩城町(05405)、由利町(05406)、西目町(05407)、鳥海町(05408)、東由利町(05409)、大内町(05410)が合併し、由利本荘市(05210)を新設"
"05211","秋田県","","","潟上市","かたがみし","2005-03-22","昭和町(05362)、飯田川町(05364)、天王町(05365)が合併し、潟上市(05211)を新設"
"05212","秋田県","","","大仙市","だいせんし","2005-03-22","大曲市(05208)、神岡町(05421)、西仙北町(05422)、中仙町(05425)、協和町(05427)、南外村(05428)、仙北町(05429)、太田町(05431)が合併し、大仙市(05212)を新設"
"05213","秋田県","","","北秋田市","きたあきたし","2005-03-22","鷹巣町(05321)、森吉町(05323)、阿仁町(05324)、合川町(05326)が合併し、北秋田市(05213)を新設"
"05214","秋田県","","","にかほ市","にかほし","2005-10-01","仁賀保町(05401)、金浦町(05402)、象潟町(05403)が合併し、にかほ市(05214)を新設
由利郡(05400)の廃止"
"05215","秋田県","","","仙北市","せんぼくし","2005-09-20","角館町(05423)、田沢湖町(05426)、西木村(05430)が合併し、仙北市(05215)を新設"
"05301","秋田県","鹿角郡","かづのぐん","花輪町","はなわまち","1972-04-01","花輪町(05301)、十和田町(05302)、尾去沢町(05304)、八幡平村(05305)が合併し、鹿角市(05209)を新設"
"05302","秋田県","鹿角郡","かづのぐん","十和田町","とわだまち","1972-04-01","花輪町(05301)、十和田町(05302)、尾去沢町(05304)、八幡平村(05305)が合併し、鹿角市(05209)を新設"
"05304","秋田県","鹿角郡","かづのぐん","尾去沢町","おさりざわまち","1972-04-01","花輪町(05301)、十和田町(05302)、尾去沢町(05304)、八幡平村(05305)が合併し、鹿角市(05209)を新設"
"05305","秋田県","鹿角郡","かづのぐん","八幡平村","はちまんたいむら","1972-04-01","花輪町(05301)、十和田町(05302)、尾去沢町(05304)、八幡平村(05305)が合併し、鹿角市(05209)を新設"
"05321","秋田県","北秋田郡","きたあきたぐん","鷹巣町","たかのすまち","2005-03-22","鷹巣町(05321)、森吉町(05323)、阿仁町(05324)、合川町(05326)が合併し、北秋田市(05213)を新設"
"05322","秋田県","北秋田郡","きたあきたぐん","比内町","ひないまち","2005-06-20","比内町(05322)、田代町(05325)が大館市(05204)に編入"
"05323","秋田県","北秋田郡","きたあきたぐん","森吉町","もりよしまち","2005-03-22","鷹巣町(05321)、森吉町(05323)、阿仁町(05324)、合川町(05326)が合併し、北秋田市(05213)を新設"
"05324","秋田県","北秋田郡","きたあきたぐん","阿仁町","あにまち","2005-03-22","鷹巣町(05321)、森吉町(05323)、阿仁町(05324)、合川町(05326)が合併し、北秋田市(05213)を新設"
"05325","秋田県","北秋田郡","きたあきたぐん","田代町","たしろまち","2005-06-20","比内町(05322)、田代町(05325)が大館市(05204)に編入"
"05326","秋田県","北秋田郡","きたあきたぐん","合川町","あいかわまち","2005-03-22","鷹巣町(05321)、森吉町(05323)、阿仁町(05324)、合川町(05326)が合併し、北秋田市(05213)を新設"
"05341","秋田県","山本郡","やまもとぐん","琴丘町","ことおかまち","2006-03-20","琴丘町(05341)、山本町(05344)、八竜町(05345)が合併し、三種町(05348)を新設"
"05342","秋田県","山本郡","やまもとぐん","二ツ井町","ふたついまち","2006-03-21","能代市(05202)、二ツ井町(05342)が合併し、能代市を新設"
"05343","秋田県","山本郡","やまもとぐん","八森町","はちもりまち","2006-03-27","八森町(05343)、峰浜村(05347)が合併し、八峰町(05349)を新設"
"05344","秋田県","山本郡","やまもとぐん","山本町","やまもとまち","2006-03-20","琴丘町(05341)、山本町(05344)、八竜町(05345)が合併し、三種町(05348)を新設"
"05345","秋田県","山本郡","やまもとぐん","八竜町","はちりゅうまち","2006-03-20","琴丘町(05341)、山本町(05344)、八竜町(05345)が合併し、三種町(05348)を新設"
"05347","秋田県","山本郡","やまもとぐん","峰浜村","みねはまむら","2006-03-27","八森町(05343)、峰浜村(05347)が合併し、八峰町(05349)を新設"
"05348","秋田県","山本郡","やまもとぐん","三種町","みたねちょう","2006-03-20","琴丘町(05341)、山本町(05344)、八竜町(05345)が合併し、三種町(05348)を新設"
"05349","秋田県","山本郡","やまもとぐん","八峰町","はっぽうちょう","2006-03-27","八森町(05343)、峰浜村(05347)が合併し、八峰町(05349)を新設"
"05362","秋田県","南秋田郡","みなみあきたぐん","昭和町","しょうわまち","2005-03-22","昭和町(05362)、飯田川町(05364)、天王町(05365)が合併し、潟上市(05211)を新設"
"05364","秋田県","南秋田郡","みなみあきたぐん","飯田川町","いいたがわまち","2005-03-22","昭和町(05362)、飯田川町(05364)、天王町(05365)が合併し、潟上市(05211)を新設"
"05365","秋田県","南秋田郡","みなみあきたぐん","天王町","てんのうまち","2005-03-22","昭和町(05362)、飯田川町(05364)、天王町(05365)が合併し、潟上市(05211)を新設"
"05366","秋田県","南秋田郡","みなみあきたぐん","井川村","いかわむら","1974-06-01","井川村(05366)が井川町(05366)に町制施行"
"05366","秋田県","南秋田郡","みなみあきたぐん","井川町","いかわまち","1974-06-01","井川村(05366)が井川町(05366)に町制施行"
"05367","秋田県","南秋田郡","みなみあきたぐん","若美町","わかみまち","1970-11-01","琴浜村(05367)が琴浜町に町制施行し、若美町(05367)に名称変更"
"05367","秋田県","南秋田郡","みなみあきたぐん","琴浜村","ことはまむら","1970-11-01","琴浜村(05367)が琴浜町に町制施行し、若美町(05367)に名称変更"
"05367","秋田県","南秋田郡","みなみあきたぐん","若美町","わかみまち","2005-03-22","男鹿市(05206)、若美町(05367)が合併し、男鹿市を新設"
"05381","秋田県","河辺郡","かわべぐん","河辺町","かわべまち","2005-01-11","河辺町(05381)、雄和町(05382)が秋田市(05201)に編入
河辺郡(05380)の廃止"
"05382","秋田県","河辺郡","かわべぐん","雄和村","ゆうわむら","1972-04-01","雄和村(05382)が雄和町(05382)に町制施行"
"05382","秋田県","河辺郡","かわべぐん","雄和町","ゆうわまち","1972-04-01","雄和村(05382)が雄和町(05382)に町制施行"
"05382","秋田県","河辺郡","かわべぐん","雄和町","ゆうわまち","2005-01-11","河辺町(05381)、雄和町(05382)が秋田市(05201)に編入
河辺郡(05380)の廃止"
"05401","秋田県","由利郡","ゆりぐん","仁賀保町","にかほまち","2005-10-01","仁賀保町(05401)、金浦町(05402)、象潟町(05403)が合併し、にかほ市(05214)を新設
由利郡(05400)の廃止"
"05402","秋田県","由利郡","ゆりぐん","金浦町","このうらまち","2005-10-01","仁賀保町(05401)、金浦町(05402)、象潟町(05403)が合併し、にかほ市(05214)を新設
由利郡(05400)の廃止"
"05403","秋田県","由利郡","ゆりぐん","象潟町","きさかたまち","2005-10-01","仁賀保町(05401)、金浦町(05402)、象潟町(05403)が合併し、にかほ市(05214)を新設
由利郡(05400)の廃止"
"05404","秋田県","由利郡","ゆりぐん","矢島町","やしままち","2005-03-22","本荘市(05205)、矢島町(05404)、岩城町(05405)、由利町(05406)、西目町(05407)、鳥海町(05408)、東由利町(05409)、大内町(05410)が合併し、由利本荘市(05210)を新設"
"05405","秋田県","由利郡","ゆりぐん","岩城町","いわきまち","2005-03-22","本荘市(05205)、矢島町(05404)、岩城町(05405)、由利町(05406)、西目町(05407)、鳥海町(05408)、東由利町(05409)、大内町(05410)が合併し、由利本荘市(05210)を新設"
"05406","秋田県","由利郡","ゆりぐん","由利町","ゆりまち","2005-03-22","本荘市(05205)、矢島町(05404)、岩城町(05405)、由利町(05406)、西目町(05407)、鳥海町(05408)、東由利町(05409)、大内町(05410)が合併し、由利本荘市(05210)を新設"
"05407","秋田県","由利郡","ゆりぐん","西目村","にしめむら","1975-09-01","西目村(05407)が西目町(05407)に町制施行"
"05407","秋田県","由利郡","ゆりぐん","西目町","にしめまち","1975-09-01","西目村(05407)が西目町(05407)に町制施行"
"05407","秋田県","由利郡","ゆりぐん","西目町","にしめまち","2005-03-22","本荘市(05205)、矢島町(05404)、岩城町(05405)、由利町(05406)、西目町(05407)、鳥海町(05408)、東由利町(05409)、大内町(05410)が合併し、由利本荘市(05210)を新設"
"05408","秋田県","由利郡","ゆりぐん","鳥海村","ちょうかいむら","1980-11-01","鳥海村(05408)が鳥海町(05408)に町制施行"
"05408","秋田県","由利郡","ゆりぐん","鳥海町","ちょうかいまち","1980-11-01","鳥海村(05408)が鳥海町(05408)に町制施行"
"05408","秋田県","由利郡","ゆりぐん","鳥海町","ちょうかいまち","2005-03-22","本荘市(05205)、矢島町(05404)、岩城町(05405)、由利町(05406)、西目町(05407)、鳥海町(05408)、東由利町(05409)、大内町(05410)が合併し、由利本荘市(05210)を新設"
"05409","秋田県","由利郡","ゆりぐん","東由利村","ひがしゆりむら","1974-04-01","東由利村(05409)が東由利町(05409)に町制施行"
"05409","秋田県","由利郡","ゆりぐん","東由利町","ひがしゆりまち","1974-04-01","東由利村(05409)が東由利町(05409)に町制施行"
"05409","秋田県","由利郡","ゆりぐん","東由利町","ひがしゆりまち","2005-03-22","本荘市(05205)、矢島町(05404)、岩城町(05405)、由利町(05406)、西目町(05407)、鳥海町(05408)、東由利町(05409)、大内町(05410)が合併し、由利本荘市(05210)を新設"
"05410","秋田県","由利郡","ゆりぐん","大内町","おおうちまち","2005-03-22","本荘市(05205)、矢島町(05404)、岩城町(05405)、由利町(05406)、西目町(05407)、鳥海町(05408)、東由利町(05409)、大内町(05410)が合併し、由利本荘市(05210)を新設"
"05421","秋田県","仙北郡","せんぼくぐん","神岡町","かみおかまち","2005-03-22","大曲市(05208)、神岡町(05421)、西仙北町(05422)、中仙町(05425)、協和町(05427)、南外村(05428)、仙北町(05429)、太田町(05431)が合併し、大仙市(05212)を新設"
"05422","秋田県","仙北郡","せんぼくぐん","西仙北町","にしせんぼくまち","2005-03-22","大曲市(05208)、神岡町(05421)、西仙北町(05422)、中仙町(05425)、協和町(05427)、南外村(05428)、仙北町(05429)、太田町(05431)が合併し、大仙市(05212)を新設"
"05423","秋田県","仙北郡","せんぼくぐん","角館町","かくのだてまち","2005-09-20","角館町(05423)、田沢湖町(05426)、西木村(05430)が合併し、仙北市(05215)を新設"
"05424","秋田県","仙北郡","せんぼくぐん","六郷町","ろくごうまち","2004-11-01","六郷町(05424)、千畑町(05432)、仙南村(05433)が合併し、美郷町(05434)を新設"
"05425","秋田県","仙北郡","せんぼくぐん","中仙町","なかせんまち","2005-03-22","大曲市(05208)、神岡町(05421)、西仙北町(05422)、中仙町(05425)、協和町(05427)、南外村(05428)、仙北町(05429)、太田町(05431)が合併し、大仙市(05212)を新設"
"05426","秋田県","仙北郡","せんぼくぐん","田沢湖町","たざわこまち","2005-09-20","角館町(05423)、田沢湖町(05426)、西木村(05430)が合併し、仙北市(05215)を新設"
"05427","秋田県","仙北郡","せんぼくぐん","協和町","きょうわまち","2005-03-22","大曲市(05208)、神岡町(05421)、西仙北町(05422)、中仙町(05425)、協和町(05427)、南外村(05428)、仙北町(05429)、太田町(05431)が合併し、大仙市(05212)を新設"
"05428","秋田県","仙北郡","せんぼくぐん","南外村","なんがいむら","2005-03-22","大曲市(05208)、神岡町(05421)、西仙北町(05422)、中仙町(05425)、協和町(05427)、南外村(05428)、仙北町(05429)、太田町(05431)が合併し、大仙市(05212)を新設"
"05429","秋田県","仙北郡","せんぼくぐん","仙北町","せんぼくまち","1974-04-01","仙北村(05429)が仙北町(05429)に町制施行"
"05429","秋田県","仙北郡","せんぼくぐん","仙北村","せんぼくむら","1974-04-01","仙北村(05429)が仙北町(05429)に町制施行"
"05429","秋田県","仙北郡","せんぼくぐん","仙北町","せんぼくまち","2005-03-22","大曲市(05208)、神岡町(05421)、西仙北町(05422)、中仙町(05425)、協和町(05427)、南外村(05428)、仙北町(05429)、太田町(05431)が合併し、大仙市(05212)を新設"
"05430","秋田県","仙北郡","せんぼくぐん","西木村","にしきむら","2005-09-20","角館町(05423)、田沢湖町(05426)、西木村(05430)が合併し、仙北市(05215)を新設"
"05431","秋田県","仙北郡","せんぼくぐん","太田町","おおたまち","2005-03-22","大曲市(05208)、神岡町(05421)、西仙北町(05422)、中仙町(05425)、協和町(05427)、南外村(05428)、仙北町(05429)、太田町(05431)が合併し、大仙市(05212)を新設"
"05432","秋田県","仙北郡","せんぼくぐん","千畑町","せんはたまち","1986-03-01","千畑村(05432)が千畑町(05432)に町制施行"
"05432","秋田県","仙北郡","せんぼくぐん","千畑村","せんはたむら","1986-03-01","千畑村(05432)が千畑町(05432)に町制施行"
"05432","秋田県","仙北郡","せんぼくぐん","千畑町","せんはたまち","2004-11-01","六郷町(05424)、千畑町(05432)、仙南村(05433)が合併し、美郷町(05434)を新設"
"05433","秋田県","仙北郡","せんぼくぐん","仙南村","せんなんむら","2004-11-01","六郷町(05424)、千畑町(05432)、仙南村(05433)が合併し、美郷町(05434)を新設"
"05434","秋田県","仙北郡","せんぼくぐん","美郷町","みさとちょう","2004-11-01","六郷町(05424)、千畑町(05432)、仙南村(05433)が合併し、美郷町(05434)を新設"
"05441","秋田県","平鹿郡","ひらかぐん","増田町","ますだまち","2005-10-01","横手市(05203)、増田町(05441)、平鹿町(05442)、雄物川町(05443)、大森町(05444)、十文字町(05445)、山内村(05446)、大雄村(05447)が合併し、横手市を新設
平鹿郡(05440)の廃止"
"05442","秋田県","平鹿郡","ひらかぐん","平鹿町","ひらかまち","2005-10-01","横手市(05203)、増田町(05441)、平鹿町(05442)、雄物川町(05443)、大森町(05444)、十文字町(05445)、山内村(05446)、大雄村(05447)が合併し、横手市を新設
平鹿郡(05440)の廃止"
"05443","秋田県","平鹿郡","ひらかぐん","雄物川町","おものがわまち","2005-10-01","横手市(05203)、増田町(05441)、平鹿町(05442)、雄物川町(05443)、大森町(05444)、十文字町(05445)、山内村(05446)、大雄村(05447)が合併し、横手市を新設
平鹿郡(05440)の廃止"
"05444","秋田県","平鹿郡","ひらかぐん","大森町","おおもりまち","2005-10-01","横手市(05203)、増田町(05441)、平鹿町(05442)、雄物川町(05443)、大森町(05444)、十文字町(05445)、山内村(05446)、大雄村(05447)が合併し、横手市を新設
平鹿郡(05440)の廃止"
"05445","秋田県","平鹿郡","ひらかぐん","十文字町","じゅうもんじまち","2005-10-01","横手市(05203)、増田町(05441)、平鹿町(05442)、雄物川町(05443)、大森町(05444)、十文字町(05445)、山内村(05446)、大雄村(05447)が合併し、横手市を新設
平鹿郡(05440)の廃止"
"05446","秋田県","平鹿郡","ひらかぐん","山内村","さんないむら","2005-10-01","横手市(05203)、増田町(05441)、平鹿町(05442)、雄物川町(05443)、大森町(05444)、十文字町(05445)、山内村(05446)、大雄村(05447)が合併し、横手市を新設
平鹿郡(05440)の廃止"
"05447","秋田県","平鹿郡","ひらかぐん","大雄村","たいゆうむら","2005-10-01","横手市(05203)、増田町(05441)、平鹿町(05442)、雄物川町(05443)、大森町(05444)、十文字町(05445)、山内村(05446)、大雄村(05447)が合併し、横手市を新設
平鹿郡(05440)の廃止"
"05461","秋田県","雄勝郡","おがちぐん","稲川町","いなかわまち","2005-03-22","湯沢市(05207)、稲川町(05461)、雄勝町(05462)、皆瀬村(05465)が合併し、湯沢市を新設"
"05462","秋田県","雄勝郡","おがちぐん","雄勝町","おがちまち","2005-03-22","湯沢市(05207)、稲川町(05461)、雄勝町(05462)、皆瀬村(05465)が合併し、湯沢市を新設"
"05465","秋田県","雄勝郡","おがちぐん","皆瀬村","みなせむら","2005-03-22","湯沢市(05207)、稲川町(05461)、雄勝町(05462)、皆瀬村(05465)が合併し、湯沢市を新設"
"06201","山形県","","","山形市","やまがたし","2001-04-01","山形市(06201)が特例市に移行"
"06201","山形県","","","山形市","やまがたし","2019-04-01","山形市(06201)が特例市から中核市に移行"
"06203","山形県","","","鶴岡市","つるおかし","2005-10-01","鶴岡市(06203)、藤島町(06423)、羽黒町(06424)、櫛引町(06425)、朝日村(06427)、温海町(06441)が合併し、鶴岡市を新設
西田川郡(06440)の廃止"
"06204","山形県","","","酒田市","さかたし","2005-11-01","酒田市(06204)、八幡町(06462)、松山町(06463)、平田町(06464)が合併し、酒田市を新設"
"06421","山形県","東田川郡","ひがしたがわぐん","立川町","たちかわまち","2005-07-01","立川町(06421)、余目町(06422)が合併し、庄内町(06428)を新設"
"06422","山形県","東田川郡","ひがしたがわぐん","余目町","あまるめまち","2005-07-01","立川町(06421)、余目町(06422)が合併し、庄内町(06428)を新設"
"06423","山形県","東田川郡","ひがしたがわぐん","藤島町","ふじしままち","2005-10-01","鶴岡市(06203)、藤島町(06423)、羽黒町(06424)、櫛引町(06425)、朝日村(06427)、温海町(06441)が合併し、鶴岡市を新設
西田川郡(06440)の廃止"
"06424","山形県","東田川郡","ひがしたがわぐん","羽黒町","はぐろまち","2005-10-01","鶴岡市(06203)、藤島町(06423)、羽黒町(06424)、櫛引町(06425)、朝日村(06427)、温海町(06441)が合併し、鶴岡市を新設
西田川郡(06440)の廃止"
"06425","山形県","東田川郡","ひがしたがわぐん","櫛引町","くしびきまち","2005-10-01","鶴岡市(06203)、藤島町(06423)、羽黒町(06424)、櫛引町(06425)、朝日村(06427)、温海町(06441)が合併し、鶴岡市を新設
西田川郡(06440)の廃止"
"06427","山形県","東田川郡","ひがしたがわぐん","朝日村","あさひむら","2005-10-01","鶴岡市(06203)、藤島町(06423)、羽黒町(06424)、櫛引町(06425)、朝日村(06427)、温海町(06441)が合併し、鶴岡市を新設
西田川郡(06440)の廃止"
"06428","山形県","東田川郡","ひがしたがわぐん","庄内町","しょうないまち","2005-07-01","立川町(06421)、余目町(06422)が合併し、庄内町(06428)を新設"
"06441","山形県","西田川郡","にしたがわぐん","温海町","あつみまち","2005-10-01","鶴岡市(06203)、藤島町(06423)、羽黒町(06424)、櫛引町(06425)、朝日村(06427)、温海町(06441)が合併し、鶴岡市を新設
西田川郡(06440)の廃止"
"06462","山形県","飽海郡","あくみぐん","八幡町","やわたまち","2005-11-01","酒田市(06204)、八幡町(06462)、松山町(06463)、平田町(06464)が合併し、酒田市を新設"
"06463","山形県","飽海郡","あくみぐん","松山町","まつやままち","2005-11-01","酒田市(06204)、八幡町(06462)、松山町(06463)、平田町(06464)が合併し、酒田市を新設"
"06464","山形県","飽海郡","あくみぐん","平田町","ひらたまち","2005-11-01","酒田市(06204)、八幡町(06462)、松山町(06463)、平田町(06464)が合併し、酒田市を新設"
"07201","福島県","","","福島市","ふくしまし","2008-07-01","飯野町(07309)が福島市(07201)に編入"
"07201","福島県","","","福島市","ふくしまし","2018-04-01","福島市(07201)が中核市に移行"
"07202","福島県","","","会津若松市","あいづわかまつし","2004-11-01","北会津村(07381)が会津若松市(07202)に編入
北会津郡(07380)の廃止"
"07202","福島県","","","会津若松市","あいづわかまつし","2005-11-01","河東町(07424)が会津若松市(07202)に編入"
"07203","福島県","","","郡山市","こおりやまし","1997-04-01","郡山市(07203)が中核市に移行"
"07204","福島県","","","いわき市","いわきし","1999-04-01","いわき市(07204)が中核市に移行"
"07205","福島県","","","白河市","しらかわし","2005-11-07","白河市(07205)、表郷村(07462)、東村(07463)、大信村(07467)が合併し、白河市を新設"
"07206","福島県","","","原町市","はらまちし","2006-01-01","原町市(07206)、鹿島町(07562)、小高町(07563)が合併し、南相馬市(07212)を新設"
"07207","福島県","","","須賀川市","すかがわし","2005-04-01","長沼町(07341)が須賀川市(07207)に編入"
"07207","福島県","","","須賀川市","すかがわし","2005-04-01","岩瀬村(07343)が須賀川市(07207)に編入"
"07208","福島県","","","喜多方市","きたかたし","2006-01-04","喜多方市(07208)、熱塩加納村(07401)、塩川町(07403)、山都町(07404)、高郷村(07406)が合併し、喜多方市を新設"
"07210","福島県","","","二本松市","にほんまつし","2005-12-01","二本松市(07210)、安達町(07321)、岩代町(07325)、東和町(07326)が合併し、二本松市を新設"
"07211","福島県","","","田村市","たむらし","2005-03-01","滝根町(07523)、大越町(07524)、都路村(07525)、常葉町(07526)、船引町(07527)が合併し、田村市(07211)を新設"
"07212","福島県","","","南相馬市","みなみそうまし","2006-01-01","原町市(07206)、鹿島町(07562)、小高町(07563)が合併し、南相馬市(07212)を新設"
"07213","福島県","","","伊達市","だてし","2006-01-01","伊達町(07302)、梁川町(07304)、保原町(07305)、霊山町(07306)、月舘町(07307)が合併し、伊達市(07213)を新設"
"07214","福島県","","","本宮市","もとみやし","2007-01-01","本宮町(07323)、白沢村(07324)が合併し、本宮市(07214)を新設"
"07302","福島県","伊達郡","だてぐん","伊達町","だてまち","2006-01-01","伊達町(07302)、梁川町(07304)、保原町(07305)、霊山町(07306)、月舘町(07307)が合併し、伊達市(07213)を新設"
"07304","福島県","伊達郡","だてぐん","梁川町","やながわまち","2006-01-01","伊達町(07302)、梁川町(07304)、保原町(07305)、霊山町(07306)、月舘町(07307)が合併し、伊達市(07213)を新設"
"07305","福島県","伊達郡","だてぐん","保原町","ほばらまち","2006-01-01","伊達町(07302)、梁川町(07304)、保原町(07305)、霊山町(07306)、月舘町(07307)が合併し、伊達市(07213)を新設"
"07306","福島県","伊達郡","だてぐん","霊山町","りょうぜんまち","2006-01-01","伊達町(07302)、梁川町(07304)、保原町(07305)、霊山町(07306)、月舘町(07307)が合併し、伊達市(07213)を新設"
"07307","福島県","伊達郡","だてぐん","月舘町","つきだてまち","2006-01-01","伊達町(07302)、梁川町(07304)、保原町(07305)、霊山町(07306)、月舘町(07307)が合併し、伊達市(07213)を新設"
"07309","福島県","伊達郡","だてぐん","飯野町","いいのまち","2008-07-01","飯野町(07309)が福島市(07201)に編入"
"07321","福島県","安達郡","あだちぐん","安達町","あだちまち","2005-12-01","二本松市(07210)、安達町(07321)、岩代町(07325)、東和町(07326)が合併し、二本松市を新設"
"07323","福島県","安達郡","あだちぐん","本宮町","もとみやまち","2007-01-01","本宮町(07323)、白沢村(07324)が合併し、本宮市(07214)を新設"
"07324","福島県","安達郡","あだちぐん","白沢村","しらさわむら","2007-01-01","本宮町(07323)、白沢村(07324)が合併し、本宮市(07214)を新設"
"07325","福島県","安達郡","あだちぐん","岩代町","いわしろまち","2005-12-01","二本松市(07210)、安達町(07321)、岩代町(07325)、東和町(07326)が合併し、二本松市を新設"
"07326","福島県","安達郡","あだちぐん","東和町","とうわまち","2005-12-01","二本松市(07210)、安達町(07321)、岩代町(07325)、東和町(07326)が合併し、二本松市を新設"
"07341","福島県","岩瀬郡","いわせぐん","長沼町","ながぬままち","2005-04-01","長沼町(07341)が須賀川市(07207)に編入"
"07343","福島県","岩瀬郡","いわせぐん","岩瀬村","いわせむら","2005-04-01","岩瀬村(07343)が須賀川市(07207)に編入"
"07361","福島県","南会津郡","みなみあいづぐん","田島町","たじままち","2006-03-20","田島町(07361)、舘岩村(07363)、伊南村(07365)、南郷村(07366)が合併し、南会津町(07368)を新設"
"07363","福島県","南会津郡","みなみあいづぐん","舘岩村","たていわむら","2006-03-20","田島町(07361)、舘岩村(07363)、伊南村(07365)、南郷村(07366)が合併し、南会津町(07368)を新設"
"07365","福島県","南会津郡","みなみあいづぐん","伊南村","いなむら","2006-03-20","田島町(07361)、舘岩村(07363)、伊南村(07365)、南郷村(07366)が合併し、南会津町(07368)を新設"
"07366","福島県","南会津郡","みなみあいづぐん","南郷村","なんごうむら","2006-03-20","田島町(07361)、舘岩村(07363)、伊南村(07365)、南郷村(07366)が合併し、南会津町(07368)を新設"
"07368","福島県","南会津郡","みなみあいづぐん","南会津町","みなみあいづまち","2006-03-20","田島町(07361)、舘岩村(07363)、伊南村(07365)、南郷村(07366)が合併し、南会津町(07368)を新設"
"07381","福島県","北会津郡","きたあいづぐん","北会津村","きたあいづむら","2004-11-01","北会津村(07381)が会津若松市(07202)に編入
北会津郡(07380)の廃止"
"07401","福島県","耶麻郡","やまぐん","熱塩加納村","あつしおかのうむら","2006-01-04","喜多方市(07208)、熱塩加納村(07401)、塩川町(07403)、山都町(07404)、高郷村(07406)が合併し、喜多方市を新設"
"07403","福島県","耶麻郡","やまぐん","塩川町","しおかわまち","2006-01-04","喜多方市(07208)、熱塩加納村(07401)、塩川町(07403)、山都町(07404)、高郷村(07406)が合併し、喜多方市を新設"
"07404","福島県","耶麻郡","やまぐん","山都町","やまとまち","2006-01-04","喜多方市(07208)、熱塩加納村(07401)、塩川町(07403)、山都町(07404)、高郷村(07406)が合併し、喜多方市を新設"
"07406","福島県","耶麻郡","やまぐん","高郷村","たかさとむら","2006-01-04","喜多方市(07208)、熱塩加納村(07401)、塩川町(07403)、山都町(07404)、高郷村(07406)が合併し、喜多方市を新設"
"07424","福島県","河沼郡","かわぬまぐん","河東村","かわひがしむら","1978-04-01","河東村(07424)が河東町(07424)に町制施行"
"07424","福島県","河沼郡","かわぬまぐん","河東町","かわひがしまち","1978-04-01","河東村(07424)が河東町(07424)に町制施行"
"07424","福島県","河沼郡","かわぬまぐん","河東町","かわひがしまち","2005-11-01","河東町(07424)が会津若松市(07202)に編入"
"07441","福島県","大沼郡","おおぬまぐん","会津高田町","あいづたかだまち","2005-10-01","会津高田町(07441)、会津本郷町(07442)、新鶴村(07443)が合併し、会津美里町(07447)を新設"
"07442","福島県","大沼郡","おおぬまぐん","本郷町","ほんごうまち","1992-04-01","本郷町(07442)が会津本郷町(07442)に名称変更"
"07442","福島県","大沼郡","おおぬまぐん","会津本郷町","あいづほんごうまち","1992-04-01","本郷町(07442)が会津本郷町(07442)に名称変更"
"07442","福島県","大沼郡","おおぬまぐん","会津本郷町","あいづほんごうまち","2005-10-01","会津高田町(07441)、会津本郷町(07442)、新鶴村(07443)が合併し、会津美里町(07447)を新設"
"07443","福島県","大沼郡","おおぬまぐん","新鶴村","にいつるむら","2005-10-01","会津高田町(07441)、会津本郷町(07442)、新鶴村(07443)が合併し、会津美里町(07447)を新設"
"07447","福島県","大沼郡","おおぬまぐん","会津美里町","あいづみさとまち","2005-10-01","会津高田町(07441)、会津本郷町(07442)、新鶴村(07443)が合併し、会津美里町(07447)を新設"
"07462","福島県","西白河郡","にししらかわぐん","表郷村","おもてごうむら","2005-11-07","白河市(07205)、表郷村(07462)、東村(07463)、大信村(07467)が合併し、白河市を新設"
"07463","福島県","西白河郡","にししらかわぐん","東村","ひがしむら","2005-11-07","白河市(07205)、表郷村(07462)、東村(07463)、大信村(07467)が合併し、白河市を新設"
"07467","福島県","西白河郡","にししらかわぐん","大信村","たいしんむら","2005-11-07","白河市(07205)、表郷村(07462)、東村(07463)、大信村(07467)が合併し、白河市を新設"
"07485","福島県","東白川郡","ひがししらかわぐん","古殿町","ふるどのまち","1994-04-01","東白川郡古殿町(07485)が石川郡古殿町(07505)に郡の区域変更"
"07505","福島県","石川郡","いしかわぐん","古殿町","ふるどのまち","1994-04-01","東白川郡古殿町(07485)が石川郡古殿町(07505)に郡の区域変更"
"07523","福島県","田村郡","たむらぐん","滝根町","たきねまち","2005-03-01","滝根町(07523)、大越町(07524)、都路村(07525)、常葉町(07526)、船引町(07527)が合併し、田村市(07211)を新設"
"07524","福島県","田村郡","たむらぐん","大越町","おおごえまち","2005-03-01","滝根町(07523)、大越町(07524)、都路村(07525)、常葉町(07526)、船引町(07527)が合併し、田村市(07211)を新設"
"07525","福島県","田村郡","たむらぐん","都路村","みやこじむら","2005-03-01","滝根町(07523)、大越町(07524)、都路村(07525)、常葉町(07526)、船引町(07527)が合併し、田村市(07211)を新設"
"07526","福島県","田村郡","たむらぐん","常葉町","ときわまち","2005-03-01","滝根町(07523)、大越町(07524)、都路村(07525)、常葉町(07526)、船引町(07527)が合併し、田村市(07211)を新設"
"07527","福島県","田村郡","たむらぐん","船引町","ふねひきまち","2005-03-01","滝根町(07523)、大越町(07524)、都路村(07525)、常葉町(07526)、船引町(07527)が合併し、田村市(07211)を新設"
"07561","福島県","相馬郡","そうまぐん","新地村","しんちむら","1971-08-01","新地村(07561)が新地町(07561)に町制施行"
"07561","福島県","相馬郡","そうまぐん","新地町","しんちまち","1971-08-01","新地村(07561)が新地町(07561)に町制施行"
"07562","福島県","相馬郡","そうまぐん","鹿島町","かしままち","2006-01-01","原町市(07206)、鹿島町(07562)、小高町(07563)が合併し、南相馬市(07212)を新設"
"07563","福島県","相馬郡","そうまぐん","小高町","おだかまち","2006-01-01","原町市(07206)、鹿島町(07562)、小高町(07563)が合併し、南相馬市(07212)を新設"
"08201","茨城県","","","水戸市","みとし","1992-03-03","常澄村(08301)が水戸市(08201)に編入"
"08201","茨城県","","","水戸市","みとし","2001-04-01","水戸市(08201)が特例市に移行"
"08201","茨城県","","","水戸市","みとし","2005-02-01","内原町(08305)が水戸市(08201)に編入"
"08201","茨城県","","","水戸市","みとし","2020-04-01","水戸市(08201)が特例市から中核市に移行"
"08202","茨城県","","","日立市","ひたちし","2004-11-01","十王町(08381)が日立市(08202)に編入
多賀郡(08380)の廃止"
"08203","茨城県","","","土浦市","つちうらし","2006-02-20","新治村(08465)が土浦市(08203)に編入"
"08204","茨城県","","","古河市","こがし","2005-09-12","古河市(08204)、総和町(08541)、三和町(08543)が合併し、古河市を新設"
"08205","茨城県","","","石岡市","いしおかし","2005-10-01","石岡市(08205)、八郷町(08463)が合併し、石岡市を新設"
"08206","茨城県","","","下館市","しもだてし","2005-03-28","下館市(08206)、関城町(08501)、明野町(08502)、協和町(08505)が合併し、筑西市(08227)を新設"
"08209","茨城県","","","那珂湊市","なかみなとし","1994-11-01","那珂湊市(08209)、勝田市(08213)が合併し、ひたちなか市(08221)を新設"
"08210","茨城県","","","下妻市","しもつまし","2006-01-01","千代川村(08522)が下妻市(08210)に編入"
"08211","茨城県","","","水海道市","みつかいどうし","2006-01-01","石下町(08523)が水海道市(08211)に編入"
"08211","茨城県","","","水海道市","みつかいどうし","2006-01-01","水海道市(08211)が常総市(08211)に名称変更"
"08211","茨城県","","","常総市","じょうそうし","2006-01-01","水海道市(08211)が常総市(08211)に名称変更"
"08212","茨城県","","","常陸太田市","ひたちおおたし","2004-12-01","金砂郷町(08361)、水府村(08362)、里美村(08363)が常陸太田市(08212)に編入"
"08213","茨城県","","","勝田市","かつたし","1994-11-01","那珂湊市(08209)、勝田市(08213)が合併し、ひたちなか市(08221)を新設"
"08216","茨城県","","","笠間市","かさまし","2006-03-19","笠間市(08216)、友部町(08321)、岩間町(08322)が合併し、笠間市を新設
西茨城郡(08320)の廃止"
"08217","茨城県","","","取手市","とりでし","1970-10-01","取手町(08562)が取手市(08217)に市制施行"
"08217","茨城県","","","取手市","とりでし","2005-03-28","藤代町(08563)が取手市(08217)に編入"
"08218","茨城県","","","岩井市","いわいし","1972-04-01","岩井町(08545)が岩井市(08218)に市制施行"
"08218","茨城県","","","岩井市","いわいし","2005-03-22","岩井市(08218)、猿島町(08544)が合併し、坂東市(08228)を新設"
"08219","茨城県","","","牛久市","うしくし","1986-06-01","牛久町(08444)が牛久市(08219)に市制施行"
"08220","茨城県","","","つくば市","つくばし","1987-11-30","桜村(08466)、谷田部町(08481)、豊里町(08484)、大穂町(08486)が合併し、つくば市(08220)を新設"
"08220","茨城県","","","つくば市","つくばし","1988-01-31","筑波町(08485)がつくば市(08220)に編入"
"08220","茨城県","","","つくば市","つくばし","2002-11-01","茎崎町(08445)がつくば市(08220)に編入"
"08220","茨城県","","","つくば市","つくばし","2007-04-01","つくば市(08220)が特例市に移行"
"08221","茨城県","","","ひたちなか市","ひたちなかし","1994-11-01","那珂湊市(08209)、勝田市(08213)が合併し、ひたちなか市(08221)を新設"
"08222","茨城県","","","鹿嶋市","かしまし","1995-09-01","鹿島町(08405)が鹿嶋町に名称変更し、鹿嶋市(08222)に市制施行"
"08223","茨城県","","","潮来市","いたこし","2001-04-01","潮来町(08423)が潮来市(08223)に市制施行"
"08224","茨城県","","","守谷市","もりやし","2002-02-02","守谷町(08561)が守谷市(08224)に市制施行"
"08225","茨城県","","","常陸大宮市","ひたちおおみやし","2004-10-16","大宮町(08344)が常陸大宮町に名称変更し、常陸大宮市(08225)に市制施行"
"08226","茨城県","","","那珂市","なかし","2005-01-21","那珂町(08342)が那珂市(08226)に市制施行"
"08227","茨城県","","","筑西市","ちくせいし","2005-03-28","下館市(08206)、関城町(08501)、明野町(08502)、協和町(08505)が合併し、筑西市(08227)を新設"
"08228","茨城県","","","坂東市","ばんどうし","2005-03-22","岩井市(08218)、猿島町(08544)が合併し、坂東市(08228)を新設"
"08229","茨城県","","","稲敷市","いなしきし","2005-03-22","江戸崎町(08441)、新利根町(08446)、桜川村(08448)、東町(08449)が合併し、稲敷市(08229)を新設"
"08230","茨城県","","","かすみがうら市","かすみがうらし","2005-03-28","霞ヶ浦町(08461)、千代田町(08464)が合併し、かすみがうら市(08230)を新設"
"08231","茨城県","","","桜川市","さくらがわし","2005-10-01","岩瀬町(08324)、真壁町(08503)、大和村(08504)が合併し、桜川市(08231)を新設
真壁郡(08500)の廃止"
"08232","茨城県","","","神栖市","かみすし","2005-08-01","神栖町(08406)が神栖市(08232)に市制施行"
"08233","茨城県","","","行方市","なめがたし","2005-09-02","麻生町(08421)、北浦町(08424)、玉造町(08425)が合併し、行方市(08233)を新設
行方郡(08420)の廃止"
"08234","茨城県","","","鉾田市","ほこたし","2005-10-11","旭村(08401)、鉾田町(08402)、大洋村(08403)が合併し、鉾田市(08234)を新設
鹿島郡(08400)の廃止"
"08235","茨城県","","","つくばみらい市","つくばみらいし","2006-03-27","伊奈町(08482)、谷和原村(08483)が合併し、つくばみらい市(08235)を新設
筑波郡(08480)の廃止"
"08236","茨城県","","","小美玉市","おみたまし","2006-03-27","小川町(08303)、美野里町(08304)、玉里村(08462)が合併し、小美玉市(08236)を新設
新治郡(08460)の廃止"
"08301","茨城県","東茨城郡","ひがしいばらきぐん","常澄村","つねずみむら","1992-03-03","常澄村(08301)が水戸市(08201)に編入"
"08303","茨城県","東茨城郡","ひがしいばらきぐん","小川町","おがわまち","2006-03-27","小川町(08303)、美野里町(08304)、玉里村(08462)が合併し、小美玉市(08236)を新設
新治郡(08460)の廃止"
"08304","茨城県","東茨城郡","ひがしいばらきぐん","美野里町","みのりまち","2006-03-27","小川町(08303)、美野里町(08304)、玉里村(08462)が合併し、小美玉市(08236)を新設
新治郡(08460)の廃止"
"08305","茨城県","東茨城郡","ひがしいばらきぐん","内原町","うちはらまち","2005-02-01","内原町(08305)が水戸市(08201)に編入"
"08306","茨城県","東茨城郡","ひがしいばらきぐん","常北町","じょうほくまち","2005-02-01","常北町(08306)、桂村(08307)、七会村(08323)が合併し、城里町(08310)を新設"
"08307","茨城県","東茨城郡","ひがしいばらきぐん","桂村","かつらむら","2005-02-01","常北町(08306)、桂村(08307)、七会村(08323)が合併し、城里町(08310)を新設"
"08308","茨城県","東茨城郡","ひがしいばらきぐん","御前山村","ごぜんやまむら","2004-10-16","御前山村(08308)、山方町(08345)、美和村(08346)、緒川村(08347)が大宮町(08344)に編入"
"08310","茨城県","東茨城郡","ひがしいばらきぐん","城里町","しろさとまち","2005-02-01","常北町(08306)、桂村(08307)、七会村(08323)が合併し、城里町(08310)を新設"
"08321","茨城県","西茨城郡","にしいばらきぐん","友部町","ともべまち","2006-03-19","笠間市(08216)、友部町(08321)、岩間町(08322)が合併し、笠間市を新設
西茨城郡(08320)の廃止"
"08322","茨城県","西茨城郡","にしいばらきぐん","岩間町","いわままち","2006-03-19","笠間市(08216)、友部町(08321)、岩間町(08322)が合併し、笠間市を新設
西茨城郡(08320)の廃止"
"08323","茨城県","西茨城郡","にしいばらきぐん","七会村","ななかいむら","2005-02-01","常北町(08306)、桂村(08307)、七会村(08323)が合併し、城里町(08310)を新設"
"08324","茨城県","西茨城郡","にしいばらきぐん","岩瀬町","いわせまち","2005-10-01","岩瀬町(08324)、真壁町(08503)、大和村(08504)が合併し、桜川市(08231)を新設
真壁郡(08500)の廃止"
"08342","茨城県","那珂郡","なかぐん","那珂町","なかまち","2005-01-21","瓜連町(08343)が那珂町(08342)に編入"
"08342","茨城県","那珂郡","なかぐん","那珂町","なかまち","2005-01-21","那珂町(08342)が那珂市(08226)に市制施行"
"08343","茨城県","那珂郡","なかぐん","瓜連町","うりづらまち","2005-01-21","瓜連町(08343)が那珂町(08342)に編入"
"08344","茨城県","那珂郡","なかぐん","大宮町","おおみやまち","2004-10-16","御前山村(08308)、山方町(08345)、美和村(08346)、緒川村(08347)が大宮町(08344)に編入"
"08344","茨城県","那珂郡","なかぐん","大宮町","おおみやまち","2004-10-16","大宮町(08344)が常陸大宮町に名称変更し、常陸大宮市(08225)に市制施行"
"08345","茨城県","那珂郡","なかぐん","山方町","やまがたまち","2004-10-16","御前山村(08308)、山方町(08345)、美和村(08346)、緒川村(08347)が大宮町(08344)に編入"
"08346","茨城県","那珂郡","なかぐん","美和村","みわむら","2004-10-16","御前山村(08308)、山方町(08345)、美和村(08346)、緒川村(08347)が大宮町(08344)に編入"
"08347","茨城県","那珂郡","なかぐん","緒川村","おがわむら","2004-10-16","御前山村(08308)、山方町(08345)、美和村(08346)、緒川村(08347)が大宮町(08344)に編入"
"08361","茨城県","久慈郡","くじぐん","金砂郷町","かなさごうまち","1993-11-01","金砂郷村(08361)が金砂郷町(08361)に町制施行"
"08361","茨城県","久慈郡","くじぐん","金砂郷村","かなさごうむら","1993-11-01","金砂郷村(08361)が金砂郷町(08361)に町制施行"
"08361","茨城県","久慈郡","くじぐん","金砂郷町","かなさごうまち","2004-12-01","金砂郷町(08361)、水府村(08362)、里美村(08363)が常陸太田市(08212)に編入"
"08362","茨城県","久慈郡","くじぐん","水府村","すいふむら","2004-12-01","金砂郷町(08361)、水府村(08362)、里美村(08363)が常陸太田市(08212)に編入"
"08363","茨城県","久慈郡","くじぐん","里美村","さとみむら","2004-12-01","金砂郷町(08361)、水府村(08362)、里美村(08363)が常陸太田市(08212)に編入"
"08381","茨城県","多賀郡","たがぐん","十王町","じゅうおうまち","2004-11-01","十王町(08381)が日立市(08202)に編入
多賀郡(08380)の廃止"
"08401","茨城県","鹿島郡","かしまぐん","旭村","あさひむら","2005-10-11","旭村(08401)、鉾田町(08402)、大洋村(08403)が合併し、鉾田市(08234)を新設
鹿島郡(08400)の廃止"
"08402","茨城県","鹿島郡","かしまぐん","鉾田町","ほこたまち","2005-10-11","旭村(08401)、鉾田町(08402)、大洋村(08403)が合併し、鉾田市(08234)を新設
鹿島郡(08400)の廃止"
"08403","茨城県","鹿島郡","かしまぐん","大洋村","たいようむら","2005-10-11","旭村(08401)、鉾田町(08402)、大洋村(08403)が合併し、鉾田市(08234)を新設
鹿島郡(08400)の廃止"
"08404","茨城県","鹿島郡","かしまぐん","大野村","おおのむら","1995-09-01","大野村(08404)が鹿島町(08405)に編入"
"08405","茨城県","鹿島郡","かしまぐん","鹿島町","かしままち","1995-09-01","大野村(08404)が鹿島町(08405)に編入"
"08405","茨城県","鹿島郡","かしまぐん","鹿島町","かしままち","1995-09-01","鹿島町(08405)が鹿嶋町に名称変更し、鹿嶋市(08222)に市制施行"
"08406","茨城県","鹿島郡","かしまぐん","神栖町","かみすまち","2005-08-01","波崎町(08407)が神栖町(08406)に編入"
"08406","茨城県","鹿島郡","かしまぐん","神栖町","かみすまち","2005-08-01","神栖町(08406)が神栖市(08232)に市制施行"
"08407","茨城県","鹿島郡","かしまぐん","波崎町","はさきまち","2005-08-01","波崎町(08407)が神栖町(08406)に編入"
"08421","茨城県","行方郡","なめがたぐん","麻生町","あそうまち","2005-09-02","麻生町(08421)、北浦町(08424)、玉造町(08425)が合併し、行方市(08233)を新設
行方郡(08420)の廃止"
"08422","茨城県","行方郡","なめがたぐん","牛堀町","うしぼりまち","2001-04-01","牛堀町(08422)が潮来町(08423)に編入"
"08423","茨城県","行方郡","なめがたぐん","潮来町","いたこまち","2001-04-01","牛堀町(08422)が潮来町(08423)に編入"
"08423","茨城県","行方郡","なめがたぐん","潮来町","いたこまち","2001-04-01","潮来町(08423)が潮来市(08223)に市制施行"
"08424","茨城県","行方郡","なめがたぐん","北浦町","きたうらまち","1997-10-01","北浦村(08424)が北浦町(08424)に町制施行"
"08424","茨城県","行方郡","なめがたぐん","北浦村","きたうらむら","1997-10-01","北浦村(08424)が北浦町(08424)に町制施行"
"08424","茨城県","行方郡","なめがたぐん","北浦町","きたうらまち","2005-09-02","麻生町(08421)、北浦町(08424)、玉造町(08425)が合併し、行方市(08233)を新設
行方郡(08420)の廃止"
"08425","茨城県","行方郡","なめがたぐん","玉造町","たまつくりまち","2005-09-02","麻生町(08421)、北浦町(08424)、玉造町(08425)が合併し、行方市(08233)を新設
行方郡(08420)の廃止"
"08441","茨城県","稲敷郡","いなしきぐん","江戸崎町","えどさきまち","2005-03-22","江戸崎町(08441)、新利根町(08446)、桜川村(08448)、東町(08449)が合併し、稲敷市(08229)を新設"
"08444","茨城県","稲敷郡","いなしきぐん","牛久町","うしくまち","1986-06-01","牛久町(08444)が牛久市(08219)に市制施行"
"08445","茨城県","稲敷郡","いなしきぐん","茎崎村","くきざきむら","1983-01-01","茎崎村(08445)が茎崎町(08445)に町制施行"
"08445","茨城県","稲敷郡","いなしきぐん","茎崎町","くきざきまち","1983-01-01","茎崎村(08445)が茎崎町(08445)に町制施行"
"08445","茨城県","稲敷郡","いなしきぐん","茎崎町","くきざきまち","2002-11-01","茎崎町(08445)がつくば市(08220)に編入"
"08446","茨城県","稲敷郡","いなしきぐん","新利根村","しんとねむら","1996-06-01","新利根村(08446)が新利根町(08446)に町制施行"
"08446","茨城県","稲敷郡","いなしきぐん","新利根町","しんとねまち","1996-06-01","新利根村(08446)が新利根町(08446)に町制施行"
"08446","茨城県","稲敷郡","いなしきぐん","新利根町","しんとねまち","2005-03-22","江戸崎町(08441)、新利根町(08446)、桜川村(08448)、東町(08449)が合併し、稲敷市(08229)を新設"
"08447","茨城県","稲敷郡","いなしきぐん","河内町","かわちまち","1996-06-01","河内村(08447)が河内町(08447)に町制施行"
"08447","茨城県","稲敷郡","いなしきぐん","河内村","かわちむら","1996-06-01","河内村(08447)が河内町(08447)に町制施行"
"08448","茨城県","稲敷郡","いなしきぐん","桜川村","さくらがわむら","2005-03-22","江戸崎町(08441)、新利根町(08446)、桜川村(08448)、東町(08449)が合併し、稲敷市(08229)を新設"
"08449","茨城県","稲敷郡","いなしきぐん","東村","あずまむら","1996-09-01","東村(08449)が東町(08449)に町制施行"
"08449","茨城県","稲敷郡","いなしきぐん","東町","あずままち","1996-09-01","東村(08449)が東町(08449)に町制施行"
"08449","茨城県","稲敷郡","いなしきぐん","東町","あずままち","2005-03-22","江戸崎町(08441)、新利根町(08446)、桜川村(08448)、東町(08449)が合併し、稲敷市(08229)を新設"
"08461","茨城県","新治郡","にいはりぐん","霞ヶ浦町","かすみがうらまち","1997-04-01","出島村(08461)が霞ヶ浦村に名称変更し、霞ヶ浦町(08461)に町制施行"
"08461","茨城県","新治郡","にいはりぐん","出島村","でじまむら","1997-04-01","出島村(08461)が霞ヶ浦村に名称変更し、霞ヶ浦町(08461)に町制施行"
"08461","茨城県","新治郡","にいはりぐん","霞ヶ浦町","かすみがうらまち","2005-03-28","霞ヶ浦町(08461)、千代田町(08464)が合併し、かすみがうら市(08230)を新設"
"08462","茨城県","新治郡","にいはりぐん","玉里村","たまりむら","2006-03-27","小川町(08303)、美野里町(08304)、玉里村(08462)が合併し、小美玉市(08236)を新設
新治郡(08460)の廃止"
"08463","茨城県","新治郡","にいはりぐん","八郷町","やさとまち","2005-10-01","石岡市(08205)、八郷町(08463)が合併し、石岡市を新設"
"08464","茨城県","新治郡","にいはりぐん","千代田村","ちよだむら","1992-01-01","千代田村(08464)が千代田町(08464)に町制施行"
"08464","茨城県","新治郡","にいはりぐん","千代田町","ちよだまち","1992-01-01","千代田村(08464)が千代田町(08464)に町制施行"
"08464","茨城県","新治郡","にいはりぐん","千代田町","ちよだまち","2005-03-28","霞ヶ浦町(08461)、千代田町(08464)が合併し、かすみがうら市(08230)を新設"
"08465","茨城県","新治郡","にいはりぐん","新治村","にいはりむら","2006-02-20","新治村(08465)が土浦市(08203)に編入"
"08466","茨城県","新治郡","にいはりぐん","桜村","さくらむら","1987-11-30","桜村(08466)、谷田部町(08481)、豊里町(08484)、大穂町(08486)が合併し、つくば市(08220)を新設"
"08481","茨城県","筑波郡","つくばぐん","谷田部町","やたべまち","1987-11-30","桜村(08466)、谷田部町(08481)、豊里町(08484)、大穂町(08486)が合併し、つくば市(08220)を新設"
"08482","茨城県","筑波郡","つくばぐん","伊奈町","いなまち","1985-04-01","伊奈村(08482)が伊奈町(08482)に町制施行"
"08482","茨城県","筑波郡","つくばぐん","伊奈村","いなむら","1985-04-01","伊奈村(08482)が伊奈町(08482)に町制施行"
"08482","茨城県","筑波郡","つくばぐん","伊奈町","いなまち","2006-03-27","伊奈町(08482)、谷和原村(08483)が合併し、つくばみらい市(08235)を新設
筑波郡(08480)の廃止"
"08483","茨城県","筑波郡","つくばぐん","谷和原村","やわらむら","2006-03-27","伊奈町(08482)、谷和原村(08483)が合併し、つくばみらい市(08235)を新設
筑波郡(08480)の廃止"
"08484","茨城県","筑波郡","つくばぐん","豊里町","とよさとまち","1987-11-30","桜村(08466)、谷田部町(08481)、豊里町(08484)、大穂町(08486)が合併し、つくば市(08220)を新設"
"08485","茨城県","筑波郡","つくばぐん","筑波町","つくばまち","1988-01-31","筑波町(08485)がつくば市(08220)に編入"
"08486","茨城県","筑波郡","つくばぐん","大穂町","おおほまち","1987-11-30","桜村(08466)、谷田部町(08481)、豊里町(08484)、大穂町(08486)が合併し、つくば市(08220)を新設"
"08501","茨城県","真壁郡","まかべぐん","関城町","せきじょうまち","2005-03-28","下館市(08206)、関城町(08501)、明野町(08502)、協和町(08505)が合併し、筑西市(08227)を新設"
"08502","茨城県","真壁郡","まかべぐん","明野町","あけのまち","2005-03-28","下館市(08206)、関城町(08501)、明野町(08502)、協和町(08505)が合併し、筑西市(08227)を新設"
"08503","茨城県","真壁郡","まかべぐん","真壁町","まかべまち","2005-10-01","岩瀬町(08324)、真壁町(08503)、大和村(08504)が合併し、桜川市(08231)を新設
真壁郡(08500)の廃止"
"08504","茨城県","真壁郡","まかべぐん","大和村","やまとむら","2005-10-01","岩瀬町(08324)、真壁町(08503)、大和村(08504)が合併し、桜川市(08231)を新設
真壁郡(08500)の廃止"
"08505","茨城県","真壁郡","まかべぐん","協和町","きょうわまち","2005-03-28","下館市(08206)、関城町(08501)、明野町(08502)、協和町(08505)が合併し、筑西市(08227)を新設"
"08521","茨城県","結城郡","ゆうきぐん","八千代村","やちよむら","1972-02-01","八千代村(08521)が八千代町(08521)に町制施行"
"08521","茨城県","結城郡","ゆうきぐん","八千代町","やちよまち","1972-02-01","八千代村(08521)が八千代町(08521)に町制施行"
"08522","茨城県","結城郡","ゆうきぐん","千代川村","ちよかわむら","2006-01-01","千代川村(08522)が下妻市(08210)に編入"
"08523","茨城県","結城郡","ゆうきぐん","石下町","いしげまち","2006-01-01","石下町(08523)が水海道市(08211)に編入"
"08541","茨城県","猿島郡","さしまぐん","総和町","そうわまち","2005-09-12","古河市(08204)、総和町(08541)、三和町(08543)が合併し、古河市を新設"
"08542","茨城県","猿島郡","さしまぐん","五霞町","ごかまち","1996-06-01","五霞村(08542)が五霞町(08542)に町制施行"
"08542","茨城県","猿島郡","さしまぐん","五霞村","ごかむら","1996-06-01","五霞村(08542)が五霞町(08542)に町制施行"
"08543","茨城県","猿島郡","さしまぐん","三和町","さんわまち","2005-09-12","古河市(08204)、総和町(08541)、三和町(08543)が合併し、古河市を新設"
"08544","茨城県","猿島郡","さしまぐん","猿島町","さしままち","2005-03-22","岩井市(08218)、猿島町(08544)が合併し、坂東市(08228)を新設"
"08545","茨城県","猿島郡","さしまぐん","岩井町","いわいまち","1972-04-01","岩井町(08545)が岩井市(08218)に市制施行"
"08561","茨城県","北相馬郡","きたそうまぐん","守谷町","もりやまち","2002-02-02","守谷町(08561)が守谷市(08224)に市制施行"
"08562","茨城県","北相馬郡","きたそうまぐん","取手町","とりでまち","1970-10-01","取手町(08562)が取手市(08217)に市制施行"
"08563","茨城県","北相馬郡","きたそうまぐん","藤代町","ふじしろまち","2005-03-28","藤代町(08563)が取手市(08217)に編入"
"09201","栃木県","","","宇都宮市","うつのみやし","1996-04-01","宇都宮市(09201)が中核市に移行"
"09201","栃木県","","","宇都宮市","うつのみやし","2007-03-31","上河内町(09303)、河内町(09304)が宇都宮市(09201)に編入"
"09203","栃木県","","","栃木市","とちぎし","2010-03-29","栃木市(09203)、大平町(09365)、藤岡町(09366)、都賀町(09368)が合併し、栃木市を新設"
"09203","栃木県","","","栃木市","とちぎし","2011-10-01","西方町(09321)が栃木市(09203)に編入
上都賀郡(09320)の廃止"
"09203","栃木県","","","栃木市","とちぎし","2014-04-05","岩舟町(09367)が栃木市(09203)に編入"
"09204","栃木県","","","佐野市","さのし","2005-02-28","佐野市(09204)、田沼町(09421)、葛生町(09422)が合併し、佐野市を新設
安蘇郡(09420)の廃止"
"09205","栃木県","","","鹿沼市","かぬまし","2006-01-01","粟野町(09322)が鹿沼市(09205)に編入"
"09206","栃木県","","","日光市","にっこうし","2006-03-20","日光市(09206)、今市市(09207)、足尾町(09323)、栗山村(09382)、藤原町(09383)が合併し、日光市を新設"
"09207","栃木県","","","今市市","いまいちし","2006-03-20","日光市(09206)、今市市(09207)、足尾町(09323)、栗山村(09382)、藤原町(09383)が合併し、日光市を新設"
"09209","栃木県","","","真岡市","もおかし","2009-03-23","二宮町(09341)が真岡市(09209)に編入"
"09210","栃木県","","","大田原市","おおたわらし","2005-10-01","湯津上村(09405)、黒羽町(09406)が大田原市(09210)に編入"
"09212","栃木県","","","黒磯市","くろいそし","1970-11-01","黒磯町(09408)が黒磯市(09212)に市制施行"
"09212","栃木県","","","黒磯市","くろいそし","2005-01-01","黒磯市(09212)、西那須野町(09409)、塩原町(09410)が合併し、那須塩原市(09213)を新設"
"09213","栃木県","","","那須塩原市","なすしおばらし","2005-01-01","黒磯市(09212)、西那須野町(09409)、塩原町(09410)が合併し、那須塩原市(09213)を新設"
"09214","栃木県","","","さくら市","さくらし","2005-03-28","氏家町(09385)、喜連川町(09387)が合併し、さくら市(09214)を新設"
"09215","栃木県","","","那須烏山市","なすからすやまし","2005-10-01","南那須町(09401)、烏山町(09402)が合併し、那須烏山市(09215)を新設"
"09216","栃木県","","","下野市","しもつけし","2006-01-10","南河内町(09302)、石橋町(09362)、国分寺町(09363)が合併し、下野市(09216)を新設"
"09302","栃木県","河内郡","かわちぐん","南河内町","みなみかわちまち","1971-04-01","南河内村(09302)が南河内町(09302)に町制施行"
"09302","栃木県","河内郡","かわちぐん","南河内村","みなみかわちむら","1971-04-01","南河内村(09302)が南河内町(09302)に町制施行"
"09302","栃木県","河内郡","かわちぐん","南河内町","みなみかわちまち","2006-01-10","南河内町(09302)、石橋町(09362)、国分寺町(09363)が合併し、下野市(09216)を新設"
"09303","栃木県","河内郡","かわちぐん","上河内村","かみかわちむら","1994-07-01","上河内村(09303)が上河内町(09303)に町制施行"
"09303","栃木県","河内郡","かわちぐん","上河内町","かみかわちまち","1994-07-01","上河内村(09303)が上河内町(09303)に町制施行"
"09303","栃木県","河内郡","かわちぐん","上河内町","かみかわちまち","2007-03-31","上河内町(09303)、河内町(09304)が宇都宮市(09201)に編入"
"09304","栃木県","河内郡","かわちぐん","河内町","かわちまち","2007-03-31","上河内町(09303)、河内町(09304)が宇都宮市(09201)に編入"
"09321","栃木県","上都賀郡","かみつがぐん","西方村","にしかたむら","1994-10-01","西方村(09321)が西方町(09321)に町制施行"
"09321","栃木県","上都賀郡","かみつがぐん","西方町","にしかたまち","1994-10-01","西方村(09321)が西方町(09321)に町制施行"
"09321","栃木県","上都賀郡","かみつがぐん","西方町","にしかたまち","2011-10-01","西方町(09321)が栃木市(09203)に編入
上都賀郡(09320)の廃止"
"09322","栃木県","上都賀郡","かみつがぐん","粟野町","あわのまち","2006-01-01","粟野町(09322)が鹿沼市(09205)に編入"
"09323","栃木県","上都賀郡","かみつがぐん","足尾町","あしおまち","2006-03-20","日光市(09206)、今市市(09207)、足尾町(09323)、栗山村(09382)、藤原町(09383)が合併し、日光市を新設"
"09341","栃木県","芳賀郡","はがぐん","二宮町","にのみやまち","2009-03-23","二宮町(09341)が真岡市(09209)に編入"
"09344","栃木県","芳賀郡","はがぐん","市貝村","いちかいむら","1972-01-01","市貝村(09344)が市貝町(09344)に町制施行"
"09344","栃木県","芳賀郡","はがぐん","市貝町","いちかいまち","1972-01-01","市貝村(09344)が市貝町(09344)に町制施行"
"09362","栃木県","下都賀郡","しもつがぐん","石橋町","いしばしまち","2006-01-10","南河内町(09302)、石橋町(09362)、国分寺町(09363)が合併し、下野市(09216)を新設"
"09363","栃木県","下都賀郡","しもつがぐん","国分寺町","こくぶんじまち","2006-01-10","南河内町(09302)、石橋町(09362)、国分寺町(09363)が合併し、下野市(09216)を新設"
"09365","栃木県","下都賀郡","しもつがぐん","大平町","おおひらまち","2010-03-29","栃木市(09203)、大平町(09365)、藤岡町(09366)、都賀町(09368)が合併し、栃木市を新設"
"09366","栃木県","下都賀郡","しもつがぐん","藤岡町","ふじおかまち","2010-03-29","栃木市(09203)、大平町(09365)、藤岡町(09366)、都賀町(09368)が合併し、栃木市を新設"
"09367","栃木県","下都賀郡","しもつがぐん","岩舟町","いわふねまち","2014-04-05","岩舟町(09367)が栃木市(09203)に編入"
"09368","栃木県","下都賀郡","しもつがぐん","都賀町","つがまち","2010-03-29","栃木市(09203)、大平町(09365)、藤岡町(09366)、都賀町(09368)が合併し、栃木市を新設"
"09381","栃木県","塩谷郡","しおやぐん","塩原町","しおばらまち","1982-04-01","塩谷郡塩原町(09381)が那須郡塩原町(09410)に郡の区域変更"
"09382","栃木県","塩谷郡","しおやぐん","栗山村","くりやまむら","2006-03-20","日光市(09206)、今市市(09207)、足尾町(09323)、栗山村(09382)、藤原町(09383)が合併し、日光市を新設"
"09383","栃木県","塩谷郡","しおやぐん","藤原町","ふじはらまち","2006-03-20","日光市(09206)、今市市(09207)、足尾町(09323)、栗山村(09382)、藤原町(09383)が合併し、日光市を新設"
"09385","栃木県","塩谷郡","しおやぐん","氏家町","うじいえまち","2005-03-28","氏家町(09385)、喜連川町(09387)が合併し、さくら市(09214)を新設"
"09387","栃木県","塩谷郡","しおやぐん","喜連川町","きつれがわまち","2005-03-28","氏家町(09385)、喜連川町(09387)が合併し、さくら市(09214)を新設"
"09401","栃木県","那須郡","なすぐん","南那須町","みなみなすまち","1971-09-01","南那須村(09401)が南那須町(09401)に町制施行"
"09401","栃木県","那須郡","なすぐん","南那須村","みなみなすむら","1971-09-01","南那須村(09401)が南那須町(09401)に町制施行"
"09401","栃木県","那須郡","なすぐん","南那須町","みなみなすまち","2005-10-01","南那須町(09401)、烏山町(09402)が合併し、那須烏山市(09215)を新設"
"09402","栃木県","那須郡","なすぐん","烏山町","からすやままち","2005-10-01","南那須町(09401)、烏山町(09402)が合併し、那須烏山市(09215)を新設"
"09403","栃木県","那須郡","なすぐん","馬頭町","ばとうまち","2005-10-01","馬頭町(09403)、小川町(09404)が合併し、那珂川町(09411)を新設"
"09404","栃木県","那須郡","なすぐん","小川町","おがわまち","2005-10-01","馬頭町(09403)、小川町(09404)が合併し、那珂川町(09411)を新設"
"09405","栃木県","那須郡","なすぐん","湯津上村","ゆづかみむら","2005-10-01","湯津上村(09405)、黒羽町(09406)が大田原市(09210)に編入"
"09406","栃木県","那須郡","なすぐん","黒羽町","くろばねまち","2005-10-01","湯津上村(09405)、黒羽町(09406)が大田原市(09210)に編入"
"09408","栃木県","那須郡","なすぐん","黒磯町","くろいそまち","1970-11-01","黒磯町(09408)が黒磯市(09212)に市制施行"
"09409","栃木県","那須郡","なすぐん","西那須野町","にしなすのまち","2005-01-01","黒磯市(09212)、西那須野町(09409)、塩原町(09410)が合併し、那須塩原市(09213)を新設"
"09410","栃木県","那須郡","なすぐん","塩原町","しおばらまち","1982-04-01","塩谷郡塩原町(09381)が那須郡塩原町(09410)に郡の区域変更"
"09410","栃木県","那須郡","なすぐん","塩原町","しおばらまち","2005-01-01","黒磯市(09212)、西那須野町(09409)、塩原町(09410)が合併し、那須塩原市(09213)を新設"
"09411","栃木県","那須郡","なすぐん","那珂川町","なかがわまち","2005-10-01","馬頭町(09403)、小川町(09404)が合併し、那珂川町(09411)を新設"
"09421","栃木県","安蘇郡","あそぐん","田沼町","たぬままち","2005-02-28","佐野市(09204)、田沼町(09421)、葛生町(09422)が合併し、佐野市を新設
安蘇郡(09420)の廃止"
"09422","栃木県","安蘇郡","あそぐん","葛生町","くずうまち","2005-02-28","佐野市(09204)、田沼町(09421)、葛生町(09422)が合併し、佐野市を新設
安蘇郡(09420)の廃止"
"10201","群馬県","","","前橋市","まえばしし","2001-04-01","前橋市(10201)が特例市に移行"
"10201","群馬県","","","前橋市","まえばしし","2004-12-05","大胡町(10304)、宮城村(10305)、粕川村(10306)が前橋市(10201)に編入"
"10201","群馬県","","","前橋市","まえばしし","2009-04-01","前橋市(10201)が特例市から中核市に移行"
"10201","群馬県","","","前橋市","まえばしし","2009-05-05","富士見村(10303)が前橋市(10201)に編入
勢多郡(10300)の廃止"
"10202","群馬県","","","高崎市","たかさきし","2001-04-01","高崎市(10202)が特例市に移行"
"10202","群馬県","","","高崎市","たかさきし","2006-01-23","倉渕村(10322)、箕郷町(10323)、群馬町(10324)、新町(10361)が高崎市(10202)に編入"
"10202","群馬県","","","高崎市","たかさきし","2006-10-01","榛名町(10321)が高崎市(10202)に編入
群馬郡(10320)の廃止"
"10202","群馬県","","","高崎市","たかさきし","2009-06-01","吉井町(10363)が高崎市(10202)に編入"
"10202","群馬県","","","高崎市","たかさきし","2011-04-01","高崎市(10202)が特例市から中核市に移行"
"10203","群馬県","","","桐生市","きりゅうし","2005-06-13","新里村(10307)、黒保根村(10308)が桐生市(10203)に編入"
"10204","群馬県","","","伊勢崎市","いせさきし","2005-01-01","伊勢崎市(10204)、赤堀町(10461)、東村(10462)、境町(10463)が合併し、伊勢崎市を新設"
"10204","群馬県","","","伊勢崎市","いせさきし","2007-04-01","伊勢崎市(10204)が特例市に移行"
"10205","群馬県","","","太田市","おおたし","2005-03-28","太田市(10205)、尾島町(10481)、新田町(10482)、藪塚本町(10483)が合併し、太田市を新設"
"10205","群馬県","","","太田市","おおたし","2007-04-01","太田市(10205)が特例市に移行"
"10206","群馬県","","","沼田市","ぬまたし","2005-02-13","白沢村(10441)、利根村(10442)が沼田市(10206)に編入"
"10208","群馬県","","","渋川市","しぶかわし","2006-02-20","渋川市(10208)、北橘村(10301)、赤城村(10302)、子持村(10341)、小野上村(10342)、伊香保町(10343)が合併し、渋川市を新設"
"10209","群馬県","","","藤岡市","ふじおかし","2006-01-01","鬼石町(10362)が藤岡市(10209)に編入"
"10210","群馬県","","","富岡市","とみおかし","2006-03-27","富岡市(10210)、妙義町(10381)が合併し、富岡市を新設"
"10211","群馬県","","","安中市","あんなかし","2006-03-18","安中市(10211)、松井田町(10401)が合併し、安中市を新設
碓氷郡(10400)の廃止"
"10212","群馬県","","","みどり市","みどりし","2006-03-27","東村(10309)、笠懸町(10484)、大間々町(10501)が合併し、みどり市(10212)を新設
新田郡(10480)の廃止
山田郡(10500)の廃止"
"10301","群馬県","勢多郡","せたぐん","北橘村","きたたちばなむら","2006-02-20","渋川市(10208)、北橘村(10301)、赤城村(10302)、子持村(10341)、小野上村(10342)、伊香保町(10343)が合併し、渋川市を新設"
"10302","群馬県","勢多郡","せたぐん","赤城村","あかぎむら","2006-02-20","渋川市(10208)、北橘村(10301)、赤城村(10302)、子持村(10341)、小野上村(10342)、伊香保町(10343)が合併し、渋川市を新設"
"10303","群馬県","勢多郡","せたぐん","富士見村","ふじみむら","2009-05-05","富士見村(10303)が前橋市(10201)に編入
勢多郡(10300)の廃止"
"10304","群馬県","勢多郡","せたぐん","大胡町","おおごまち","2004-12-05","大胡町(10304)、宮城村(10305)、粕川村(10306)が前橋市(10201)に編入"
"10305","群馬県","勢多郡","せたぐん","宮城村","みやぎむら","2004-12-05","大胡町(10304)、宮城村(10305)、粕川村(10306)が前橋市(10201)に編入"
"10306","群馬県","勢多郡","せたぐん","粕川村","かすかわむら","2004-12-05","大胡町(10304)、宮城村(10305)、粕川村(10306)が前橋市(10201)に編入"
"10307","群馬県","勢多郡","せたぐん","新里村","にいさとむら","2005-06-13","新里村(10307)、黒保根村(10308)が桐生市(10203)に編入"
"10308","群馬県","勢多郡","せたぐん","黒保根村","くろほねむら","2005-06-13","新里村(10307)、黒保根村(10308)が桐生市(10203)に編入"
"10309","群馬県","勢多郡","せたぐん","東村","あずまむら","2006-03-27","東村(10309)、笠懸町(10484)、大間々町(10501)が合併し、みどり市(10212)を新設
新田郡(10480)の廃止
山田郡(10500)の廃止"
"10321","群馬県","群馬郡","ぐんまぐん","榛名町","はるなまち","2006-10-01","榛名町(10321)が高崎市(10202)に編入
群馬郡(10320)の廃止"
"10322","群馬県","群馬郡","ぐんまぐん","倉淵村","くらぶちむら","1996-07-01","倉淵村(10322)が倉渕村(10322)に名称変更"
"10322","群馬県","群馬郡","ぐんまぐん","倉渕村","くらぶちむら","1996-07-01","倉淵村(10322)が倉渕村(10322)に名称変更"
"10322","群馬県","群馬郡","ぐんまぐん","倉渕村","くらぶちむら","2006-01-23","倉渕村(10322)、箕郷町(10323)、群馬町(10324)、新町(10361)が高崎市(10202)に編入"
"10323","群馬県","群馬郡","ぐんまぐん","箕郷町","みさとまち","2006-01-23","倉渕村(10322)、箕郷町(10323)、群馬町(10324)、新町(10361)が高崎市(10202)に編入"
"10324","群馬県","群馬郡","ぐんまぐん","群馬町","ぐんままち","2006-01-23","倉渕村(10322)、箕郷町(10323)、群馬町(10324)、新町(10361)が高崎市(10202)に編入"
"10341","群馬県","北群馬郡","きたぐんまぐん","子持村","こもちむら","2006-02-20","渋川市(10208)、北橘村(10301)、赤城村(10302)、子持村(10341)、小野上村(10342)、伊香保町(10343)が合併し、渋川市を新設"
"10342","群馬県","北群馬郡","きたぐんまぐん","小野上村","おのがみむら","2006-02-20","渋川市(10208)、北橘村(10301)、赤城村(10302)、子持村(10341)、小野上村(10342)、伊香保町(10343)が合併し、渋川市を新設"
"10343","群馬県","北群馬郡","きたぐんまぐん","伊香保町","いかほまち","2006-02-20","渋川市(10208)、北橘村(10301)、赤城村(10302)、子持村(10341)、小野上村(10342)、伊香保町(10343)が合併し、渋川市を新設"
"10345","群馬県","北群馬郡","きたぐんまぐん","吉岡村","よしおかむら","1991-04-01","吉岡村(10345)が吉岡町(10345)に町制施行"
"10345","群馬県","北群馬郡","きたぐんまぐん","吉岡町","よしおかまち","1991-04-01","吉岡村(10345)が吉岡町(10345)に町制施行"
"10361","群馬県","多野郡","たのぐん","新町","しんまち","2006-01-23","倉渕村(10322)、箕郷町(10323)、群馬町(10324)、新町(10361)が高崎市(10202)に編入"
"10362","群馬県","多野郡","たのぐん","鬼石町","おにしまち","2006-01-01","鬼石町(10362)が藤岡市(10209)に編入"
"10363","群馬県","多野郡","たのぐん","吉井町","よしいまち","2009-06-01","吉井町(10363)が高崎市(10202)に編入"
"10364","群馬県","多野郡","たのぐん","万場町","まんばまち","2003-04-01","万場町(10364)、中里村(10365)が合併し、神流町(10367)を新設"
"10365","群馬県","多野郡","たのぐん","中里村","なかさとむら","2003-04-01","万場町(10364)、中里村(10365)が合併し、神流町(10367)を新設"
"10367","群馬県","多野郡","たのぐん","神流町","かんなまち","2003-04-01","万場町(10364)、中里村(10365)が合併し、神流町(10367)を新設"
"10381","群馬県","甘楽郡","かんらぐん","妙義町","みょうぎまち","2006-03-27","富岡市(10210)、妙義町(10381)が合併し、富岡市を新設"
"10401","群馬県","碓氷郡","うすいぐん","松井田町","まついだまち","2006-03-18","安中市(10211)、松井田町(10401)が合併し、安中市を新設
碓氷郡(10400)の廃止"
"10421","群馬県","吾妻郡","あがつまぐん","中之条町","なかのじょうまち","2010-03-28","六合村(10427)が中之条町(10421)に編入"
"10422","群馬県","吾妻郡","あがつまぐん","東村","あづまむら","2006-03-27","東村(10422)、吾妻町(10423)が合併し、東吾妻町(10429)を新設"
"10423","群馬県","吾妻郡","あがつまぐん","吾妻町","あがつままち","2006-03-27","東村(10422)、吾妻町(10423)が合併し、東吾妻町(10429)を新設"
"10427","群馬県","吾妻郡","あがつまぐん","六合村","くにむら","2010-03-28","六合村(10427)が中之条町(10421)に編入"
"10429","群馬県","吾妻郡","あがつまぐん","東吾妻町","ひがしあがつままち","2006-03-27","東村(10422)、吾妻町(10423)が合併し、東吾妻町(10429)を新設"
"10441","群馬県","利根郡","とねぐん","白沢村","しらさわむら","2005-02-13","白沢村(10441)、利根村(10442)が沼田市(10206)に編入"
"10442","群馬県","利根郡","とねぐん","利根村","とねむら","2005-02-13","白沢村(10441)、利根村(10442)が沼田市(10206)に編入"
"10445","群馬県","利根郡","とねぐん","月夜野町","つきよのまち","2005-10-01","月夜野町(10445)、水上町(10446)、新治村(10447)が合併し、みなかみ町(10449)を新設"
"10446","群馬県","利根郡","とねぐん","水上町","みなかみまち","2005-10-01","月夜野町(10445)、水上町(10446)、新治村(10447)が合併し、みなかみ町(10449)を新設"
"10447","群馬県","利根郡","とねぐん","新治村","にいはるむら","2005-10-01","月夜野町(10445)、水上町(10446)、新治村(10447)が合併し、みなかみ町(10449)を新設"
"10449","群馬県","利根郡","とねぐん","みなかみ町","みなかみまち","2005-10-01","月夜野町(10445)、水上町(10446)、新治村(10447)が合併し、みなかみ町(10449)を新設"
"10461","群馬県","佐波郡","さわぐん","赤堀村","あかぼりむら","1986-10-01","赤堀村(10461)が赤堀町(10461)に町制施行"
"10461","群馬県","佐波郡","さわぐん","赤堀町","あかぼりまち","1986-10-01","赤堀村(10461)が赤堀町(10461)に町制施行"
"10461","群馬県","佐波郡","さわぐん","赤堀町","あかぼりまち","2005-01-01","伊勢崎市(10204)、赤堀町(10461)、東村(10462)、境町(10463)が合併し、伊勢崎市を新設"
"10462","群馬県","佐波郡","さわぐん","東村","あずまむら","2005-01-01","伊勢崎市(10204)、赤堀町(10461)、東村(10462)、境町(10463)が合併し、伊勢崎市を新設"
"10463","群馬県","佐波郡","さわぐん","境町","さかいまち","2005-01-01","伊勢崎市(10204)、赤堀町(10461)、東村(10462)、境町(10463)が合併し、伊勢崎市を新設"
"10481","群馬県","新田郡","にったぐん","尾島町","おじままち","2005-03-28","太田市(10205)、尾島町(10481)、新田町(10482)、藪塚本町(10483)が合併し、太田市を新設"
"10482","群馬県","新田郡","にったぐん","新田町","にったまち","2005-03-28","太田市(10205)、尾島町(10481)、新田町(10482)、藪塚本町(10483)が合併し、太田市を新設"
"10483","群馬県","新田郡","にったぐん","藪塚本町","やぶづかほんまち","2005-03-28","太田市(10205)、尾島町(10481)、新田町(10482)、藪塚本町(10483)が合併し、太田市を新設"
"10484","群馬県","新田郡","にったぐん","笠懸村","かさかけむら","1990-04-01","笠懸村(10484)が笠懸町(10484)に町制施行"
"10484","群馬県","新田郡","にったぐん","笠懸町","かさかけまち","1990-04-01","笠懸村(10484)が笠懸町(10484)に町制施行"
"10484","群馬県","新田郡","にったぐん","笠懸町","かさかけまち","2006-03-27","東村(10309)、笠懸町(10484)、大間々町(10501)が合併し、みどり市(10212)を新設
新田郡(10480)の廃止
山田郡(10500)の廃止"
"10501","群馬県","山田郡","やまだぐん","大間々町","おおまままち","2006-03-27","東村(10309)、笠懸町(10484)、大間々町(10501)が合併し、みどり市(10212)を新設
新田郡(10480)の廃止
山田郡(10500)の廃止"
"10522","群馬県","邑楽郡","おうらぐん","明和町","めいわまち","1998-10-01","明和村(10522)が明和町(10522)に町制施行"
"10522","群馬県","邑楽郡","おうらぐん","明和村","めいわむら","1998-10-01","明和村(10522)が明和町(10522)に町制施行"
"10523","群馬県","邑楽郡","おうらぐん","千代田村","ちよだむら","1982-04-01","千代田村(10523)が千代田町(10523)に町制施行"
"10523","群馬県","邑楽郡","おうらぐん","千代田町","ちよだまち","1982-04-01","千代田村(10523)が千代田町(10523)に町制施行"
"11100","埼玉県","さいたま市","さいたまし","","","2003-04-01","さいたま市(11244)のさいたま市(11100)への政令指定都市施行
西区(11101)、北区(11102)、大宮区(11103)、見沼区(11104)、中央区(11105)、桜区(11106)、浦和区(11107)、南区(11108)、緑区(11109)の新設"
"11100","埼玉県","さいたま市","さいたまし","","","2005-04-01","岩槻市(11213)がさいたま市(11100)に編入"
"11101","埼玉県","さいたま市","さいたまし","西区","にしく","2003-04-01","さいたま市(11244)のさいたま市(11100)への政令指定都市施行
西区(11101)、北区(11102)、大宮区(11103)、見沼区(11104)、中央区(11105)、桜区(11106)、浦和区(11107)、南区(11108)、緑区(11109)の新設"
"11102","埼玉県","さいたま市","さいたまし","北区","きたく","2003-04-01","さいたま市(11244)のさいたま市(11100)への政令指定都市施行
西区(11101)、北区(11102)、大宮区(11103)、見沼区(11104)、中央区(11105)、桜区(11106)、浦和区(11107)、南区(11108)、緑区(11109)の新設"
"11103","埼玉県","さいたま市","さいたまし","大宮区","おおみやく","2003-04-01","さいたま市(11244)のさいたま市(11100)への政令指定都市施行
西区(11101)、北区(11102)、大宮区(11103)、見沼区(11104)、中央区(11105)、桜区(11106)、浦和区(11107)、南区(11108)、緑区(11109)の新設"
"11104","埼玉県","さいたま市","さいたまし","見沼区","みぬまく","2003-04-01","さいたま市(11244)のさいたま市(11100)への政令指定都市施行
西区(11101)、北区(11102)、大宮区(11103)、見沼区(11104)、中央区(11105)、桜区(11106)、浦和区(11107)、南区(11108)、緑区(11109)の新設"
"11105","埼玉県","さいたま市","さいたまし","中央区","ちゅうおうく","2003-04-01","さいたま市(11244)のさいたま市(11100)への政令指定都市施行
西区(11101)、北区(11102)、大宮区(11103)、見沼区(11104)、中央区(11105)、桜区(11106)、浦和区(11107)、南区(11108)、緑区(11109)の新設"
"11106","埼玉県","さいたま市","さいたまし","桜区","さくらく","2003-04-01","さいたま市(11244)のさいたま市(11100)への政令指定都市施行
西区(11101)、北区(11102)、大宮区(11103)、見沼区(11104)、中央区(11105)、桜区(11106)、浦和区(11107)、南区(11108)、緑区(11109)の新設"
"11107","埼玉県","さいたま市","さいたまし","浦和区","うらわく","2003-04-01","さいたま市(11244)のさいたま市(11100)への政令指定都市施行
西区(11101)、北区(11102)、大宮区(11103)、見沼区(11104)、中央区(11105)、桜区(11106)、浦和区(11107)、南区(11108)、緑区(11109)の新設"
"11108","埼玉県","さいたま市","さいたまし","南区","みなみく","2003-04-01","さいたま市(11244)のさいたま市(11100)への政令指定都市施行
西区(11101)、北区(11102)、大宮区(11103)、見沼区(11104)、中央区(11105)、桜区(11106)、浦和区(11107)、南区(11108)、緑区(11109)の新設"
"11109","埼玉県","さいたま市","さいたまし","緑区","みどりく","2003-04-01","さいたま市(11244)のさいたま市(11100)への政令指定都市施行
西区(11101)、北区(11102)、大宮区(11103)、見沼区(11104)、中央区(11105)、桜区(11106)、浦和区(11107)、南区(11108)、緑区(11109)の新設"
"11110","埼玉県","さいたま市","さいたまし","岩槻区","いわつきく","2005-04-01","岩槻区(11110)の新設"
"11201","埼玉県","","","川越市","かわごえし","2003-04-01","川越市(11201)が中核市に移行"
"11202","埼玉県","","","熊谷市","くまがやし","2005-10-01","熊谷市(11202)、大里町(11401)、妻沼町(11403)が合併し、熊谷市を新設"
"11202","埼玉県","","","熊谷市","くまがやし","2007-02-13","江南町(11402)が熊谷市(11202)に編入"
"11202","埼玉県","","","熊谷市","くまがやし","2009-04-01","熊谷市(11202)が特例市に移行"
"11203","埼玉県","","","川口市","かわぐちし","2001-04-01","川口市(11203)が特例市に移行"
"11203","埼玉県","","","川口市","かわぐちし","2011-10-11","鳩ケ谷市(11226)が川口市(11203)に編入"
"11203","埼玉県","","","川口市","かわぐちし","2018-04-01","川口市(11203)が特例市から中核市に移行"
"11204","埼玉県","","","浦和市","うらわし","2001-05-01","浦和市(11204)、大宮市(11205)、与野市(11220)が合併し、さいたま市(11244)を新設"
"11205","埼玉県","","","大宮市","おおみやし","2001-05-01","浦和市(11204)、大宮市(11205)、与野市(11220)が合併し、さいたま市(11244)を新設"
"11206","埼玉県","","","行田市","ぎょうだし","2006-01-01","南河原村(11422)が行田市(11206)に編入"
"11207","埼玉県","","","秩父市","ちちぶし","2005-04-01","秩父市(11207)、吉田町(11364)、大滝村(11367)、荒川村(11368)が合併し、秩父市を新設"
"11208","埼玉県","","","所沢市","ところざわし","2002-04-01","所沢市(11208)が特例市に移行"
"11209","埼玉県","","","飯能市","はんのうし","2005-01-01","名栗村(11330)が飯能市(11209)に編入"
"11210","埼玉県","","","加須市","かぞし","2010-03-23","加須市(11210)、騎西町(11421)、北川辺町(11424)、大利根町(11425)が合併し、加須市を新設
北埼玉郡(11420)の廃止"
"11211","埼玉県","","","本庄市","ほんじょうし","2006-01-10","本庄市(11211)、児玉町(11382)が合併し、本庄市を新設"
"11213","埼玉県","","","岩槻市","いわつきし","2005-04-01","岩槻市(11213)がさいたま市(11100)に編入"
"11214","埼玉県","","","春日部市","かすかべし","2005-10-01","春日部市(11214)、庄和町(11468)が合併し、春日部市を新設"
"11214","埼玉県","","","春日部市","かすかべし","2008-04-01","春日部市(11214)が特例市に移行"
"11217","埼玉県","","","鴻巣市","こうのすし","2005-10-01","吹上町(11304)、川里町(11423)が鴻巣市(11217)に編入"
"11218","埼玉県","","","深谷市","ふかやし","1973-04-01","豊里村(11404)が深谷市(11218)に編入"
"11218","埼玉県","","","深谷市","ふかやし","2006-01-01","深谷市(11218)、岡部町(11405)、川本町(11406)、花園町(11407)が合併し、深谷市を新設"
"11220","埼玉県","","","与野市","よのし","2001-05-01","浦和市(11204)、大宮市(11205)、与野市(11220)が合併し、さいたま市(11244)を新設"
"11221","埼玉県","","","草加市","そうかし","2004-04-01","草加市(11221)が特例市に移行"
"11222","埼玉県","","","越谷市","こしがやし","2003-04-01","越谷市(11222)が特例市に移行"
"11222","埼玉県","","","越谷市","こしがやし","2015-04-01","越谷市(11222)が特例市から中核市に移行"
"11226","埼玉県","","","鳩ケ谷市","はとがやし","2011-10-11","鳩ケ谷市(11226)が川口市(11203)に編入"
"11228","埼玉県","","","志木市","しきし","1970-10-26","足立町(11305)が志木町に名称変更し、志木市(11228)に市制施行"
"11229","埼玉県","","","和光市","わこうし","1970-10-31","大和町(11307)が和光町に名称変更し、和光市(11229)に市制施行"
"11230","埼玉県","","","新座市","にいざし","1970-11-01","新座町(11306)が新座市(11230)に市制施行"
"11231","埼玉県","","","桶川市","おけがわし","1970-11-03","桶川町(11302)が桶川市(11231)に市制施行"
"11232","埼玉県","","","久喜市","くきし","1971-10-01","久喜町(11443)が久喜市(11232)に市制施行"
"11232","埼玉県","","","久喜市","くきし","2010-03-23","久喜市(11232)、菖蒲町(11446)、栗橋町(11461)、鷲宮町(11462)が合併し、久喜市を新設"
"11233","埼玉県","","","北本市","きたもとし","1971-11-03","北本町(11303)が北本市(11233)に市制施行"
"11234","埼玉県","","","八潮市","やしおし","1972-01-15","八潮町(11441)が八潮市(11234)に市制施行"
"11235","埼玉県","","","富士見市","ふじみし","1972-04-10","富士見町(11323)が富士見市(11235)に市制施行"
"11236","埼玉県","","","上福岡市","かみふくおかし","1972-04-10","福岡町(11321)が上福岡町に名称変更し、上福岡市(11236)に市制施行"
"11236","埼玉県","","","上福岡市","かみふくおかし","2005-10-01","上福岡市(11236)、大井町(11322)が合併し、ふじみ野市(11245)を新設"
"11237","埼玉県","","","三郷市","みさとし","1972-05-03","三郷町(11467)が三郷市(11237)に市制施行"
"11238","埼玉県","","","蓮田市","はすだし","1972-10-01","蓮田町(11444)が蓮田市(11238)に市制施行"
"11238","埼玉県","","","蓮田市","はすだし","2011-01-04","蓮田市(11238)が蓮田市(11238)に名称変更"
"11238","埼玉県","","","蓮田市","はすだし","2011-01-04","蓮田市(11238)が蓮田市(11238)に名称変更"
"11239","埼玉県","","","坂戸市","さかどし","1976-09-01","坂戸町(11325)が坂戸市(11239)に市制施行"
"11240","埼玉県","","","幸手市","さってし","1986-10-01","幸手町(11463)が幸手市(11240)に市制施行"
"11241","埼玉県","","","鶴ヶ島市","つるがしまし","1991-09-01","鶴ヶ島町(11328)が鶴ヶ島市(11241)に市制施行"
"11242","埼玉県","","","日高市","ひだかし","1991-10-01","日高町(11329)が日高市(11242)に市制施行"
"11243","埼玉県","","","吉川市","よしかわし","1996-04-01","吉川町(11466)が吉川市(11243)に市制施行"
"11244","埼玉県","","","さいたま市","さいたまし","2001-05-01","浦和市(11204)、大宮市(11205)、与野市(11220)が合併し、さいたま市(11244)を新設"
"11244","埼玉県","","","さいたま市","さいたまし","2003-04-01","さいたま市(11244)のさいたま市(11100)への政令指定都市施行
西区(11101)、北区(11102)、大宮区(11103)、見沼区(11104)、中央区(11105)、桜区(11106)、浦和区(11107)、南区(11108)、緑区(11109)の新設"
"11245","埼玉県","","","ふじみ野市","ふじみのし","2005-10-01","上福岡市(11236)、大井町(11322)が合併し、ふじみ野市(11245)を新設"
"11246","埼玉県","","","白岡市","しらおかし","2012-10-01","白岡町(11445)が白岡市(11246)に市制施行"
"11301","埼玉県","北足立郡","きたあだちぐん","伊奈村","いなむら","1970-11-01","伊奈村(11301)が伊奈町(11301)に町制施行"
"11301","埼玉県","北足立郡","きたあだちぐん","伊奈町","いなまち","1970-11-01","伊奈村(11301)が伊奈町(11301)に町制施行"
"11302","埼玉県","北足立郡","きたあだちぐん","桶川町","おけがわまち","1970-11-03","桶川町(11302)が桶川市(11231)に市制施行"
"11303","埼玉県","北足立郡","きたあだちぐん","北本町","きたもとまち","1971-11-03","北本町(11303)が北本市(11233)に市制施行"
"11304","埼玉県","北足立郡","きたあだちぐん","吹上町","ふきあげまち","2005-10-01","吹上町(11304)、川里町(11423)が鴻巣市(11217)に編入"
"11305","埼玉県","北足立郡","きたあだちぐん","足立町","あだちまち","1970-10-26","足立町(11305)が志木町に名称変更し、志木市(11228)に市制施行"
"11306","埼玉県","北足立郡","きたあだちぐん","新座町","にいざまち","1970-11-01","新座町(11306)が新座市(11230)に市制施行"
"11307","埼玉県","北足立郡","きたあだちぐん","大和町","やまとまち","1970-10-31","大和町(11307)が和光町に名称変更し、和光市(11229)に市制施行"
"11321","埼玉県","入間郡","いるまぐん","福岡町","ふくおかまち","1972-04-10","福岡町(11321)が上福岡町に名称変更し、上福岡市(11236)に市制施行"
"11322","埼玉県","入間郡","いるまぐん","大井町","おおいまち","2005-10-01","上福岡市(11236)、大井町(11322)が合併し、ふじみ野市(11245)を新設"
"11323","埼玉県","入間郡","いるまぐん","富士見町","ふじみまち","1972-04-10","富士見町(11323)が富士見市(11235)に市制施行"
"11324","埼玉県","入間郡","いるまぐん","三芳村","みよしむら","1970-11-03","三芳村(11324)が三芳町(11324)に町制施行"
"11324","埼玉県","入間郡","いるまぐん","三芳町","みよしまち","1970-11-03","三芳村(11324)が三芳町(11324)に町制施行"
"11325","埼玉県","入間郡","いるまぐん","坂戸町","さかどまち","1976-09-01","坂戸町(11325)が坂戸市(11239)に市制施行"
"11328","埼玉県","入間郡","いるまぐん","鶴ヶ島町","つるがしまちょう","1991-09-01","鶴ヶ島町(11328)が鶴ヶ島市(11241)に市制施行"
"11329","埼玉県","入間郡","いるまぐん","日高町","ひだかまち","1991-10-01","日高町(11329)が日高市(11242)に市制施行"
"11330","埼玉県","入間郡","いるまぐん","名栗村","なぐりむら","2005-01-01","名栗村(11330)が飯能市(11209)に編入"
"11341","埼玉県","比企郡","ひきぐん","滑川町","なめがわまち","1984-11-03","滑川村(11341)が滑川町(11341)に町制施行"
"11341","埼玉県","比企郡","ひきぐん","滑川村","なめがわむら","1984-11-03","滑川村(11341)が滑川町(11341)に町制施行"
"11344","埼玉県","比企郡","ひきぐん","都幾川村","ときがわむら","2006-02-01","都幾川村(11344)、玉川村(11345)が合併し、ときがわ町(11349)を新設"
"11345","埼玉県","比企郡","ひきぐん","玉川村","たまがわむら","2006-02-01","都幾川村(11344)、玉川村(11345)が合併し、ときがわ町(11349)を新設"
"11346","埼玉県","比企郡","ひきぐん","川島村","かわじまむら","1972-11-03","川島村(11346)が川島町(11346)に町制施行"
"11346","埼玉県","比企郡","ひきぐん","川島町","かわじままち","1972-11-03","川島村(11346)が川島町(11346)に町制施行"
"11347","埼玉県","比企郡","ひきぐん","吉見村","よしみむら","1972-11-03","吉見村(11347)が吉見町(11347)に町制施行"
"11347","埼玉県","比企郡","ひきぐん","吉見町","よしみまち","1972-11-03","吉見村(11347)が吉見町(11347)に町制施行"
"11348","埼玉県","比企郡","ひきぐん","鳩山町","はとやままち","1982-04-01","鳩山村(11348)が鳩山町(11348)に町制施行"
"11348","埼玉県","比企郡","ひきぐん","鳩山村","はとやまむら","1982-04-01","鳩山村(11348)が鳩山町(11348)に町制施行"
"11349","埼玉県","比企郡","ひきぐん","ときがわ町","ときがわまち","2006-02-01","都幾川村(11344)、玉川村(11345)が合併し、ときがわ町(11349)を新設"
"11361","埼玉県","秩父郡","ちちぶぐん","横瀬村","よこぜむら","1984-10-01","横瀬村(11361)が横瀬町(11361)に町制施行"
"11361","埼玉県","秩父郡","ちちぶぐん","横瀬町","よこぜまち","1984-10-01","横瀬村(11361)が横瀬町(11361)に町制施行"
"11363","埼玉県","秩父郡","ちちぶぐん","長瀞町","ながとろまち","1972-11-01","野上町(11363)が長瀞町(11363)に名称変更"
"11363","埼玉県","秩父郡","ちちぶぐん","野上町","のがみまち","1972-11-01","野上町(11363)が長瀞町(11363)に名称変更"
"11364","埼玉県","秩父郡","ちちぶぐん","吉田町","よしだまち","2005-04-01","秩父市(11207)、吉田町(11364)、大滝村(11367)、荒川村(11368)が合併し、秩父市を新設"
"11365","埼玉県","秩父郡","ちちぶぐん","小鹿野町","おがのまち","2005-10-01","小鹿野町(11365)、両神村(11366)が合併し、小鹿野町を新設"
"11366","埼玉県","秩父郡","ちちぶぐん","両神村","りょうかみむら","2005-10-01","小鹿野町(11365)、両神村(11366)が合併し、小鹿野町を新設"
"11367","埼玉県","秩父郡","ちちぶぐん","大滝村","おおたきむら","2005-04-01","秩父市(11207)、吉田町(11364)、大滝村(11367)、荒川村(11368)が合併し、秩父市を新設"
"11368","埼玉県","秩父郡","ちちぶぐん","荒川村","あらかわむら","2005-04-01","秩父市(11207)、吉田町(11364)、大滝村(11367)、荒川村(11368)が合併し、秩父市を新設"
"11381","埼玉県","児玉郡","こだまぐん","美里町","みさとまち","1984-10-01","美里村(11381)が美里町(11381)に町制施行"
"11381","埼玉県","児玉郡","こだまぐん","美里村","みさとむら","1984-10-01","美里村(11381)が美里町(11381)に町制施行"
"11382","埼玉県","児玉郡","こだまぐん","児玉町","こだままち","2006-01-10","本庄市(11211)、児玉町(11382)が合併し、本庄市を新設"
"11383","埼玉県","児玉郡","こだまぐん","神川村","かみかわむら","1987-10-01","神川村(11383)が神川町(11383)に町制施行"
"11383","埼玉県","児玉郡","こだまぐん","神川町","かみかわまち","1987-10-01","神川村(11383)が神川町(11383)に町制施行"
"11383","埼玉県","児玉郡","こだまぐん","神川町","かみかわまち","2006-01-01","神川町(11383)、神泉村(11384)が合併し、神川町を新設"
"11384","埼玉県","児玉郡","こだまぐん","神泉村","かみいずみむら","2006-01-01","神川町(11383)、神泉村(11384)が合併し、神川町を新設"
"11385","埼玉県","児玉郡","こだまぐん","上里町","かみさとまち","1971-11-03","上里村(11385)が上里町(11385)に町制施行"
"11385","埼玉県","児玉郡","こだまぐん","上里村","かみさとむら","1971-11-03","上里村(11385)が上里町(11385)に町制施行"
"11401","埼玉県","大里郡","おおさとぐん","大里村","おおさとむら","2002-04-01","大里村(11401)が大里町(11401)に町制施行"
"11401","埼玉県","大里郡","おおさとぐん","大里町","おおさとまち","2002-04-01","大里村(11401)が大里町(11401)に町制施行"
"11401","埼玉県","大里郡","おおさとぐん","大里町","おおさとまち","2005-10-01","熊谷市(11202)、大里町(11401)、妻沼町(11403)が合併し、熊谷市を新設"
"11402","埼玉県","大里郡","おおさとぐん","江南町","こうなんまち","1985-11-01","江南村(11402)が江南町(11402)に町制施行"
"11402","埼玉県","大里郡","おおさとぐん","江南村","こうなんむら","1985-11-01","江南村(11402)が江南町(11402)に町制施行"
"11402","埼玉県","大里郡","おおさとぐん","江南町","こうなんまち","2007-02-13","江南町(11402)が熊谷市(11202)に編入"
"11403","埼玉県","大里郡","おおさとぐん","妻沼町","めぬままち","2005-10-01","熊谷市(11202)、大里町(11401)、妻沼町(11403)が合併し、熊谷市を新設"
"11404","埼玉県","大里郡","おおさとぐん","豊里村","とよさとむら","1973-04-01","豊里村(11404)が深谷市(11218)に編入"
"11405","埼玉県","大里郡","おおさとぐん","岡部町","おかべまち","2006-01-01","深谷市(11218)、岡部町(11405)、川本町(11406)、花園町(11407)が合併し、深谷市を新設"
"11406","埼玉県","大里郡","おおさとぐん","川本村","かわもとむら","1977-02-11","川本村(11406)が川本町(11406)に町制施行"
"11406","埼玉県","大里郡","おおさとぐん","川本町","かわもとまち","1977-02-11","川本村(11406)が川本町(11406)に町制施行"
"11406","埼玉県","大里郡","おおさとぐん","川本町","かわもとまち","2006-01-01","深谷市(11218)、岡部町(11405)、川本町(11406)、花園町(11407)が合併し、深谷市を新設"
"11407","埼玉県","大里郡","おおさとぐん","花園町","はなぞのまち","1983-06-01","花園村(11407)が花園町(11407)に町制施行"
"11407","埼玉県","大里郡","おおさとぐん","花園村","はなぞのむら","1983-06-01","花園村(11407)が花園町(11407)に町制施行"
"11407","埼玉県","大里郡","おおさとぐん","花園町","はなぞのまち","2006-01-01","深谷市(11218)、岡部町(11405)、川本町(11406)、花園町(11407)が合併し、深谷市を新設"
"11421","埼玉県","北埼玉郡","きたさいたまぐん","騎西町","きさいまち","2010-03-23","加須市(11210)、騎西町(11421)、北川辺町(11424)、大利根町(11425)が合併し、加須市を新設
北埼玉郡(11420)の廃止"
"11422","埼玉県","北埼玉郡","きたさいたまぐん","南河原村","みなみかわらむら","2006-01-01","南河原村(11422)が行田市(11206)に編入"
"11423","埼玉県","北埼玉郡","きたさいたまぐん","川里村","かわさとむら","2001-05-01","川里村(11423)が川里町(11423)に町制施行"
"11423","埼玉県","北埼玉郡","きたさいたまぐん","川里町","かわさとまち","2001-05-01","川里村(11423)が川里町(11423)に町制施行"
"11423","埼玉県","北埼玉郡","きたさいたまぐん","川里町","かわさとまち","2005-10-01","吹上町(11304)、川里町(11423)が鴻巣市(11217)に編入"
"11424","埼玉県","北埼玉郡","きたさいたまぐん","北川辺村","きたかわべむら","1971-04-01","北川辺村(11424)が北川辺町(11424)に町制施行"
"11424","埼玉県","北埼玉郡","きたさいたまぐん","北川辺町","きたかわべまち","1971-04-01","北川辺村(11424)が北川辺町(11424)に町制施行"
"11424","埼玉県","北埼玉郡","きたさいたまぐん","北川辺町","きたかわべまち","2010-03-23","加須市(11210)、騎西町(11421)、北川辺町(11424)、大利根町(11425)が合併し、加須市を新設
北埼玉郡(11420)の廃止"
"11425","埼玉県","北埼玉郡","きたさいたまぐん","大利根村","おおとねむら","1971-01-01","大利根村(11425)が大利根町(11425)に町制施行"
"11425","埼玉県","北埼玉郡","きたさいたまぐん","大利根町","おおとねまち","1971-01-01","大利根村(11425)が大利根町(11425)に町制施行"
"11425","埼玉県","北埼玉郡","きたさいたまぐん","大利根町","おおとねまち","2010-03-23","加須市(11210)、騎西町(11421)、北川辺町(11424)、大利根町(11425)が合併し、加須市を新設
北埼玉郡(11420)の廃止"
"11441","埼玉県","南埼玉郡","みなみさいたまぐん","八潮町","やしおまち","1972-01-15","八潮町(11441)が八潮市(11234)に市制施行"
"11443","埼玉県","南埼玉郡","みなみさいたまぐん","久喜町","くきまち","1971-10-01","久喜町(11443)が久喜市(11232)に市制施行"
"11444","埼玉県","南埼玉郡","みなみさいたまぐん","蓮田町","はすだまち","1972-10-01","蓮田町(11444)が蓮田市(11238)に市制施行"
"11445","埼玉県","南埼玉郡","みなみさいたまぐん","白岡町","しらおかまち","2012-10-01","白岡町(11445)が白岡市(11246)に市制施行"
"11446","埼玉県","南埼玉郡","みなみさいたまぐん","菖蒲町","しょうぶまち","2010-03-23","久喜市(11232)、菖蒲町(11446)、栗橋町(11461)、鷲宮町(11462)が合併し、久喜市を新設"
"11461","埼玉県","北葛飾郡","きたかつしかぐん","栗橋町","くりはしまち","2010-03-23","久喜市(11232)、菖蒲町(11446)、栗橋町(11461)、鷲宮町(11462)が合併し、久喜市を新設"
"11462","埼玉県","北葛飾郡","きたかつしかぐん","鷲宮町","わしみやまち","2010-03-23","久喜市(11232)、菖蒲町(11446)、栗橋町(11461)、鷲宮町(11462)が合併し、久喜市を新設"
"11463","埼玉県","北葛飾郡","きたかつしかぐん","幸手町","さってまち","1986-10-01","幸手町(11463)が幸手市(11240)に市制施行"
"11466","埼玉県","北葛飾郡","きたかつしかぐん","吉川町","よしかわまち","1996-04-01","吉川町(11466)が吉川市(11243)に市制施行"
"11467","埼玉県","北葛飾郡","きたかつしかぐん","三郷町","みさとまち","1972-05-03","三郷町(11467)が三郷市(11237)に市制施行"
"11468","埼玉県","北葛飾郡","きたかつしかぐん","庄和町","しょうわまち","2005-10-01","春日部市(11214)、庄和町(11468)が合併し、春日部市を新設"
"12100","千葉県","千葉市","ちばし","","","1992-04-01","千葉市(12201)の千葉市(12100)への政令指定都市施行
中央区(12101)、花見川区(12102)、稲毛区(12103)、若葉区(12104)、緑区(12105)、美浜区(12106)の新設"
"12101","千葉県","千葉市","ちばし","中央区","ちゅうおうく","1992-04-01","千葉市(12201)の千葉市(12100)への政令指定都市施行
中央区(12101)、花見川区(12102)、稲毛区(12103)、若葉区(12104)、緑区(12105)、美浜区(12106)の新設"
"12102","千葉県","千葉市","ちばし","花見川区","はなみがわく","1992-04-01","千葉市(12201)の千葉市(12100)への政令指定都市施行
中央区(12101)、花見川区(12102)、稲毛区(12103)、若葉区(12104)、緑区(12105)、美浜区(12106)の新設"
"12103","千葉県","千葉市","ちばし","稲毛区","いなげく","1992-04-01","千葉市(12201)の千葉市(12100)への政令指定都市施行
中央区(12101)、花見川区(12102)、稲毛区(12103)、若葉区(12104)、緑区(12105)、美浜区(12106)の新設"
"12104","千葉県","千葉市","ちばし","若葉区","わかばく","1992-04-01","千葉市(12201)の千葉市(12100)への政令指定都市施行
中央区(12101)、花見川区(12102)、稲毛区(12103)、若葉区(12104)、緑区(12105)、美浜区(12106)の新設"
"12105","千葉県","千葉市","ちばし","緑区","みどりく","1992-04-01","千葉市(12201)の千葉市(12100)への政令指定都市施行
中央区(12101)、花見川区(12102)、稲毛区(12103)、若葉区(12104)、緑区(12105)、美浜区(12106)の新設"
"12106","千葉県","千葉市","ちばし","美浜区","みはまく","1992-04-01","千葉市(12201)の千葉市(12100)への政令指定都市施行
中央区(12101)、花見川区(12102)、稲毛区(12103)、若葉区(12104)、緑区(12105)、美浜区(12106)の新設"
"12201","千葉県","","","千葉市","ちばし","1992-04-01","千葉市(12201)の千葉市(12100)への政令指定都市施行
中央区(12101)、花見川区(12102)、稲毛区(12103)、若葉区(12104)、緑区(12105)、美浜区(12106)の新設"
"12204","千葉県","","","船橋市","ふなばしし","2003-04-01","船橋市(12204)が中核市に移行"
"12206","千葉県","","","木更津市","きさらづし","1971-09-10","富来田町(12483)が木更津市(12206)に編入"
"12208","千葉県","","","野田市","のだし","2003-06-06","関宿町(12303)が野田市(12208)に編入"
"12209","千葉県","","","佐原市","さわらし","2006-03-27","佐原市(12209)、小見川町(12344)、山田町(12345)、栗源町(12346)が合併し、香取市(12236)を新設"
"12210","千葉県","","","茂原市","もばらし","1972-05-01","茂原市(12210)、本納町(12425)が合併し、茂原市を新設"
"12211","千葉県","","","成田市","なりたし","2006-03-27","下総町(12341)、大栄町(12343)が成田市(12211)に編入"
"12214","千葉県","","","八日市場市","ようかいちばし","2006-01-23","八日市場市(12214)、野栄町(12382)が合併し、匝瑳市(12235)を新設"
"12215","千葉県","","","旭市","あさひし","2005-07-01","旭市(12215)、干潟町(12348)、海上町(12361)、飯岡町(12362)が合併し、旭市を新設
海上郡(12360)の廃止"
"12217","千葉県","","","柏市","かしわし","2005-03-28","沼南町(12305)が柏市(12217)に編入
東葛飾郡(12300)の廃止"
"12217","千葉県","","","柏市","かしわし","2008-04-01","柏市(12217)が中核市に移行"
"12222","千葉県","","","我孫子市","あびこし","1970-07-01","我孫子町(12304)が我孫子市(12222)に市制施行"
"12223","千葉県","","","鴨川市","かもがわし","1971-03-31","江見町(12469)、長狭町(12470)、鴨川町(12471)が合併し、鴨川市(12223)を新設"
"12223","千葉県","","","鴨川市","かもがわし","2005-02-11","鴨川市(12223)、天津小湊町(12472)が合併し、鴨川市を新設"
"12224","千葉県","","","鎌ケ谷市","かまがやし","1971-09-01","鎌ケ谷町(12302)が鎌ケ谷市(12224)に市制施行"
"12225","千葉県","","","君津市","きみつし","1971-09-01","君津町(12486)が君津市(12225)に市制施行"
"12226","千葉県","","","富津市","ふっつし","1971-09-01","富津町(12489)が富津市(12226)に市制施行"
"12227","千葉県","","","浦安市","うらやすし","1981-04-01","浦安町(12301)が浦安市(12227)に市制施行"
"12228","千葉県","","","四街道市","よつかいどうし","1981-04-01","四街道町(12321)が四街道市(12228)に市制施行"
"12229","千葉県","","","袖ケ浦市","そでがうらし","1991-04-01","袖ケ浦町(12481)が袖ケ浦市(12229)に市制施行
君津郡(12480)の廃止"
"12230","千葉県","","","八街市","やちまたし","1992-04-01","八街町(12323)が八街市(12230)に市制施行"
"12231","千葉県","","","印西市","いんざいし","1996-04-01","印西町(12327)が印西市(12231)に市制施行"
"12231","千葉県","","","印西市","いんざいし","2010-03-23","印旛村(12325)、本埜村(12328)が印西市(12231)に編入"
"12232","千葉県","","","白井市","しろいし","2001-04-01","白井町(12326)が白井市(12232)に市制施行"
"12233","千葉県","","","富里市","とみさとし","2002-04-01","富里町(12324)が富里市(12233)に市制施行"
"12234","千葉県","","","南房総市","みなみぼうそうし","2006-03-20","富浦町(12461)、富山町(12462)、三芳村(12464)、白浜町(12465)、千倉町(12466)、丸山町(12467)、和田町(12468)が合併し、南房総市(12234)を新設"
"12235","千葉県","","","匝瑳市","そうさし","2006-01-23","八日市場市(12214)、野栄町(12382)が合併し、匝瑳市(12235)を新設"
"12236","千葉県","","","香取市","かとりし","2006-03-27","佐原市(12209)、小見川町(12344)、山田町(12345)、栗源町(12346)が合併し、香取市(12236)を新設"
"12237","千葉県","","","山武市","さんむし","2006-03-27","成東町(12404)、山武町(12405)、蓮沼村(12406)、松尾町(12407)が合併し、山武市(12237)を新設"
"12238","千葉県","","","いすみ市","いすみし","2005-12-05","夷隅町(12442)、大原町(12444)、岬町(12445)が合併し、いすみ市(12238)を新設"
"12239","千葉県","","","大網白里市","おおあみしらさとし","2013-01-01","大網白里町(12402)が大網白里市(12239)に市制施行"
"12301","千葉県","東葛飾郡","ひがしかつしかぐん","浦安町","うらやすまち","1981-04-01","浦安町(12301)が浦安市(12227)に市制施行"
"12302","千葉県","東葛飾郡","ひがしかつしかぐん","鎌ケ谷町","かまがやまち","1971-09-01","鎌ケ谷町(12302)が鎌ケ谷市(12224)に市制施行"
"12303","千葉県","東葛飾郡","ひがしかつしかぐん","関宿町","せきやどまち","2003-06-06","関宿町(12303)が野田市(12208)に編入"
"12304","千葉県","東葛飾郡","ひがしかつしかぐん","我孫子町","あびこまち","1970-07-01","我孫子町(12304)が我孫子市(12222)に市制施行"
"12305","千葉県","東葛飾郡","ひがしかつしかぐん","沼南町","しょうなんまち","2005-03-28","沼南町(12305)が柏市(12217)に編入
東葛飾郡(12300)の廃止"
"12321","千葉県","印旛郡","いんばぐん","四街道町","よつかいどうまち","1981-04-01","四街道町(12321)が四街道市(12228)に市制施行"
"12323","千葉県","印旛郡","いんばぐん","八街町","やちまたまち","1992-04-01","八街町(12323)が八街市(12230)に市制施行"
"12324","千葉県","印旛郡","いんばぐん","富里町","とみさとまち","1985-04-01","富里村(12324)が富里町(12324)に町制施行"
"12324","千葉県","印旛郡","いんばぐん","富里村","とみさとむら","1985-04-01","富里村(12324)が富里町(12324)に町制施行"
"12324","千葉県","印旛郡","いんばぐん","富里町","とみさとまち","2002-04-01","富里町(12324)が富里市(12233)に市制施行"
"12325","千葉県","印旛郡","いんばぐん","印旛村","いんばむら","2010-03-23","印旛村(12325)、本埜村(12328)が印西市(12231)に編入"
"12326","千葉県","印旛郡","いんばぐん","白井町","しろいまち","2001-04-01","白井町(12326)が白井市(12232)に市制施行"
"12327","千葉県","印旛郡","いんばぐん","印西町","いんざいまち","1996-04-01","印西町(12327)が印西市(12231)に市制施行"
"12328","千葉県","印旛郡","いんばぐん","本埜村","もとのむら","2010-03-23","印旛村(12325)、本埜村(12328)が印西市(12231)に編入"
"12341","千葉県","香取郡","かとりぐん","下総町","しもふさまち","2006-03-27","下総町(12341)、大栄町(12343)が成田市(12211)に編入"
"12343","千葉県","香取郡","かとりぐん","大栄町","たいえいまち","2006-03-27","下総町(12341)、大栄町(12343)が成田市(12211)に編入"
"12344","千葉県","香取郡","かとりぐん","小見川町","おみがわまち","2006-03-27","佐原市(12209)、小見川町(12344)、山田町(12345)、栗源町(12346)が合併し、香取市(12236)を新設"
"12345","千葉県","香取郡","かとりぐん","山田町","やまだまち","2006-03-27","佐原市(12209)、小見川町(12344)、山田町(12345)、栗源町(12346)が合併し、香取市(12236)を新設"
"12346","千葉県","香取郡","かとりぐん","栗源町","くりもとまち","2006-03-27","佐原市(12209)、小見川町(12344)、山田町(12345)、栗源町(12346)が合併し、香取市(12236)を新設"
"12348","千葉県","香取郡","かとりぐん","干潟町","ひかたまち","2005-07-01","旭市(12215)、干潟町(12348)、海上町(12361)、飯岡町(12362)が合併し、旭市を新設
海上郡(12360)の廃止"
"12361","千葉県","海上郡","かいじょうぐん","海上町","うなかみまち","2005-07-01","旭市(12215)、干潟町(12348)、海上町(12361)、飯岡町(12362)が合併し、旭市を新設
海上郡(12360)の廃止"
"12362","千葉県","海上郡","かいじょうぐん","飯岡町","いいおかまち","2005-07-01","旭市(12215)、干潟町(12348)、海上町(12361)、飯岡町(12362)が合併し、旭市を新設
海上郡(12360)の廃止"
"12381","千葉県","匝瑳郡","そうさぐん","光町","ひかりまち","2006-03-27","光町(12381)、横芝町(12408)が合併し、横芝光町(12410)を新設
匝瑳郡(12380)の廃止"
"12382","千葉県","匝瑳郡","そうさぐん","野栄町","のさかまち","2006-01-23","八日市場市(12214)、野栄町(12382)が合併し、匝瑳市(12235)を新設"
"12402","千葉県","山武郡","さんぶぐん","大網白里町","おおあみしらさとまち","2013-01-01","大網白里町(12402)が大網白里市(12239)に市制施行"
"12404","千葉県","山武郡","さんぶぐん","成東町","なるとうまち","2006-03-27","成東町(12404)、山武町(12405)、蓮沼村(12406)、松尾町(12407)が合併し、山武市(12237)を新設"
"12405","千葉県","山武郡","さんぶぐん","山武町","さんぶまち","2006-03-27","成東町(12404)、山武町(12405)、蓮沼村(12406)、松尾町(12407)が合併し、山武市(12237)を新設"
"12406","千葉県","山武郡","さんぶぐん","蓮沼村","はすぬまむら","2006-03-27","成東町(12404)、山武町(12405)、蓮沼村(12406)、松尾町(12407)が合併し、山武市(12237)を新設"
"12407","千葉県","山武郡","さんぶぐん","松尾町","まつおまち","2006-03-27","成東町(12404)、山武町(12405)、蓮沼村(12406)、松尾町(12407)が合併し、山武市(12237)を新設"
"12408","千葉県","山武郡","さんぶぐん","横芝町","よこしばまち","2006-03-27","光町(12381)、横芝町(12408)が合併し、横芝光町(12410)を新設
匝瑳郡(12380)の廃止"
"12410","千葉県","山武郡","さんぶぐん","横芝光町","よこしばひかりまち","2006-03-27","光町(12381)、横芝町(12408)が合併し、横芝光町(12410)を新設
匝瑳郡(12380)の廃止"
"12422","千葉県","長生郡","ちょうせいぐん","睦沢町","むつざわまち","1983-04-01","睦沢村(12422)が睦沢町(12422)に町制施行"
"12422","千葉県","長生郡","ちょうせいぐん","睦沢村","むつざわむら","1983-04-01","睦沢村(12422)が睦沢町(12422)に町制施行"
"12425","千葉県","長生郡","ちょうせいぐん","本納町","ほんのうまち","1972-05-01","茂原市(12210)、本納町(12425)が合併し、茂原市を新設"
"12442","千葉県","夷隅郡","いすみぐん","夷隅町","いすみまち","2005-12-05","夷隅町(12442)、大原町(12444)、岬町(12445)が合併し、いすみ市(12238)を新設"
"12444","千葉県","夷隅郡","いすみぐん","大原町","おおはらまち","2005-12-05","夷隅町(12442)、大原町(12444)、岬町(12445)が合併し、いすみ市(12238)を新設"
"12445","千葉県","夷隅郡","いすみぐん","岬町","みさきまち","2005-12-05","夷隅町(12442)、大原町(12444)、岬町(12445)が合併し、いすみ市(12238)を新設"
"12461","千葉県","安房郡","あわぐん","富浦町","とみうらまち","2006-03-20","富浦町(12461)、富山町(12462)、三芳村(12464)、白浜町(12465)、千倉町(12466)、丸山町(12467)、和田町(12468)が合併し、南房総市(12234)を新設"
"12462","千葉県","安房郡","あわぐん","富山町","とみやままち","2006-03-20","富浦町(12461)、富山町(12462)、三芳村(12464)、白浜町(12465)、千倉町(12466)、丸山町(12467)、和田町(12468)が合併し、南房総市(12234)を新設"
"12464","千葉県","安房郡","あわぐん","三芳村","みよしむら","2006-03-20","富浦町(12461)、富山町(12462)、三芳村(12464)、白浜町(12465)、千倉町(12466)、丸山町(12467)、和田町(12468)が合併し、南房総市(12234)を新設"
"12465","千葉県","安房郡","あわぐん","白浜町","しらはままち","2006-03-20","富浦町(12461)、富山町(12462)、三芳村(12464)、白浜町(12465)、千倉町(12466)、丸山町(12467)、和田町(12468)が合併し、南房総市(12234)を新設"
"12466","千葉県","安房郡","あわぐん","千倉町","ちくらまち","2006-03-20","富浦町(12461)、富山町(12462)、三芳村(12464)、白浜町(12465)、千倉町(12466)、丸山町(12467)、和田町(12468)が合併し、南房総市(12234)を新設"
"12467","千葉県","安房郡","あわぐん","丸山町","まるやままち","2006-03-20","富浦町(12461)、富山町(12462)、三芳村(12464)、白浜町(12465)、千倉町(12466)、丸山町(12467)、和田町(12468)が合併し、南房総市(12234)を新設"
"12468","千葉県","安房郡","あわぐん","和田町","わだまち","2006-03-20","富浦町(12461)、富山町(12462)、三芳村(12464)、白浜町(12465)、千倉町(12466)、丸山町(12467)、和田町(12468)が合併し、南房総市(12234)を新設"
"12469","千葉県","安房郡","あわぐん","江見町","えみまち","1971-03-31","江見町(12469)、長狭町(12470)、鴨川町(12471)が合併し、鴨川市(12223)を新設"
"12470","千葉県","安房郡","あわぐん","長狭町","ながさまち","1971-03-31","江見町(12469)、長狭町(12470)、鴨川町(12471)が合併し、鴨川市(12223)を新設"
"12471","千葉県","安房郡","あわぐん","鴨川町","かもがわまち","1971-03-31","江見町(12469)、長狭町(12470)、鴨川町(12471)が合併し、鴨川市(12223)を新設"
"12472","千葉県","安房郡","あわぐん","天津小湊町","あまつこみなとまち","2005-02-11","鴨川市(12223)、天津小湊町(12472)が合併し、鴨川市を新設"
"12481","千葉県","君津郡","きみつぐん","袖ケ浦町","そでがうらまち","1971-11-03","袖ケ浦町(12481)、平川町(12482)が合併し、袖ケ浦町を新設"
"12481","千葉県","君津郡","きみつぐん","袖ケ浦町","そでがうらまち","1991-04-01","袖ケ浦町(12481)が袖ケ浦市(12229)に市制施行
君津郡(12480)の廃止"
"12482","千葉県","君津郡","きみつぐん","平川町","ひらかわまち","1971-11-03","袖ケ浦町(12481)、平川町(12482)が合併し、袖ケ浦町を新設"
"12483","千葉県","君津郡","きみつぐん","富来田町","ふくたまち","1971-09-10","富来田町(12483)が木更津市(12206)に編入"
"12484","千葉県","君津郡","きみつぐん","小櫃村","おびつむら","1970-09-28","小櫃村(12484)、上総町(12485)、君津町(12486)、小糸町(12487)、清和村(12488)が合併し、君津町を新設"
"12485","千葉県","君津郡","きみつぐん","上総町","かずさまち","1970-09-28","小櫃村(12484)、上総町(12485)、君津町(12486)、小糸町(12487)、清和村(12488)が合併し、君津町を新設"
"12486","千葉県","君津郡","きみつぐん","君津町","きみつまち","1970-09-28","小櫃村(12484)、上総町(12485)、君津町(12486)、小糸町(12487)、清和村(12488)が合併し、君津町を新設"
"12486","千葉県","君津郡","きみつぐん","君津町","きみつまち","1971-09-01","君津町(12486)が君津市(12225)に市制施行"
"12487","千葉県","君津郡","きみつぐん","小糸町","こいとまち","1970-09-28","小櫃村(12484)、上総町(12485)、君津町(12486)、小糸町(12487)、清和村(12488)が合併し、君津町を新設"
"12488","千葉県","君津郡","きみつぐん","清和村","せいわむら","1970-09-28","小櫃村(12484)、上総町(12485)、君津町(12486)、小糸町(12487)、清和村(12488)が合併し、君津町を新設"
"12489","千葉県","君津郡","きみつぐん","富津町","ふっつまち","1971-04-25","富津町(12489)、大佐和町(12490)、天羽町(12491)が合併し、富津町を新設"
"12489","千葉県","君津郡","きみつぐん","富津町","ふっつまち","1971-09-01","富津町(12489)が富津市(12226)に市制施行"
"12490","千葉県","君津郡","きみつぐん","大佐和町","おおさわまち","1971-04-25","富津町(12489)、大佐和町(12490)、天羽町(12491)が合併し、富津町を新設"
"12491","千葉県","君津郡","きみつぐん","天羽町","あまはまち","1971-04-25","富津町(12489)、大佐和町(12490)、天羽町(12491)が合併し、富津町を新設"
"13201","東京都","","","八王子市","はちおうじし","2015-04-01","八王子市(13201)が中核市に移行"
"13216","東京都","","","田無市","たなしし","2001-01-21","田無市(13216)、保谷市(13217)が合併し、西東京市(13229)を新設"
"13217","東京都","","","保谷市","ほうやし","2001-01-21","田無市(13216)、保谷市(13217)が合併し、西東京市(13229)を新設"
"13218","東京都","","","福生市","ふっさし","1970-07-01","福生町(13301)が福生市(13218)に市制施行"
"13219","東京都","","","狛江市","こまえし","1970-10-01","狛江町(13341)が狛江市(13219)に市制施行"
"13220","東京都","","","東大和市","ひがしやまとし","1970-10-01","大和町(13343)が大和市に市制施行し、東大和市(13220)に名称変更"
"13221","東京都","","","清瀬市","きよせし","1970-10-01","清瀬町(13344)が清瀬市(13221)に市制施行"
"13222","東京都","","","東久留米市","ひがしくるめし","1970-10-01","久留米町(13345)が久留米市に市制施行し、東久留米市(13222)に名称変更"
"13223","東京都","","","武蔵村山市","むさしむらやまし","1970-11-03","村山町(13342)が村山市に市制施行し、武蔵村山市(13223)に名称変更
北多摩郡(13340)の廃止"
"13224","東京都","","","多摩市","たまし","1971-11-01","多摩町(13321)が多摩市(13224)に市制施行"
"13225","東京都","","","稲城市","いなぎし","1971-11-01","稲城町(13322)が稲城市(13225)に市制施行
南多摩郡(13320)の廃止"
"13226","東京都","","","秋川市","あきがわし","1972-05-05","秋多町(13304)が秋多市に市制施行し、秋川市(13226)に名称変更"
"13226","東京都","","","秋川市","あきがわし","1995-09-01","秋川市(13226)、五日市町(13306)が合併し、あきる野市(13228)を新設"
"13227","東京都","","","羽村市","はむらし","1991-11-01","羽村町(13302)が羽村市(13227)に市制施行"
"13228","東京都","","","あきる野市","あきるのし","1995-09-01","秋川市(13226)、五日市町(13306)が合併し、あきる野市(13228)を新設"
"13229","東京都","","","西東京市","にしとうきょうし","2001-01-21","田無市(13216)、保谷市(13217)が合併し、西東京市(13229)を新設"
"13301","東京都","西多摩郡","にしたまぐん","福生町","ふっさまち","1970-07-01","福生町(13301)が福生市(13218)に市制施行"
"13302","東京都","西多摩郡","にしたまぐん","羽村町","はむらまち","1991-11-01","羽村町(13302)が羽村市(13227)に市制施行"
"13304","東京都","西多摩郡","にしたまぐん","秋多町","あきたまち","1972-05-05","秋多町(13304)が秋多市に市制施行し、秋川市(13226)に名称変更"
"13305","東京都","西多摩郡","にしたまぐん","日の出町","ひのでまち","1974-06-01","日の出村(13305)が日の出町(13305)に町制施行"
"13305","東京都","西多摩郡","にしたまぐん","日の出村","ひのでむら","1974-06-01","日の出村(13305)が日の出町(13305)に町制施行"
"13306","東京都","西多摩郡","にしたまぐん","五日市町","いつかいちまち","1995-09-01","秋川市(13226)、五日市町(13306)が合併し、あきる野市(13228)を新設"
"13321","東京都","南多摩郡","みなみたまぐん","多摩町","たままち","1971-11-01","多摩町(13321)が多摩市(13224)に市制施行"
"13322","東京都","南多摩郡","みなみたまぐん","稲城町","いなぎまち","1971-11-01","稲城町(13322)が稲城市(13225)に市制施行
南多摩郡(13320)の廃止"
"13341","東京都","北多摩郡","きたたまぐん","狛江町","こまえまち","1970-10-01","狛江町(13341)が狛江市(13219)に市制施行"
"13342","東京都","北多摩郡","きたたまぐん","村山町","むらやままち","1970-11-03","村山町(13342)が村山市に市制施行し、武蔵村山市(13223)に名称変更
北多摩郡(13340)の廃止"
"13343","東京都","北多摩郡","きたたまぐん","大和町","やまとまち","1970-10-01","大和町(13343)が大和市に市制施行し、東大和市(13220)に名称変更"
"13344","東京都","北多摩郡","きたたまぐん","清瀬町","きよせまち","1970-10-01","清瀬町(13344)が清瀬市(13221)に市制施行"
"13345","東京都","北多摩郡","きたたまぐん","久留米町","くるめまち","1970-10-01","久留米町(13345)が久留米市に市制施行し、東久留米市(13222)に名称変更"
"13363","東京都","大島支庁","おおしましちょう","新島本村","にいじまほんむら","1992-04-01","新島本村(13363)が新島村(13363)に名称変更"
"13363","東京都","大島支庁","おおしましちょう","新島村","にいじまむら","1992-04-01","新島本村(13363)が新島村(13363)に名称変更"
"14109","神奈川県","横浜市","よこはまし","港北区","こうほくく","1994-11-06","港北区(14109)、緑区(14113)から分離し、青葉区(14117)、都筑区(14118)を新設"
"14110","神奈川県","横浜市","よこはまし","戸塚区","とつかく","1986-11-03","戸塚区(14110)から分離し、栄区(14115)、泉区(14116)を新設"
"14113","神奈川県","横浜市","よこはまし","緑区","みどりく","1994-11-06","港北区(14109)、緑区(14113)から分離し、青葉区(14117)、都筑区(14118)を新設"
"14115","神奈川県","横浜市","よこはまし","栄区","さかえく","1986-11-03","戸塚区(14110)から分離し、栄区(14115)、泉区(14116)を新設"
"14116","神奈川県","横浜市","よこはまし","泉区","いずみく","1986-11-03","戸塚区(14110)から分離し、栄区(14115)、泉区(14116)を新設"
"14117","神奈川県","横浜市","よこはまし","青葉区","あおばく","1994-11-06","港北区(14109)、緑区(14113)から分離し、青葉区(14117)、都筑区(14118)を新設"
"14118","神奈川県","横浜市","よこはまし","都筑区","つづきく","1994-11-06","港北区(14109)、緑区(14113)から分離し、青葉区(14117)、都筑区(14118)を新設"
"14130","神奈川県","川崎市","かわさきし","","","1972-04-01","川崎市(14202)の川崎市(14130)への政令指定都市施行
川崎区(14131)、幸区(14132)、中原区(14133)、高津区(14134)、多摩区(14135)の新設"
"14131","神奈川県","川崎市","かわさきし","川崎区","かわさきく","1972-04-01","川崎市(14202)の川崎市(14130)への政令指定都市施行
川崎区(14131)、幸区(14132)、中原区(14133)、高津区(14134)、多摩区(14135)の新設"
"14132","神奈川県","川崎市","かわさきし","幸区","さいわいく","1972-04-01","川崎市(14202)の川崎市(14130)への政令指定都市施行
川崎区(14131)、幸区(14132)、中原区(14133)、高津区(14134)、多摩区(14135)の新設"
"14133","神奈川県","川崎市","かわさきし","中原区","なかはらく","1972-04-01","川崎市(14202)の川崎市(14130)への政令指定都市施行
川崎区(14131)、幸区(14132)、中原区(14133)、高津区(14134)、多摩区(14135)の新設"
"14134","神奈川県","川崎市","かわさきし","高津区","たかつく","1972-04-01","川崎市(14202)の川崎市(14130)への政令指定都市施行
川崎区(14131)、幸区(14132)、中原区(14133)、高津区(14134)、多摩区(14135)の新設"
"14134","神奈川県","川崎市","かわさきし","高津区","たかつく","1982-07-01","高津区(14134)から分離し、宮前区(14136)を新設"
"14135","神奈川県","川崎市","かわさきし","多摩区","たまく","1972-04-01","川崎市(14202)の川崎市(14130)への政令指定都市施行
川崎区(14131)、幸区(14132)、中原区(14133)、高津区(14134)、多摩区(14135)の新設"
"14135","神奈川県","川崎市","かわさきし","多摩区","たまく","1982-07-01","多摩区(14135)から分離し、麻生区(14137)を新設"
"14136","神奈川県","川崎市","かわさきし","宮前区","みやまえく","1982-07-01","高津区(14134)から分離し、宮前区(14136)を新設"
"14137","神奈川県","川崎市","かわさきし","麻生区","あさおく","1982-07-01","多摩区(14135)から分離し、麻生区(14137)を新設"
"14150","神奈川県","相模原市","さがみはらし","","","2010-04-01","相模原市(14209)の相模原市(14150)への政令指定都市移行
緑区(14151)、中央区(14152)、南区(14153)の新設"
"14151","神奈川県","相模原市","さがみはらし","緑区","みどりく","2010-04-01","相模原市(14209)の相模原市(14150)への政令指定都市移行
緑区(14151)、中央区(14152)、南区(14153)の新設"
"14152","神奈川県","相模原市","さがみはらし","中央区","ちゅうおうく","2010-04-01","相模原市(14209)の相模原市(14150)への政令指定都市移行
緑区(14151)、中央区(14152)、南区(14153)の新設"
"14153","神奈川県","相模原市","さがみはらし","南区","みなみく","2010-04-01","相模原市(14209)の相模原市(14150)への政令指定都市移行
緑区(14151)、中央区(14152)、南区(14153)の新設"
"14201","神奈川県","","","横須賀市","よこすかし","2001-04-01","横須賀市(14201)が中核市に移行"
"14202","神奈川県","","","川崎市","かわさきし","1972-04-01","川崎市(14202)の川崎市(14130)への政令指定都市施行
川崎区(14131)、幸区(14132)、中原区(14133)、高津区(14134)、多摩区(14135)の新設"
"14203","神奈川県","","","平塚市","ひらつかし","2001-04-01","平塚市(14203)が特例市に移行"
"14206","神奈川県","","","小田原市","おだわらし","1971-04-01","橘町(14381)が小田原市(14206)に編入"
"14206","神奈川県","","","小田原市","おだわらし","2000-11-01","小田原市(14206)が特例市に移行"
"14207","神奈川県","","","茅ヶ崎市","ちがさきし","2003-04-01","茅ヶ崎市(14207)が特例市に移行"
"14209","神奈川県","","","相模原市","さがみはらし","2003-04-01","相模原市(14209)が中核市に移行"
"14209","神奈川県","","","相模原市","さがみはらし","2006-03-20","津久井町(14422)、相模湖町(14423)が相模原市(14209)に編入"
"14209","神奈川県","","","相模原市","さがみはらし","2007-03-11","藤野町(14424)が相模原市(14209)に編入"
"14209","神奈川県","","","相模原市","さがみはらし","2007-03-11","城山町(14421)が相模原市(14209)に編入
津久井郡(14420)の廃止"
"14209","神奈川県","","","相模原市","さがみはらし","2010-04-01","相模原市(14209)の相模原市(14150)への政令指定都市移行
緑区(14151)、中央区(14152)、南区(14153)の新設"
"14212","神奈川県","","","厚木市","あつぎし","2002-04-01","厚木市(14212)が特例市に移行"
"14213","神奈川県","","","大和市","やまとし","2000-11-01","大和市(14213)が特例市に移行"
"14214","神奈川県","","","伊勢原市","いせはらし","1971-03-01","伊勢原町(14343)が伊勢原市(14214)に市制施行"
"14215","神奈川県","","","海老名市","えびなし","1971-11-01","海老名町(14322)が海老名市(14215)に市制施行"
"14216","神奈川県","","","座間市","ざまし","1971-11-01","座間町(14323)が座間市(14216)に市制施行"
"14217","神奈川県","","","南足柄市","みなみあしがらし","1972-04-01","南足柄町(14365)が南足柄市(14217)に市制施行"
"14218","神奈川県","","","綾瀬市","あやせし","1978-11-01","綾瀬町(14324)が綾瀬市(14218)に市制施行"
"14322","神奈川県","高座郡","こうざぐん","海老名町","えびなまち","1971-11-01","海老名町(14322)が海老名市(14215)に市制施行"
"14323","神奈川県","高座郡","こうざぐん","座間町","ざままち","1971-11-01","座間町(14323)が座間市(14216)に市制施行"
"14324","神奈川県","高座郡","こうざぐん","綾瀬町","あやせまち","1978-11-01","綾瀬町(14324)が綾瀬市(14218)に市制施行"
"14343","神奈川県","中郡","なかぐん","伊勢原町","いせはらまち","1971-03-01","伊勢原町(14343)が伊勢原市(14214)に市制施行"
"14365","神奈川県","足柄上郡","あしがらかみぐん","南足柄町","みなみあしがらまち","1972-04-01","南足柄町(14365)が南足柄市(14217)に市制施行"
"14381","神奈川県","足柄下郡","あしがらしもぐん","橘町","たちばなまち","1971-04-01","橘町(14381)が小田原市(14206)に編入"
"14421","神奈川県","津久井郡","つくいぐん","城山町","しろやままち","2007-03-11","城山町(14421)が相模原市(14209)に編入
津久井郡(14420)の廃止"
"14422","神奈川県","津久井郡","つくいぐん","津久井町","つくいまち","2006-03-20","津久井町(14422)、相模湖町(14423)が相模原市(14209)に編入"
"14423","神奈川県","津久井郡","つくいぐん","相模湖町","さがみこまち","2006-03-20","津久井町(14422)、相模湖町(14423)が相模原市(14209)に編入"
"14424","神奈川県","津久井郡","つくいぐん","藤野町","ふじのまち","2007-03-11","藤野町(14424)が相模原市(14209)に編入"
"15100","新潟県","新潟市","にいがたし","","","2007-04-01","新潟市(15201)の新潟市(15100)への政令指定都市施行
北区(15101)、東区(15102)、中央区(15103)、江南区(15104)、秋葉区(15105)、南区(15106)、西区(15107)、西蒲区(15108)の新設"
"15101","新潟県","新潟市","にいがたし","北区","きたく","2007-04-01","新潟市(15201)の新潟市(15100)への政令指定都市施行
北区(15101)、東区(15102)、中央区(15103)、江南区(15104)、秋葉区(15105)、南区(15106)、西区(15107)、西蒲区(15108)の新設"
"15102","新潟県","新潟市","にいがたし","東区","ひがしく","2007-04-01","新潟市(15201)の新潟市(15100)への政令指定都市施行
北区(15101)、東区(15102)、中央区(15103)、江南区(15104)、秋葉区(15105)、南区(15106)、西区(15107)、西蒲区(15108)の新設"
"15103","新潟県","新潟市","にいがたし","中央区","ちゅうおうく","2007-04-01","新潟市(15201)の新潟市(15100)への政令指定都市施行
北区(15101)、東区(15102)、中央区(15103)、江南区(15104)、秋葉区(15105)、南区(15106)、西区(15107)、西蒲区(15108)の新設"
"15104","新潟県","新潟市","にいがたし","江南区","こうなんく","2007-04-01","新潟市(15201)の新潟市(15100)への政令指定都市施行
北区(15101)、東区(15102)、中央区(15103)、江南区(15104)、秋葉区(15105)、南区(15106)、西区(15107)、西蒲区(15108)の新設"
"15105","新潟県","新潟市","にいがたし","秋葉区","あきはく","2007-04-01","新潟市(15201)の新潟市(15100)への政令指定都市施行
北区(15101)、東区(15102)、中央区(15103)、江南区(15104)、秋葉区(15105)、南区(15106)、西区(15107)、西蒲区(15108)の新設"
"15106","新潟県","新潟市","にいがたし","南区","みなみく","2007-04-01","新潟市(15201)の新潟市(15100)への政令指定都市施行
北区(15101)、東区(15102)、中央区(15103)、江南区(15104)、秋葉区(15105)、南区(15106)、西区(15107)、西蒲区(15108)の新設"
"15107","新潟県","新潟市","にいがたし","西区","にしく","2007-04-01","新潟市(15201)の新潟市(15100)への政令指定都市施行
北区(15101)、東区(15102)、中央区(15103)、江南区(15104)、秋葉区(15105)、南区(15106)、西区(15107)、西蒲区(15108)の新設"
"15108","新潟県","新潟市","にいがたし","西蒲区","にしかんく","2007-04-01","新潟市(15201)の新潟市(15100)への政令指定都市施行
北区(15101)、東区(15102)、中央区(15103)、江南区(15104)、秋葉区(15105)、南区(15106)、西区(15107)、西蒲区(15108)の新設"
"15201","新潟県","","","新潟市","にいがたし","1996-04-01","新潟市(15201)が中核市に移行"
"15201","新潟県","","","新潟市","にいがたし","2001-01-01","黒埼町(15347)が新潟市(15201)に編入"
"15201","新潟県","","","新潟市","にいがたし","2005-03-21","白根市(15220)、豊栄市(15221)、小須戸町(15321)、横越町(15323)、亀田町(15324)、岩室村(15341)、西川町(15346)、味方村(15348)、潟東村(15349)、月潟村(15350)、中之口村(15351)が新潟市(15201)に編入"
"15201","新潟県","","","新潟市","にいがたし","2005-03-21","新津市(15207)が新潟市(15201)に編入"
"15201","新潟県","","","新潟市","にいがたし","2005-10-10","巻町(15345)が新潟市(15201)に編入"
"15201","新潟県","","","新潟市","にいがたし","2007-04-01","新潟市(15201)の新潟市(15100)への政令指定都市施行
北区(15101)、東区(15102)、中央区(15103)、江南区(15104)、秋葉区(15105)、南区(15106)、西区(15107)、西蒲区(15108)の新設"
"15202","新潟県","","","長岡市","ながおかし","2005-04-01","中之島町(15364)、越路町(15401)、三島町(15402)、山古志村(15421)、小国町(15502)が長岡市(15202)に編入
古志郡(15420)の廃止"
"15202","新潟県","","","長岡市","ながおかし","2006-01-01","和島村(15404)が長岡市(15202)に編入"
"15202","新潟県","","","長岡市","ながおかし","2006-01-01","与板町(15403)が長岡市(15202)に編入"
"15202","新潟県","","","長岡市","ながおかし","2006-01-01","栃尾市(15215)が長岡市(15202)に編入"
"15202","新潟県","","","長岡市","ながおかし","2006-01-01","寺泊町(15406)が長岡市(15202)に編入"
"15202","新潟県","","","長岡市","ながおかし","2007-04-01","長岡市(15202)が特例市に移行"
"15202","新潟県","","","長岡市","ながおかし","2010-03-31","川口町(15441)が長岡市(15202)に編入
北魚沼郡(15440)の廃止"
"15203","新潟県","","","高田市","たかだし","1971-04-29","高田市(15203)、直江津市(15214)が合併し、上越市(15222)を新設"
"15204","新潟県","","","三条市","さんじょうし","2005-05-01","三条市(15204)、下田村(15362)、栄町(15363)が合併し、三条市を新設"
"15205","新潟県","","","柏崎市","かしわざきし","1971-05-01","北条町(15503)が柏崎市(15205)に編入"
"15205","新潟県","","","柏崎市","かしわざきし","2005-05-01","高柳町(15501)、西山町(15505)が柏崎市(15205)に編入"
"15206","新潟県","","","新発田市","しばたし","2003-07-07","豊浦町(15306)が新発田市(15206)に編入"
"15206","新潟県","","","新発田市","しばたし","2005-05-01","加治川村(15308)、紫雲寺町(15309)が新発田市(15206)に編入"
"15207","新潟県","","","新津市","にいつし","2005-03-21","新津市(15207)が新潟市(15201)に編入"
"15210","新潟県","","","十日町市","とおかまちし","2005-04-01","十日町市(15210)、川西町(15481)、中里村(15483)、松代町(15523)、松之山町(15524)が合併し、十日町市を新設
東頸城郡(15520)の廃止"
"15212","新潟県","","","村上市","むらかみし","2008-04-01","村上市(15212)、荒川町(15582)、神林村(15583)、朝日村(15584)、山北町(15585)が合併し、村上市を新設"
"15213","新潟県","","","燕市","つばめし","2006-03-20","燕市(15213)、分水町(15343)、吉田町(15344)が合併し、燕市を新設"
"15214","新潟県","","","直江津市","なおえつし","1971-04-29","高田市(15203)、直江津市(15214)が合併し、上越市(15222)を新設"
"15215","新潟県","","","栃尾市","とちおし","2006-01-01","栃尾市(15215)が長岡市(15202)に編入"
"15216","新潟県","","","糸魚川市","いといがわし","2005-03-19","糸魚川市(15216)、能生町(15562)、青海町(15563)が合併し、糸魚川市を新設
西頸城郡(15560)の廃止"
"15217","新潟県","","","新井市","あらいし","2005-04-01","妙高高原町(15545)、妙高村(15547)が新井市(15217)に編入
中頸城郡(15540)の廃止"
"15217","新潟県","","","新井市","あらいし","2005-04-01","新井市(15217)が妙高市(15217)に名称変更"
"15217","新潟県","","","妙高市","みょうこうし","2005-04-01","新井市(15217)が妙高市(15217)に名称変更"
"15218","新潟県","","","五泉市","ごせんし","2006-01-01","五泉市(15218)、村松町(15322)が合併し、五泉市を新設
中蒲原郡(15320)の廃止"
"15219","新潟県","","","両津市","りょうつし","2004-03-01","両津市(15219)、相川町(15601)、佐和田町(15602)、金井町(15603)、新穂村(15604)、畑野町(15605)、真野町(15606)、小木町(15607)、羽茂町(15608)、赤泊村(15609)が合併し、佐渡市(15224)を新設
佐渡郡(15600)の廃止"
"15220","新潟県","","","白根市","しろねし","2005-03-21","白根市(15220)、豊栄市(15221)、小須戸町(15321)、横越町(15323)、亀田町(15324)、岩室村(15341)、西川町(15346)、味方村(15348)、潟東村(15349)、月潟村(15350)、中之口村(15351)が新潟市(15201)に編入"
"15221","新潟県","","","豊栄市","とよさかし","1970-11-01","豊栄町(15305)が豊栄市(15221)に市制施行"
"15221","新潟県","","","豊栄市","とよさかし","2005-03-21","白根市(15220)、豊栄市(15221)、小須戸町(15321)、横越町(15323)、亀田町(15324)、岩室村(15341)、西川町(15346)、味方村(15348)、潟東村(15349)、月潟村(15350)、中之口村(15351)が新潟市(15201)に編入"
"15222","新潟県","","","上越市","じょうえつし","1971-04-29","高田市(15203)、直江津市(15214)が合併し、上越市(15222)を新設"
"15222","新潟県","","","上越市","じょうえつし","2005-01-01","安塚町(15521)、浦川原村(15522)、大島村(15525)、牧村(15526)、柿崎町(15541)、大潟町(15542)、頸城村(15543)、吉川町(15544)、中郷村(15546)、板倉町(15548)、清里村(15549)、三和村(15550)、名立町(15561)が上越市(15222)に編入"
"15222","新潟県","","","上越市","じょうえつし","2007-04-01","上越市(15222)が特例市に移行"
"15223","新潟県","","","阿賀野市","あがのし","2004-04-01","安田町(15301)、京ヶ瀬村(15302)、水原町(15303)、笹神村(15304)が合併し、阿賀野市(15223)を新設"
"15224","新潟県","","","佐渡市","さどし","2004-03-01","両津市(15219)、相川町(15601)、佐和田町(15602)、金井町(15603)、新穂村(15604)、畑野町(15605)、真野町(15606)、小木町(15607)、羽茂町(15608)、赤泊村(15609)が合併し、佐渡市(15224)を新設
佐渡郡(15600)の廃止"
"15225","新潟県","","","魚沼市","うおぬまし","2004-11-01","堀之内町(15442)、小出町(15443)、湯之谷村(15444)、広神村(15445)、守門村(15446)、入広瀬村(15447)が合併し、魚沼市(15225)を新設"
"15226","新潟県","","","南魚沼市","みなみうおぬまし","2004-11-01","六日町(15463)、大和町(15464)が合併し、南魚沼市(15226)を新設"
"15226","新潟県","","","南魚沼市","みなみうおぬまし","2005-10-01","塩沢町(15462)が南魚沼市(15226)に編入"
"15227","新潟県","","","胎内市","たいないし","2005-09-01","中条町(15310)、黒川村(15311)が合併し、胎内市(15227)を新設"
"15301","新潟県","北蒲原郡","きたかんばらぐん","安田町","やすだまち","2004-04-01","安田町(15301)、京ヶ瀬村(15302)、水原町(15303)、笹神村(15304)が合併し、阿賀野市(15223)を新設"
"15302","新潟県","北蒲原郡","きたかんばらぐん","京ヶ瀬村","きょうがせむら","2004-04-01","安田町(15301)、京ヶ瀬村(15302)、水原町(15303)、笹神村(15304)が合併し、阿賀野市(15223)を新設"
"15303","新潟県","北蒲原郡","きたかんばらぐん","水原町","すいばらまち","2004-04-01","安田町(15301)、京ヶ瀬村(15302)、水原町(15303)、笹神村(15304)が合併し、阿賀野市(15223)を新設"
"15304","新潟県","北蒲原郡","きたかんばらぐん","笹神村","ささかみむら","2004-04-01","安田町(15301)、京ヶ瀬村(15302)、水原町(15303)、笹神村(15304)が合併し、阿賀野市(15223)を新設"
"15305","新潟県","北蒲原郡","きたかんばらぐん","豊栄町","とよさかまち","1970-11-01","豊栄町(15305)が豊栄市(15221)に市制施行"
"15306","新潟県","北蒲原郡","きたかんばらぐん","豊浦町","とようらまち","1973-11-01","豊浦村(15306)が豊浦町(15306)に町制施行"
"15306","新潟県","北蒲原郡","きたかんばらぐん","豊浦村","とようらむら","1973-11-01","豊浦村(15306)が豊浦町(15306)に町制施行"
"15306","新潟県","北蒲原郡","きたかんばらぐん","豊浦町","とようらまち","2003-07-07","豊浦町(15306)が新発田市(15206)に編入"
"15307","新潟県","北蒲原郡","きたかんばらぐん","聖籠村","せいろうむら","1977-08-01","聖籠村(15307)が聖籠町(15307)に町制施行"
"15307","新潟県","北蒲原郡","きたかんばらぐん","聖籠町","せいろうまち","1977-08-01","聖籠村(15307)が聖籠町(15307)に町制施行"
"15308","新潟県","北蒲原郡","きたかんばらぐん","加治川村","かじかわむら","2005-05-01","加治川村(15308)、紫雲寺町(15309)が新発田市(15206)に編入"
"15309","新潟県","北蒲原郡","きたかんばらぐん","紫雲寺町","しうんじまち","2005-05-01","加治川村(15308)、紫雲寺町(15309)が新発田市(15206)に編入"
"15310","新潟県","北蒲原郡","きたかんばらぐん","中条町","なかじょうまち","2005-09-01","中条町(15310)、黒川村(15311)が合併し、胎内市(15227)を新設"
"15311","新潟県","北蒲原郡","きたかんばらぐん","黒川村","くろかわむら","2005-09-01","中条町(15310)、黒川村(15311)が合併し、胎内市(15227)を新設"
"15321","新潟県","中蒲原郡","なかかんばらぐん","小須戸町","こすどまち","2005-03-21","白根市(15220)、豊栄市(15221)、小須戸町(15321)、横越町(15323)、亀田町(15324)、岩室村(15341)、西川町(15346)、味方村(15348)、潟東村(15349)、月潟村(15350)、中之口村(15351)が新潟市(15201)に編入"
"15322","新潟県","中蒲原郡","なかかんばらぐん","村松町","むらまつまち","2006-01-01","五泉市(15218)、村松町(15322)が合併し、五泉市を新設
中蒲原郡(15320)の廃止"
"15323","新潟県","中蒲原郡","なかかんばらぐん","横越町","よこごしまち","1996-11-01","横越村(15323)が横越町(15323)に町制施行"
"15323","新潟県","中蒲原郡","なかかんばらぐん","横越村","よこごしむら","1996-11-01","横越村(15323)が横越町(15323)に町制施行"
"15323","新潟県","中蒲原郡","なかかんばらぐん","横越町","よこごしまち","2005-03-21","白根市(15220)、豊栄市(15221)、小須戸町(15321)、横越町(15323)、亀田町(15324)、岩室村(15341)、西川町(15346)、味方村(15348)、潟東村(15349)、月潟村(15350)、中之口村(15351)が新潟市(15201)に編入"
"15324","新潟県","中蒲原郡","なかかんばらぐん","亀田町","かめだまち","2005-03-21","白根市(15220)、豊栄市(15221)、小須戸町(15321)、横越町(15323)、亀田町(15324)、岩室村(15341)、西川町(15346)、味方村(15348)、潟東村(15349)、月潟村(15350)、中之口村(15351)が新潟市(15201)に編入"
"15341","新潟県","西蒲原郡","にしかんばらぐん","岩室村","いわむろむら","2005-03-21","白根市(15220)、豊栄市(15221)、小須戸町(15321)、横越町(15323)、亀田町(15324)、岩室村(15341)、西川町(15346)、味方村(15348)、潟東村(15349)、月潟村(15350)、中之口村(15351)が新潟市(15201)に編入"
"15343","新潟県","西蒲原郡","にしかんばらぐん","分水町","ぶんすいまち","2006-03-20","燕市(15213)、分水町(15343)、吉田町(15344)が合併し、燕市を新設"
"15344","新潟県","西蒲原郡","にしかんばらぐん","吉田町","よしだまち","2006-03-20","燕市(15213)、分水町(15343)、吉田町(15344)が合併し、燕市を新設"
"15345","新潟県","西蒲原郡","にしかんばらぐん","巻町","まきまち","2005-10-10","巻町(15345)が新潟市(15201)に編入"
"15346","新潟県","西蒲原郡","にしかんばらぐん","西川町","にしかわまち","2005-03-21","白根市(15220)、豊栄市(15221)、小須戸町(15321)、横越町(15323)、亀田町(15324)、岩室村(15341)、西川町(15346)、味方村(15348)、潟東村(15349)、月潟村(15350)、中之口村(15351)が新潟市(15201)に編入"
"15347","新潟県","西蒲原郡","にしかんばらぐん","黒埼町","くろさきまち","1973-02-01","黒埼村(15347)が黒埼町(15347)に町制施行"
"15347","新潟県","西蒲原郡","にしかんばらぐん","黒埼村","くろさきむら","1973-02-01","黒埼村(15347)が黒埼町(15347)に町制施行"
"15347","新潟県","西蒲原郡","にしかんばらぐん","黒埼町","くろさきまち","2001-01-01","黒埼町(15347)が新潟市(15201)に編入"
"15348","新潟県","西蒲原郡","にしかんばらぐん","味方村","あじかたむら","2005-03-21","白根市(15220)、豊栄市(15221)、小須戸町(15321)、横越町(15323)、亀田町(15324)、岩室村(15341)、西川町(15346)、味方村(15348)、潟東村(15349)、月潟村(15350)、中之口村(15351)が新潟市(15201)に編入"
"15349","新潟県","西蒲原郡","にしかんばらぐん","潟東村","かたひがしむら","2005-03-21","白根市(15220)、豊栄市(15221)、小須戸町(15321)、横越町(15323)、亀田町(15324)、岩室村(15341)、西川町(15346)、味方村(15348)、潟東村(15349)、月潟村(15350)、中之口村(15351)が新潟市(15201)に編入"
"15350","新潟県","西蒲原郡","にしかんばらぐん","月潟村","つきがたむら","2005-03-21","白根市(15220)、豊栄市(15221)、小須戸町(15321)、横越町(15323)、亀田町(15324)、岩室村(15341)、西川町(15346)、味方村(15348)、潟東村(15349)、月潟村(15350)、中之口村(15351)が新潟市(15201)に編入"
"15351","新潟県","西蒲原郡","にしかんばらぐん","中之口村","なかのくちむら","2005-03-21","白根市(15220)、豊栄市(15221)、小須戸町(15321)、横越町(15323)、亀田町(15324)、岩室村(15341)、西川町(15346)、味方村(15348)、潟東村(15349)、月潟村(15350)、中之口村(15351)が新潟市(15201)に編入"
"15361","新潟県","南蒲原郡","みなみかんばらぐん","田上町","たがみまち","1973-08-01","田上村(15361)が田上町(15361)に町制施行"
"15361","新潟県","南蒲原郡","みなみかんばらぐん","田上村","たがみむら","1973-08-01","田上村(15361)が田上町(15361)に町制施行"
"15362","新潟県","南蒲原郡","みなみかんばらぐん","下田村","しただむら","2005-05-01","三条市(15204)、下田村(15362)、栄町(15363)が合併し、三条市を新設"
"15363","新潟県","南蒲原郡","みなみかんばらぐん","栄村","さかえむら","1981-10-01","栄村(15363)が栄町(15363)に町制施行"
"15363","新潟県","南蒲原郡","みなみかんばらぐん","栄町","さかえまち","1981-10-01","栄村(15363)が栄町(15363)に町制施行"
"15363","新潟県","南蒲原郡","みなみかんばらぐん","栄町","さかえまち","2005-05-01","三条市(15204)、下田村(15362)、栄町(15363)が合併し、三条市を新設"
"15364","新潟県","南蒲原郡","みなみかんばらぐん","中之島町","なかのしままち","1986-10-01","中之島村(15364)が中之島町(15364)に町制施行"
"15364","新潟県","南蒲原郡","みなみかんばらぐん","中之島村","なかのしまむら","1986-10-01","中之島村(15364)が中之島町(15364)に町制施行"
"15364","新潟県","南蒲原郡","みなみかんばらぐん","中之島町","なかのしままち","2005-04-01","中之島町(15364)、越路町(15401)、三島町(15402)、山古志村(15421)、小国町(15502)が長岡市(15202)に編入
古志郡(15420)の廃止"
"15381","新潟県","東蒲原郡","ひがしかんばらぐん","津川町","つがわまち","2005-04-01","津川町(15381)、鹿瀬町(15382)、上川村(15383)、三川村(15384)が合併し、阿賀町(15385)を新設"
"15382","新潟県","東蒲原郡","ひがしかんばらぐん","鹿瀬町","かのせまち","2005-04-01","津川町(15381)、鹿瀬町(15382)、上川村(15383)、三川村(15384)が合併し、阿賀町(15385)を新設"
"15383","新潟県","東蒲原郡","ひがしかんばらぐん","上川村","かみかわむら","2005-04-01","津川町(15381)、鹿瀬町(15382)、上川村(15383)、三川村(15384)が合併し、阿賀町(15385)を新設"
"15384","新潟県","東蒲原郡","ひがしかんばらぐん","三川村","みかわむら","2005-04-01","津川町(15381)、鹿瀬町(15382)、上川村(15383)、三川村(15384)が合併し、阿賀町(15385)を新設"
"15385","新潟県","東蒲原郡","ひがしかんばらぐん","阿賀町","あがまち","2005-04-01","津川町(15381)、鹿瀬町(15382)、上川村(15383)、三川村(15384)が合併し、阿賀町(15385)を新設"
"15401","新潟県","三島郡","さんとうぐん","越路町","こしじまち","2005-04-01","中之島町(15364)、越路町(15401)、三島町(15402)、山古志村(15421)、小国町(15502)が長岡市(15202)に編入
古志郡(15420)の廃止"
"15402","新潟県","三島郡","さんとうぐん","三島町","みしままち","2005-04-01","中之島町(15364)、越路町(15401)、三島町(15402)、山古志村(15421)、小国町(15502)が長岡市(15202)に編入
古志郡(15420)の廃止"
"15403","新潟県","三島郡","さんとうぐん","与板町","よいたまち","2006-01-01","与板町(15403)が長岡市(15202)に編入"
"15404","新潟県","三島郡","さんとうぐん","和島村","わしまむら","2006-01-01","和島村(15404)が長岡市(15202)に編入"
"15406","新潟県","三島郡","さんとうぐん","寺泊町","てらどまりまち","2006-01-01","寺泊町(15406)が長岡市(15202)に編入"
"15421","新潟県","古志郡","こしぐん","山古志村","やまこしむら","2005-04-01","中之島町(15364)、越路町(15401)、三島町(15402)、山古志村(15421)、小国町(15502)が長岡市(15202)に編入
古志郡(15420)の廃止"
"15441","新潟県","北魚沼郡","きたうおぬまぐん","川口町","かわぐちまち","2010-03-31","川口町(15441)が長岡市(15202)に編入
北魚沼郡(15440)の廃止"
"15442","新潟県","北魚沼郡","きたうおぬまぐん","堀之内町","ほりのうちまち","2004-11-01","堀之内町(15442)、小出町(15443)、湯之谷村(15444)、広神村(15445)、守門村(15446)、入広瀬村(15447)が合併し、魚沼市(15225)を新設"
"15443","新潟県","北魚沼郡","きたうおぬまぐん","小出町","こいでまち","2004-11-01","堀之内町(15442)、小出町(15443)、湯之谷村(15444)、広神村(15445)、守門村(15446)、入広瀬村(15447)が合併し、魚沼市(15225)を新設"
"15444","新潟県","北魚沼郡","きたうおぬまぐん","湯之谷村","ゆのたにむら","2004-11-01","堀之内町(15442)、小出町(15443)、湯之谷村(15444)、広神村(15445)、守門村(15446)、入広瀬村(15447)が合併し、魚沼市(15225)を新設"
"15445","新潟県","北魚沼郡","きたうおぬまぐん","広神村","ひろかみむら","2004-11-01","堀之内町(15442)、小出町(15443)、湯之谷村(15444)、広神村(15445)、守門村(15446)、入広瀬村(15447)が合併し、魚沼市(15225)を新設"
"15446","新潟県","北魚沼郡","きたうおぬまぐん","守門村","すもんむら","2004-11-01","堀之内町(15442)、小出町(15443)、湯之谷村(15444)、広神村(15445)、守門村(15446)、入広瀬村(15447)が合併し、魚沼市(15225)を新設"
"15447","新潟県","北魚沼郡","きたうおぬまぐん","入広瀬村","いりひろせむら","2004-11-01","堀之内町(15442)、小出町(15443)、湯之谷村(15444)、広神村(15445)、守門村(15446)、入広瀬村(15447)が合併し、魚沼市(15225)を新設"
"15462","新潟県","南魚沼郡","みなみうおぬまぐん","塩沢町","しおざわまち","2005-10-01","塩沢町(15462)が南魚沼市(15226)に編入"
"15463","新潟県","南魚沼郡","みなみうおぬまぐん","六日町","むいかまち","2004-11-01","六日町(15463)、大和町(15464)が合併し、南魚沼市(15226)を新設"
"15464","新潟県","南魚沼郡","みなみうおぬまぐん","大和町","やまとまち","2004-11-01","六日町(15463)、大和町(15464)が合併し、南魚沼市(15226)を新設"
"15481","新潟県","中魚沼郡","なかうおぬまぐん","川西町","かわにしまち","2005-04-01","十日町市(15210)、川西町(15481)、中里村(15483)、松代町(15523)、松之山町(15524)が合併し、十日町市を新設
東頸城郡(15520)の廃止"
"15483","新潟県","中魚沼郡","なかうおぬまぐん","中里村","なかさとむら","2005-04-01","十日町市(15210)、川西町(15481)、中里村(15483)、松代町(15523)、松之山町(15524)が合併し、十日町市を新設
東頸城郡(15520)の廃止"
"15501","新潟県","刈羽郡","かりわぐん","高柳町","たかやなぎまち","2005-05-01","高柳町(15501)、西山町(15505)が柏崎市(15205)に編入"
"15502","新潟県","刈羽郡","かりわぐん","小国町","おぐにまち","2005-04-01","中之島町(15364)、越路町(15401)、三島町(15402)、山古志村(15421)、小国町(15502)が長岡市(15202)に編入
古志郡(15420)の廃止"
"15503","新潟県","刈羽郡","かりわぐん","北条町","きたじょうまち","1971-05-01","北条町(15503)が柏崎市(15205)に編入"
"15505","新潟県","刈羽郡","かりわぐん","西山町","にしやままち","2005-05-01","高柳町(15501)、西山町(15505)が柏崎市(15205)に編入"
"15521","新潟県","東頸城郡","ひがしくびきぐん","安塚町","やすづかまち","2005-01-01","安塚町(15521)、浦川原村(15522)、大島村(15525)、牧村(15526)、柿崎町(15541)、大潟町(15542)、頸城村(15543)、吉川町(15544)、中郷村(15546)、板倉町(15548)、清里村(15549)、三和村(15550)、名立町(15561)が上越市(15222)に編入"
"15522","新潟県","東頸城郡","ひがしくびきぐん","浦川原村","うらがわらむら","2005-01-01","安塚町(15521)、浦川原村(15522)、大島村(15525)、牧村(15526)、柿崎町(15541)、大潟町(15542)、頸城村(15543)、吉川町(15544)、中郷村(15546)、板倉町(15548)、清里村(15549)、三和村(15550)、名立町(15561)が上越市(15222)に編入"
"15523","新潟県","東頸城郡","ひがしくびきぐん","松代町","まつだいまち","2005-04-01","十日町市(15210)、川西町(15481)、中里村(15483)、松代町(15523)、松之山町(15524)が合併し、十日町市を新設
東頸城郡(15520)の廃止"
"15524","新潟県","東頸城郡","ひがしくびきぐん","松之山町","まつのやままち","2005-04-01","十日町市(15210)、川西町(15481)、中里村(15483)、松代町(15523)、松之山町(15524)が合併し、十日町市を新設
東頸城郡(15520)の廃止"
"15525","新潟県","東頸城郡","ひがしくびきぐん","大島村","おおしまむら","2005-01-01","安塚町(15521)、浦川原村(15522)、大島村(15525)、牧村(15526)、柿崎町(15541)、大潟町(15542)、頸城村(15543)、吉川町(15544)、中郷村(15546)、板倉町(15548)、清里村(15549)、三和村(15550)、名立町(15561)が上越市(15222)に編入"
"15526","新潟県","東頸城郡","ひがしくびきぐん","牧村","まきむら","2005-01-01","安塚町(15521)、浦川原村(15522)、大島村(15525)、牧村(15526)、柿崎町(15541)、大潟町(15542)、頸城村(15543)、吉川町(15544)、中郷村(15546)、板倉町(15548)、清里村(15549)、三和村(15550)、名立町(15561)が上越市(15222)に編入"
"15541","新潟県","中頸城郡","なかくびきぐん","柿崎町","かきざきまち","2005-01-01","安塚町(15521)、浦川原村(15522)、大島村(15525)、牧村(15526)、柿崎町(15541)、大潟町(15542)、頸城村(15543)、吉川町(15544)、中郷村(15546)、板倉町(15548)、清里村(15549)、三和村(15550)、名立町(15561)が上越市(15222)に編入"
"15542","新潟県","中頸城郡","なかくびきぐん","大潟町","おおがたまち","2005-01-01","安塚町(15521)、浦川原村(15522)、大島村(15525)、牧村(15526)、柿崎町(15541)、大潟町(15542)、頸城村(15543)、吉川町(15544)、中郷村(15546)、板倉町(15548)、清里村(15549)、三和村(15550)、名立町(15561)が上越市(15222)に編入"
"15543","新潟県","中頸城郡","なかくびきぐん","頸城村","くびきむら","2005-01-01","安塚町(15521)、浦川原村(15522)、大島村(15525)、牧村(15526)、柿崎町(15541)、大潟町(15542)、頸城村(15543)、吉川町(15544)、中郷村(15546)、板倉町(15548)、清里村(15549)、三和村(15550)、名立町(15561)が上越市(15222)に編入"
"15544","新潟県","中頸城郡","なかくびきぐん","吉川町","よしかわまち","2005-01-01","安塚町(15521)、浦川原村(15522)、大島村(15525)、牧村(15526)、柿崎町(15541)、大潟町(15542)、頸城村(15543)、吉川町(15544)、中郷村(15546)、板倉町(15548)、清里村(15549)、三和村(15550)、名立町(15561)が上越市(15222)に編入"
"15545","新潟県","中頸城郡","なかくびきぐん","妙高高原町","みょうこうこうげんまち","2005-04-01","妙高高原町(15545)、妙高村(15547)が新井市(15217)に編入
中頸城郡(15540)の廃止"
"15546","新潟県","中頸城郡","なかくびきぐん","中郷村","なかごうむら","2005-01-01","安塚町(15521)、浦川原村(15522)、大島村(15525)、牧村(15526)、柿崎町(15541)、大潟町(15542)、頸城村(15543)、吉川町(15544)、中郷村(15546)、板倉町(15548)、清里村(15549)、三和村(15550)、名立町(15561)が上越市(15222)に編入"
"15547","新潟県","中頸城郡","なかくびきぐん","妙高村","みょうこうむら","2005-04-01","妙高高原町(15545)、妙高村(15547)が新井市(15217)に編入
中頸城郡(15540)の廃止"
"15548","新潟県","中頸城郡","なかくびきぐん","板倉町","いたくらまち","2005-01-01","安塚町(15521)、浦川原村(15522)、大島村(15525)、牧村(15526)、柿崎町(15541)、大潟町(15542)、頸城村(15543)、吉川町(15544)、中郷村(15546)、板倉町(15548)、清里村(15549)、三和村(15550)、名立町(15561)が上越市(15222)に編入"
"15549","新潟県","中頸城郡","なかくびきぐん","清里村","きよさとむら","2005-01-01","安塚町(15521)、浦川原村(15522)、大島村(15525)、牧村(15526)、柿崎町(15541)、大潟町(15542)、頸城村(15543)、吉川町(15544)、中郷村(15546)、板倉町(15548)、清里村(15549)、三和村(15550)、名立町(15561)が上越市(15222)に編入"
"15550","新潟県","中頸城郡","なかくびきぐん","三和村","さんわむら","2005-01-01","安塚町(15521)、浦川原村(15522)、大島村(15525)、牧村(15526)、柿崎町(15541)、大潟町(15542)、頸城村(15543)、吉川町(15544)、中郷村(15546)、板倉町(15548)、清里村(15549)、三和村(15550)、名立町(15561)が上越市(15222)に編入"
"15561","新潟県","西頸城郡","にしくびきぐん","名立町","なだちまち","2005-01-01","安塚町(15521)、浦川原村(15522)、大島村(15525)、牧村(15526)、柿崎町(15541)、大潟町(15542)、頸城村(15543)、吉川町(15544)、中郷村(15546)、板倉町(15548)、清里村(15549)、三和村(15550)、名立町(15561)が上越市(15222)に編入"
"15562","新潟県","西頸城郡","にしくびきぐん","能生町","のうまち","2005-03-19","糸魚川市(15216)、能生町(15562)、青海町(15563)が合併し、糸魚川市を新設
西頸城郡(15560)の廃止"
"15563","新潟県","西頸城郡","にしくびきぐん","青海町","おうみまち","2005-03-19","糸魚川市(15216)、能生町(15562)、青海町(15563)が合併し、糸魚川市を新設
西頸城郡(15560)の廃止"
"15582","新潟県","岩船郡","いわふねぐん","荒川町","あらかわまち","2008-04-01","村上市(15212)、荒川町(15582)、神林村(15583)、朝日村(15584)、山北町(15585)が合併し、村上市を新設"
"15583","新潟県","岩船郡","いわふねぐん","神林村","かみはやしむら","2008-04-01","村上市(15212)、荒川町(15582)、神林村(15583)、朝日村(15584)、山北町(15585)が合併し、村上市を新設"
"15584","新潟県","岩船郡","いわふねぐん","朝日村","あさひむら","2008-04-01","村上市(15212)、荒川町(15582)、神林村(15583)、朝日村(15584)、山北町(15585)が合併し、村上市を新設"
"15585","新潟県","岩船郡","いわふねぐん","山北町","さんぽくまち","2008-04-01","村上市(15212)、荒川町(15582)、神林村(15583)、朝日村(15584)、山北町(15585)が合併し、村上市を新設"
"15601","新潟県","佐渡郡","さどぐん","相川町","あいかわまち","2004-03-01","両津市(15219)、相川町(15601)、佐和田町(15602)、金井町(15603)、新穂村(15604)、畑野町(15605)、真野町(15606)、小木町(15607)、羽茂町(15608)、赤泊村(15609)が合併し、佐渡市(15224)を新設
佐渡郡(15600)の廃止"
"15602","新潟県","佐渡郡","さどぐん","佐和田町","さわたまち","2004-03-01","両津市(15219)、相川町(15601)、佐和田町(15602)、金井町(15603)、新穂村(15604)、畑野町(15605)、真野町(15606)、小木町(15607)、羽茂町(15608)、赤泊村(15609)が合併し、佐渡市(15224)を新設
佐渡郡(15600)の廃止"
"15603","新潟県","佐渡郡","さどぐん","金井町","かないまち","2004-03-01","両津市(15219)、相川町(15601)、佐和田町(15602)、金井町(15603)、新穂村(15604)、畑野町(15605)、真野町(15606)、小木町(15607)、羽茂町(15608)、赤泊村(15609)が合併し、佐渡市(15224)を新設
佐渡郡(15600)の廃止"
"15604","新潟県","佐渡郡","さどぐん","新穂村","にいぼむら","2004-03-01","両津市(15219)、相川町(15601)、佐和田町(15602)、金井町(15603)、新穂村(15604)、畑野町(15605)、真野町(15606)、小木町(15607)、羽茂町(15608)、赤泊村(15609)が合併し、佐渡市(15224)を新設
佐渡郡(15600)の廃止"
"15605","新潟県","佐渡郡","さどぐん","畑野町","はたのまち","2004-03-01","両津市(15219)、相川町(15601)、佐和田町(15602)、金井町(15603)、新穂村(15604)、畑野町(15605)、真野町(15606)、小木町(15607)、羽茂町(15608)、赤泊村(15609)が合併し、佐渡市(15224)を新設
佐渡郡(15600)の廃止"
"15606","新潟県","佐渡郡","さどぐん","真野町","まのまち","2004-03-01","両津市(15219)、相川町(15601)、佐和田町(15602)、金井町(15603)、新穂村(15604)、畑野町(15605)、真野町(15606)、小木町(15607)、羽茂町(15608)、赤泊村(15609)が合併し、佐渡市(15224)を新設
佐渡郡(15600)の廃止"
"15607","新潟県","佐渡郡","さどぐん","小木町","おぎまち","2004-03-01","両津市(15219)、相川町(15601)、佐和田町(15602)、金井町(15603)、新穂村(15604)、畑野町(15605)、真野町(15606)、小木町(15607)、羽茂町(15608)、赤泊村(15609)が合併し、佐渡市(15224)を新設
佐渡郡(15600)の廃止"
"15608","新潟県","佐渡郡","さどぐん","羽茂町","はもちまち","2004-03-01","両津市(15219)、相川町(15601)、佐和田町(15602)、金井町(15603)、新穂村(15604)、畑野町(15605)、真野町(15606)、小木町(15607)、羽茂町(15608)、赤泊村(15609)が合併し、佐渡市(15224)を新設
佐渡郡(15600)の廃止"
"15609","新潟県","佐渡郡","さどぐん","赤泊村","あかどまりむら","2004-03-01","両津市(15219)、相川町(15601)、佐和田町(15602)、金井町(15603)、新穂村(15604)、畑野町(15605)、真野町(15606)、小木町(15607)、羽茂町(15608)、赤泊村(15609)が合併し、佐渡市(15224)を新設
佐渡郡(15600)の廃止"
"16201","富山県","","","富山市","とやまし","1996-04-01","富山市(16201)が中核市に移行"
"16201","富山県","","","富山市","とやまし","2005-04-01","富山市(16201)、大沢野町(16301)、大山町(16302)、八尾町(16361)、婦中町(16362)、山田村(16363)、細入村(16364)が合併し、富山市を新設
上新川郡(16300)の廃止
婦負郡(16360)の廃止"
"16202","富山県","","","高岡市","たかおかし","2005-11-01","高岡市(16202)、福岡町(16422)が合併し、高岡市を新設
西礪波郡(16420)の廃止"
"16203","富山県","","","新湊市","しんみなとし","2005-11-01","新湊市(16203)、小杉町(16381)、大門町(16382)、下村(16383)、大島町(16384)が合併し、射水市(16211)を新設
射水郡(16380)の廃止"
"16207","富山県","","","黒部市","くろべし","2006-03-31","黒部市(16207)、宇奈月町(16341)が合併し、黒部市を新設"
"16208","富山県","","","砺波市","となみし","2004-11-01","砺波市(16208)、庄川町(16405)が合併し、砺波市を新設"
"16210","富山県","","","南砺市","なんとし","2004-11-01","城端町(16401)、平村(16402)、上平村(16403)、利賀村(16404)、井波町(16406)、井口村(16407)、福野町(16408)、福光町(16421)が合併し、南砺市(16210)を新設
東礪波郡(16400)の廃止"
"16211","富山県","","","射水市","いみずし","2005-11-01","新湊市(16203)、小杉町(16381)、大門町(16382)、下村(16383)、大島町(16384)が合併し、射水市(16211)を新設
射水郡(16380)の廃止"
"16301","富山県","上新川郡","かみにいかわぐん","大沢野町","おおさわのまち","2005-04-01","富山市(16201)、大沢野町(16301)、大山町(16302)、八尾町(16361)、婦中町(16362)、山田村(16363)、細入村(16364)が合併し、富山市を新設
上新川郡(16300)の廃止
婦負郡(16360)の廃止"
"16302","富山県","上新川郡","かみにいかわぐん","大山町","おおやままち","2005-04-01","富山市(16201)、大沢野町(16301)、大山町(16302)、八尾町(16361)、婦中町(16362)、山田村(16363)、細入村(16364)が合併し、富山市を新設
上新川郡(16300)の廃止
婦負郡(16360)の廃止"
"16341","富山県","下新川郡","しもにいかわぐん","宇奈月町","うなづきまち","2006-03-31","黒部市(16207)、宇奈月町(16341)が合併し、黒部市を新設"
"16361","富山県","婦負郡","ねいぐん","八尾町","やつおまち","2005-04-01","富山市(16201)、大沢野町(16301)、大山町(16302)、八尾町(16361)、婦中町(16362)、山田村(16363)、細入村(16364)が合併し、富山市を新設
上新川郡(16300)の廃止
婦負郡(16360)の廃止"
"16362","富山県","婦負郡","ねいぐん","婦中町","ふちゅうまち","2005-04-01","富山市(16201)、大沢野町(16301)、大山町(16302)、八尾町(16361)、婦中町(16362)、山田村(16363)、細入村(16364)が合併し、富山市を新設
上新川郡(16300)の廃止
婦負郡(16360)の廃止"
"16363","富山県","婦負郡","ねいぐん","山田村","やまだむら","2005-04-01","富山市(16201)、大沢野町(16301)、大山町(16302)、八尾町(16361)、婦中町(16362)、山田村(16363)、細入村(16364)が合併し、富山市を新設
上新川郡(16300)の廃止
婦負郡(16360)の廃止"
"16364","富山県","婦負郡","ねいぐん","細入村","ほそいりむら","2005-04-01","富山市(16201)、大沢野町(16301)、大山町(16302)、八尾町(16361)、婦中町(16362)、山田村(16363)、細入村(16364)が合併し、富山市を新設
上新川郡(16300)の廃止
婦負郡(16360)の廃止"
"16381","富山県","射水郡","いみずぐん","小杉町","こすぎまち","2005-11-01","新湊市(16203)、小杉町(16381)、大門町(16382)、下村(16383)、大島町(16384)が合併し、射水市(16211)を新設
射水郡(16380)の廃止"
"16382","富山県","射水郡","いみずぐん","大門町","だいもんまち","2005-11-01","新湊市(16203)、小杉町(16381)、大門町(16382)、下村(16383)、大島町(16384)が合併し、射水市(16211)を新設
射水郡(16380)の廃止"
"16383","富山県","射水郡","いみずぐん","下村","しもむら","2005-11-01","新湊市(16203)、小杉町(16381)、大門町(16382)、下村(16383)、大島町(16384)が合併し、射水市(16211)を新設
射水郡(16380)の廃止"
"16384","富山県","射水郡","いみずぐん","大島町","おおしままち","2005-11-01","新湊市(16203)、小杉町(16381)、大門町(16382)、下村(16383)、大島町(16384)が合併し、射水市(16211)を新設
射水郡(16380)の廃止"
"16401","富山県","東礪波郡","ひがしとなみぐん","城端町","じょうはなまち","2004-11-01","城端町(16401)、平村(16402)、上平村(16403)、利賀村(16404)、井波町(16406)、井口村(16407)、福野町(16408)、福光町(16421)が合併し、南砺市(16210)を新設
東礪波郡(16400)の廃止"
"16402","富山県","東礪波郡","ひがしとなみぐん","平村","たいらむら","2004-11-01","城端町(16401)、平村(16402)、上平村(16403)、利賀村(16404)、井波町(16406)、井口村(16407)、福野町(16408)、福光町(16421)が合併し、南砺市(16210)を新設
東礪波郡(16400)の廃止"
"16403","富山県","東礪波郡","ひがしとなみぐん","上平村","かみたいらむら","2004-11-01","城端町(16401)、平村(16402)、上平村(16403)、利賀村(16404)、井波町(16406)、井口村(16407)、福野町(16408)、福光町(16421)が合併し、南砺市(16210)を新設
東礪波郡(16400)の廃止"
"16404","富山県","東礪波郡","ひがしとなみぐん","利賀村","とがむら","2004-11-01","城端町(16401)、平村(16402)、上平村(16403)、利賀村(16404)、井波町(16406)、井口村(16407)、福野町(16408)、福光町(16421)が合併し、南砺市(16210)を新設
東礪波郡(16400)の廃止"
"16405","富山県","東礪波郡","ひがしとなみぐん","庄川町","しょうがわまち","2004-11-01","砺波市(16208)、庄川町(16405)が合併し、砺波市を新設"
"16406","富山県","東礪波郡","ひがしとなみぐん","井波町","いなみまち","2004-11-01","城端町(16401)、平村(16402)、上平村(16403)、利賀村(16404)、井波町(16406)、井口村(16407)、福野町(16408)、福光町(16421)が合併し、南砺市(16210)を新設
東礪波郡(16400)の廃止"
"16407","富山県","東礪波郡","ひがしとなみぐん","井口村","いのくちむら","2004-11-01","城端町(16401)、平村(16402)、上平村(16403)、利賀村(16404)、井波町(16406)、井口村(16407)、福野町(16408)、福光町(16421)が合併し、南砺市(16210)を新設
東礪波郡(16400)の廃止"
"16408","富山県","東礪波郡","ひがしとなみぐん","福野町","ふくのまち","2004-11-01","城端町(16401)、平村(16402)、上平村(16403)、利賀村(16404)、井波町(16406)、井口村(16407)、福野町(16408)、福光町(16421)が合併し、南砺市(16210)を新設
東礪波郡(16400)の廃止"
"16421","富山県","西礪波郡","にしとなみぐん","福光町","ふくみつまち","2004-11-01","城端町(16401)、平村(16402)、上平村(16403)、利賀村(16404)、井波町(16406)、井口村(16407)、福野町(16408)、福光町(16421)が合併し、南砺市(16210)を新設
東礪波郡(16400)の廃止"
"16422","富山県","西礪波郡","にしとなみぐん","福岡町","ふくおかまち","2005-11-01","高岡市(16202)、福岡町(16422)が合併し、高岡市を新設
西礪波郡(16420)の廃止"
"17201","石川県","","","金沢市","かなざわし","1996-04-01","金沢市(17201)が中核市に移行"
"17202","石川県","","","七尾市","ななおし","2004-10-01","七尾市(17202)、田鶴浜町(17401)、中島町(17403)、能登島町(17405)が合併し、七尾市を新設"
"17204","石川県","","","輪島市","わじまし","2006-02-01","輪島市(17204)、門前町(17462)が合併し、輪島市を新設"
"17206","石川県","","","加賀市","かがし","2005-10-01","加賀市(17206)、山中町(17301)が合併し、加賀市を新設
江沼郡(17300)の廃止"
"17208","石川県","","","松任市","まっとうし","1970-10-10","松任町(17341)が松任市(17208)に市制施行"
"17208","石川県","","","松任市","まっとうし","2005-02-01","松任市(17208)、美川町(17342)、鶴来町(17343)、河内村(17345)、吉野谷村(17346)、鳥越村(17347)、尾口村(17348)、白峰村(17349)が合併し、白山市(17210)を新設"
"17209","石川県","","","かほく市","かほくし","2004-03-01","高松町(17362)、七塚町(17363)、宇ノ気町(17364)が合併し、かほく市(17209)を新設"
"17210","石川県","","","白山市","はくさんし","2005-02-01","松任市(17208)、美川町(17342)、鶴来町(17343)、河内村(17345)、吉野谷村(17346)、鳥越村(17347)、尾口村(17348)、白峰村(17349)が合併し、白山市(17210)を新設"
"17211","石川県","","","能美市","のみし","2005-02-01","根上町(17321)、寺井町(17322)、辰口町(17323)が合併し、能美市(17211)を新設"
"17212","石川県","","","野々市市","ののいちし","2011-11-11","野々市町(17344)が野々市市(17212)に市制施行
石川郡(17340)の廃止"
"17301","石川県","江沼郡","えぬまぐん","山中町","やまなかまち","2005-10-01","加賀市(17206)、山中町(17301)が合併し、加賀市を新設
江沼郡(17300)の廃止"
"17321","石川県","能美郡","のみぐん","根上町","ねあがりまち","2005-02-01","根上町(17321)、寺井町(17322)、辰口町(17323)が合併し、能美市(17211)を新設"
"17322","石川県","能美郡","のみぐん","寺井町","てらいまち","2005-02-01","根上町(17321)、寺井町(17322)、辰口町(17323)が合併し、能美市(17211)を新設"
"17323","石川県","能美郡","のみぐん","辰口町","たつのくちまち","2005-02-01","根上町(17321)、寺井町(17322)、辰口町(17323)が合併し、能美市(17211)を新設"
"17324","石川県","能美郡","のみぐん","川北町","かわきたまち","1980-04-01","川北村(17324)が川北町(17324)に町制施行"
"17324","石川県","能美郡","のみぐん","川北村","かわきたむら","1980-04-01","川北村(17324)が川北町(17324)に町制施行"
"17341","石川県","石川郡","いしかわぐん","松任町","まつとうまち","1970-10-10","松任町(17341)が松任市(17208)に市制施行"
"17342","石川県","石川郡","いしかわぐん","美川町","みかわまち","2005-02-01","松任市(17208)、美川町(17342)、鶴来町(17343)、河内村(17345)、吉野谷村(17346)、鳥越村(17347)、尾口村(17348)、白峰村(17349)が合併し、白山市(17210)を新設"
"17343","石川県","石川郡","いしかわぐん","鶴来町","つるぎまち","2005-02-01","松任市(17208)、美川町(17342)、鶴来町(17343)、河内村(17345)、吉野谷村(17346)、鳥越村(17347)、尾口村(17348)、白峰村(17349)が合併し、白山市(17210)を新設"
"17344","石川県","石川郡","いしかわぐん","野々市町","ののいちまち","2011-11-11","野々市町(17344)が野々市市(17212)に市制施行
石川郡(17340)の廃止"
"17345","石川県","石川郡","いしかわぐん","河内村","かわちむら","2005-02-01","松任市(17208)、美川町(17342)、鶴来町(17343)、河内村(17345)、吉野谷村(17346)、鳥越村(17347)、尾口村(17348)、白峰村(17349)が合併し、白山市(17210)を新設"
"17346","石川県","石川郡","いしかわぐん","吉野谷村","よしのだにむら","2005-02-01","松任市(17208)、美川町(17342)、鶴来町(17343)、河内村(17345)、吉野谷村(17346)、鳥越村(17347)、尾口村(17348)、白峰村(17349)が合併し、白山市(17210)を新設"
"17347","石川県","石川郡","いしかわぐん","鳥越村","とりごえむら","2005-02-01","松任市(17208)、美川町(17342)、鶴来町(17343)、河内村(17345)、吉野谷村(17346)、鳥越村(17347)、尾口村(17348)、白峰村(17349)が合併し、白山市(17210)を新設"
"17348","石川県","石川郡","いしかわぐん","尾口村","おぐちむら","2005-02-01","松任市(17208)、美川町(17342)、鶴来町(17343)、河内村(17345)、吉野谷村(17346)、鳥越村(17347)、尾口村(17348)、白峰村(17349)が合併し、白山市(17210)を新設"
"17349","石川県","石川郡","いしかわぐん","白峰村","しらみねむら","2005-02-01","松任市(17208)、美川町(17342)、鶴来町(17343)、河内村(17345)、吉野谷村(17346)、鳥越村(17347)、尾口村(17348)、白峰村(17349)が合併し、白山市(17210)を新設"
"17362","石川県","河北郡","かほくぐん","高松町","たかまつまち","2004-03-01","高松町(17362)、七塚町(17363)、宇ノ気町(17364)が合併し、かほく市(17209)を新設"
"17363","石川県","河北郡","かほくぐん","七塚町","ななつかまち","2004-03-01","高松町(17362)、七塚町(17363)、宇ノ気町(17364)が合併し、かほく市(17209)を新設"
"17364","石川県","河北郡","かほくぐん","宇ノ気町","うのけまち","2004-03-01","高松町(17362)、七塚町(17363)、宇ノ気町(17364)が合併し、かほく市(17209)を新設"
"17381","石川県","羽咋郡","はくいぐん","高浜町","たかはままち","1970-11-01","高浜町(17381)、志賀町(17384)が合併し、志賀町を新設"
"17382","石川県","羽咋郡","はくいぐん","富来町","とぎまち","2005-09-01","富来町(17382)、志賀町(17384)が合併し、志賀町を新設"
"17383","石川県","羽咋郡","はくいぐん","志雄町","しおまち","2005-03-01","志雄町(17383)、押水町(17385)が合併し、宝達志水町(17386)を新設"
"17384","石川県","羽咋郡","はくいぐん","志賀町","しかまち","1970-11-01","高浜町(17381)、志賀町(17384)が合併し、志賀町を新設"
"17384","石川県","羽咋郡","はくいぐん","志賀町","しかまち","2005-09-01","富来町(17382)、志賀町(17384)が合併し、志賀町を新設"
"17385","石川県","羽咋郡","はくいぐん","押水町","おしみずまち","2005-03-01","志雄町(17383)、押水町(17385)が合併し、宝達志水町(17386)を新設"
"17386","石川県","羽咋郡","はくいぐん","宝達志水町","ほうだつしみずちょう","2005-03-01","志雄町(17383)、押水町(17385)が合併し、宝達志水町(17386)を新設"
"17401","石川県","鹿島郡","かしまぐん","田鶴浜町","たつるはままち","2004-10-01","七尾市(17202)、田鶴浜町(17401)、中島町(17403)、能登島町(17405)が合併し、七尾市を新設"
"17402","石川県","鹿島郡","かしまぐん","鳥屋町","とりやまち","2005-03-01","鳥屋町(17402)、鹿島町(17404)、鹿西町(17406)が合併し、中能登町(17407)を新設"
"17403","石川県","鹿島郡","かしまぐん","中島町","なかじままち","2004-10-01","七尾市(17202)、田鶴浜町(17401)、中島町(17403)、能登島町(17405)が合併し、七尾市を新設"
"17404","石川県","鹿島郡","かしまぐん","鹿島町","かしままち","2005-03-01","鳥屋町(17402)、鹿島町(17404)、鹿西町(17406)が合併し、中能登町(17407)を新設"
"17405","石川県","鹿島郡","かしまぐん","能登島町","のとじままち","2004-10-01","七尾市(17202)、田鶴浜町(17401)、中島町(17403)、能登島町(17405)が合併し、七尾市を新設"
"17406","石川県","鹿島郡","かしまぐん","鹿西町","ろくせいまち","2005-03-01","鳥屋町(17402)、鹿島町(17404)、鹿西町(17406)が合併し、中能登町(17407)を新設"
"17407","石川県","鹿島郡","かしまぐん","中能登町","なかのとまち","2005-03-01","鳥屋町(17402)、鹿島町(17404)、鹿西町(17406)が合併し、中能登町(17407)を新設"
"17421","石川県","鳳至郡","ふげしぐん","穴水町","あなみずまち","2005-03-01","鳳至郡穴水町(17421)、門前町(17422)が鳳珠郡穴水町(17461)、門前町(17462)に郡の区域変更
鳳至郡(17420)の廃止
鳳珠郡(17460)の新設"
"17422","石川県","鳳至郡","ふげしぐん","門前町","もんぜんまち","2005-03-01","鳳至郡穴水町(17421)、門前町(17422)が鳳珠郡穴水町(17461)、門前町(17462)に郡の区域変更
鳳至郡(17420)の廃止
鳳珠郡(17460)の新設"
"17423","石川県","鳳至郡","ふげしぐん","能都町","のとまち","2005-03-01","能都町(17423)、柳田村(17424)、内浦町(17441)が合併し、能登町(17463)を新設
珠洲郡(17440)の廃止"
"17424","石川県","鳳至郡","ふげしぐん","柳田村","やなぎだむら","2005-03-01","能都町(17423)、柳田村(17424)、内浦町(17441)が合併し、能登町(17463)を新設
珠洲郡(17440)の廃止"
"17441","石川県","珠洲郡","すずぐん","内浦町","うちうらまち","2005-03-01","能都町(17423)、柳田村(17424)、内浦町(17441)が合併し、能登町(17463)を新設
珠洲郡(17440)の廃止"
"17461","石川県","鳳珠郡","ほうすぐん","穴水町","あなみずまち","2005-03-01","鳳至郡穴水町(17421)、門前町(17422)が鳳珠郡穴水町(17461)、門前町(17462)に郡の区域変更
鳳至郡(17420)の廃止
鳳珠郡(17460)の新設"
"17462","石川県","鳳珠郡","ほうすぐん","門前町","もんぜんまち","2005-03-01","鳳至郡穴水町(17421)、門前町(17422)が鳳珠郡穴水町(17461)、門前町(17462)に郡の区域変更
鳳至郡(17420)の廃止
鳳珠郡(17460)の新設"
"17462","石川県","鳳珠郡","ほうすぐん","門前町","もんぜんまち","2006-02-01","輪島市(17204)、門前町(17462)が合併し、輪島市を新設"
"17463","石川県","鳳珠郡","ほうすぐん","能登町","のとちょう","2005-03-01","能都町(17423)、柳田村(17424)、内浦町(17441)が合併し、能登町(17463)を新設
珠洲郡(17440)の廃止"
"18201","福井県","","","福井市","ふくいし","1971-09-01","足羽町(18301)が福井市(18201)に編入"
"18201","福井県","","","福井市","ふくいし","2000-11-01","福井市(18201)が特例市に移行"
"18201","福井県","","","福井市","ふくいし","2006-02-01","美山町(18302)、越廼村(18424)、清水町(18426)が福井市(18201)に編入
足羽郡(18300)の廃止"
"18201","福井県","","","福井市","ふくいし","2019-04-01","福井市(18201)が特例市から中核市に移行"
"18203","福井県","","","武生市","たけふし","2005-10-01","武生市(18203)、今立町(18381)が合併し、越前市(18209)を新設"
"18205","福井県","","","大野市","おおのし","1970-07-01","西谷村(18341)が大野市(18205)に編入"
"18205","福井県","","","大野市","おおのし","2005-11-07","和泉村(18342)が大野市(18205)に編入
大野郡(18340)の廃止"
"18208","福井県","","","あわら市","あわらし","2004-03-01","芦原町(18362)、金津町(18363)が合併し、あわら市(18208)を新設"
"18209","福井県","","","越前市","えちぜんし","2005-10-01","武生市(18203)、今立町(18381)が合併し、越前市(18209)を新設"
"18210","福井県","","","坂井市","さかいし","2006-03-20","三国町(18361)、丸岡町(18364)、春江町(18365)、坂井町(18366)が合併し、坂井市(18210)を新設
坂井郡(18360)の廃止"
"18301","福井県","足羽郡","あすわぐん","足羽町","あすわちょう","1971-09-01","足羽町(18301)が福井市(18201)に編入"
"18302","福井県","足羽郡","あすわぐん","美山町","みやまちょう","2006-02-01","美山町(18302)、越廼村(18424)、清水町(18426)が福井市(18201)に編入
足羽郡(18300)の廃止"
"18321","福井県","吉田郡","よしだぐん","松岡町","まつおかちょう","2006-02-13","松岡町(18321)、永平寺町(18322)、上志比村(18323)が合併し、永平寺町を新設"
"18322","福井県","吉田郡","よしだぐん","永平寺町","えいへいじちょう","2006-02-13","松岡町(18321)、永平寺町(18322)、上志比村(18323)が合併し、永平寺町を新設"
"18323","福井県","吉田郡","よしだぐん","上志比村","かみしひむら","2006-02-13","松岡町(18321)、永平寺町(18322)、上志比村(18323)が合併し、永平寺町を新設"
"18341","福井県","大野郡","おおのぐん","西谷村","にしたにむら","1970-07-01","西谷村(18341)が大野市(18205)に編入"
"18342","福井県","大野郡","おおのぐん","和泉村","いずみむら","2005-11-07","和泉村(18342)が大野市(18205)に編入
大野郡(18340)の廃止"
"18361","福井県","坂井郡","さかいぐん","三国町","みくにちょう","2006-03-20","三国町(18361)、丸岡町(18364)、春江町(18365)、坂井町(18366)が合併し、坂井市(18210)を新設
坂井郡(18360)の廃止"
"18362","福井県","坂井郡","さかいぐん","芦原町","あわらちょう","2004-03-01","芦原町(18362)、金津町(18363)が合併し、あわら市(18208)を新設"
"18363","福井県","坂井郡","さかいぐん","金津町","かなづちょう","2004-03-01","芦原町(18362)、金津町(18363)が合併し、あわら市(18208)を新設"
"18364","福井県","坂井郡","さかいぐん","丸岡町","まるおかちょう","2006-03-20","三国町(18361)、丸岡町(18364)、春江町(18365)、坂井町(18366)が合併し、坂井市(18210)を新設
坂井郡(18360)の廃止"
"18365","福井県","坂井郡","さかいぐん","春江町","はるえちょう","2006-03-20","三国町(18361)、丸岡町(18364)、春江町(18365)、坂井町(18366)が合併し、坂井市(18210)を新設
坂井郡(18360)の廃止"
"18366","福井県","坂井郡","さかいぐん","坂井町","さかいちょう","2006-03-20","三国町(18361)、丸岡町(18364)、春江町(18365)、坂井町(18366)が合併し、坂井市(18210)を新設
坂井郡(18360)の廃止"
"18381","福井県","今立郡","いまだてぐん","今立町","いまだてちょう","2005-10-01","武生市(18203)、今立町(18381)が合併し、越前市(18209)を新設"
"18401","福井県","南条郡","なんじょうぐん","南条町","なんじょうちょう","2005-01-01","南条町(18401)、今庄町(18402)、河野村(18403)が合併し、南越前町(18404)を新設"
"18402","福井県","南条郡","なんじょうぐん","今庄町","いまじょうちょう","2005-01-01","南条町(18401)、今庄町(18402)、河野村(18403)が合併し、南越前町(18404)を新設"
"18403","福井県","南条郡","なんじょうぐん","河野村","こうのむら","2005-01-01","南条町(18401)、今庄町(18402)、河野村(18403)が合併し、南越前町(18404)を新設"
"18404","福井県","南条郡","なんじょうぐん","南越前町","みなみえちぜんちょう","2005-01-01","南条町(18401)、今庄町(18402)、河野村(18403)が合併し、南越前町(18404)を新設"
"18421","福井県","丹生郡","にゅうぐん","朝日町","あさひちょう","2005-02-01","朝日町(18421)、宮崎村(18422)、越前町(18423)、織田町(18425)が合併し、越前町を新設"
"18422","福井県","丹生郡","にゅうぐん","宮崎村","みやざきむら","2005-02-01","朝日町(18421)、宮崎村(18422)、越前町(18423)、織田町(18425)が合併し、越前町を新設"
"18423","福井県","丹生郡","にゅうぐん","越前町","えちぜんちょう","2005-02-01","朝日町(18421)、宮崎村(18422)、越前町(18423)、織田町(18425)が合併し、越前町を新設"
"18424","福井県","丹生郡","にゅうぐん","越廼村","こしのむら","2006-02-01","美山町(18302)、越廼村(18424)、清水町(18426)が福井市(18201)に編入
足羽郡(18300)の廃止"
"18425","福井県","丹生郡","にゅうぐん","織田町","おたちょう","2005-02-01","朝日町(18421)、宮崎村(18422)、越前町(18423)、織田町(18425)が合併し、越前町を新設"
"18426","福井県","丹生郡","にゅうぐん","清水町","しみずちょう","2006-02-01","美山町(18302)、越廼村(18424)、清水町(18426)が福井市(18201)に編入
足羽郡(18300)の廃止"
"18441","福井県","三方郡","みかたぐん","三方町","みかたちょう","2005-03-31","三方町(18441)、上中町(18461)が合併し、若狭町(18501)を新設"
"18461","福井県","遠敷郡","おにゅうぐん","上中町","かみなかちょう","2005-03-31","三方町(18441)、上中町(18461)が合併し、若狭町(18501)を新設"
"18462","福井県","遠敷郡","おにゅうぐん","名田庄村","なたしょうむら","2006-03-03","名田庄村(18462)、大飯町(18482)が合併し、おおい町(18483)を新設
遠敷郡(18460)の廃止"
"18482","福井県","大飯郡","おおいぐん","大飯町","おおいちょう","2006-03-03","名田庄村(18462)、大飯町(18482)が合併し、おおい町(18483)を新設
遠敷郡(18460)の廃止"
"18483","福井県","大飯郡","おおいぐん","おおい町","おおいちょう","2006-03-03","名田庄村(18462)、大飯町(18482)が合併し、おおい町(18483)を新設
遠敷郡(18460)の廃止"
"18501","福井県","三方上中郡","みかたかみなかぐん","若狭町","わかさちょう","2005-03-31","三方町(18441)、上中町(18461)が合併し、若狭町(18501)を新設"
"19201","山梨県","","","甲府市","こうふし","2000-11-01","甲府市(19201)が特例市に移行"
"19201","山梨県","","","甲府市","こうふし","2006-03-01","中道町(19326)と上九一色村(19341)大字梯及び古関が甲府市(19201)に編入"
"19201","山梨県","","","甲府市","こうふし","2019-04-01","甲府市(19201)が特例市から中核市に移行"
"19203","山梨県","","","塩山市","えんざんし","2005-11-01","塩山市(19203)、勝沼町(19304)、大和村(19305)が合併し、甲州市(19213)を新設
東山梨郡(19300)の廃止"
"19205","山梨県","","","山梨市","やまなしし","2005-03-22","山梨市(19205)、牧丘町(19302)、三富村(19303)が合併し、山梨市を新設"
"19208","山梨県","","","南アルプス市","みなみあるぷすし","2003-04-01","八田村(19386)、白根町(19387)、芦安村(19388)、若草町(19389)、櫛形町(19390)、甲西町(19391)が合併し、南アルプス市(19208)を新設"
"19209","山梨県","","","北杜市","ほくとし","2004-11-01","明野村(19402)、須玉町(19403)、高根町(19404)、長坂町(19405)、大泉村(19406)、白州町(19408)、武川村(19409)が合併し、北杜市(19209)を新設"
"19209","山梨県","","","北杜市","ほくとし","2006-03-15","小淵沢町(19407)が北杜市(19209)に編入
北巨摩郡(19400)の廃止"
"19210","山梨県","","","甲斐市","かいし","2004-09-01","竜王町(19381)、敷島町(19382)、双葉町(19401)が合併し、甲斐市(19210)を新設"
"19211","山梨県","","","笛吹市","ふえふきし","2004-10-12","春日居町(19301)、石和町(19321)、御坂町(19322)、一宮町(19323)、八代町(19324)、境川村(19325)が合併し、笛吹市(19211)を新設"
"19211","山梨県","","","笛吹市","ふえふきし","2006-08-01","芦川村(19327)が笛吹市(19211)に編入
東八代郡(19320)の廃止"
"19212","山梨県","","","上野原市","うえのはらし","2005-02-13","秋山村(19421)、上野原町(19441)が合併し、上野原市(19212)を新設"
"19213","山梨県","","","甲州市","こうしゅうし","2005-11-01","塩山市(19203)、勝沼町(19304)、大和村(19305)が合併し、甲州市(19213)を新設
東山梨郡(19300)の廃止"
"19214","山梨県","","","中央市","ちゅうおうし","2006-02-20","豊富村(19328)、玉穂町(19383)、田富町(19385)が合併し、中央市(19214)を新設"
"19301","山梨県","東山梨郡","ひがしやまなしぐん","春日居町","かすがいちょう","2004-10-12","春日居町(19301)、石和町(19321)、御坂町(19322)、一宮町(19323)、八代町(19324)、境川村(19325)が合併し、笛吹市(19211)を新設"
"19302","山梨県","東山梨郡","ひがしやまなしぐん","牧丘町","まきおかちょう","2005-03-22","山梨市(19205)、牧丘町(19302)、三富村(19303)が合併し、山梨市を新設"
"19303","山梨県","東山梨郡","ひがしやまなしぐん","三富村","みとみむら","2005-03-22","山梨市(19205)、牧丘町(19302)、三富村(19303)が合併し、山梨市を新設"
"19304","山梨県","東山梨郡","ひがしやまなしぐん","勝沼町","かつぬまちょう","2005-11-01","塩山市(19203)、勝沼町(19304)、大和村(19305)が合併し、甲州市(19213)を新設
東山梨郡(19300)の廃止"
"19305","山梨県","東山梨郡","ひがしやまなしぐん","大和村","やまとむら","2005-11-01","塩山市(19203)、勝沼町(19304)、大和村(19305)が合併し、甲州市(19213)を新設
東山梨郡(19300)の廃止"
"19321","山梨県","東八代郡","ひがしやつしろぐん","石和町","いさわちょう","2004-10-12","春日居町(19301)、石和町(19321)、御坂町(19322)、一宮町(19323)、八代町(19324)、境川村(19325)が合併し、笛吹市(19211)を新設"
"19322","山梨県","東八代郡","ひがしやつしろぐん","御坂町","みさかちょう","2004-10-12","春日居町(19301)、石和町(19321)、御坂町(19322)、一宮町(19323)、八代町(19324)、境川村(19325)が合併し、笛吹市(19211)を新設"
"19323","山梨県","東八代郡","ひがしやつしろぐん","一宮町","いちのみやちょう","2004-10-12","春日居町(19301)、石和町(19321)、御坂町(19322)、一宮町(19323)、八代町(19324)、境川村(19325)が合併し、笛吹市(19211)を新設"
"19324","山梨県","東八代郡","ひがしやつしろぐん","八代町","やつしろちょう","2004-10-12","春日居町(19301)、石和町(19321)、御坂町(19322)、一宮町(19323)、八代町(19324)、境川村(19325)が合併し、笛吹市(19211)を新設"
"19325","山梨県","東八代郡","ひがしやつしろぐん","境川村","さかいがわむら","2004-10-12","春日居町(19301)、石和町(19321)、御坂町(19322)、一宮町(19323)、八代町(19324)、境川村(19325)が合併し、笛吹市(19211)を新設"
"19326","山梨県","東八代郡","ひがしやつしろぐん","中道町","なかみちまち","2006-03-01","中道町(19326)と上九一色村(19341)大字梯及び古関が甲府市(19201)に編入"
"19327","山梨県","東八代郡","ひがしやつしろぐん","芦川村","あしがわむら","2006-08-01","芦川村(19327)が笛吹市(19211)に編入
東八代郡(19320)の廃止"
"19328","山梨県","東八代郡","ひがしやつしろぐん","豊富村","とよとみむら","2006-02-20","豊富村(19328)、玉穂町(19383)、田富町(19385)が合併し、中央市(19214)を新設"
"19341","山梨県","西八代郡","にしやつしろぐん","上九一色村","かみくいしきむら","2006-03-01","上九一色村(19341)大字梯及び古関が甲府市(19201)に編入し、大字精進、本栖及び富士ヶ嶺が富士河口湖町(19430)に編入"
"19342","山梨県","西八代郡","にしやつしろぐん","三珠町","みたまちょう","2005-10-01","三珠町(19342)、市川大門町(19343)、六郷町(19344)が合併し、市川三郷町(19346)を新設"
"19343","山梨県","西八代郡","にしやつしろぐん","市川大門町","いちかわだいもんちょう","2005-10-01","三珠町(19342)、市川大門町(19343)、六郷町(19344)が合併し、市川三郷町(19346)を新設"
"19344","山梨県","西八代郡","にしやつしろぐん","六郷町","ろくごうちょう","2005-10-01","三珠町(19342)、市川大門町(19343)、六郷町(19344)が合併し、市川三郷町(19346)を新設"
"19345","山梨県","西八代郡","にしやつしろぐん","下部町","しもべちょう","2004-09-13","下部町(19345)、中富町(19363)、身延町(19365)が合併し、身延町を新設"
"19346","山梨県","西八代郡","にしやつしろぐん","市川三郷町","いちかわみさとちょう","2005-10-01","三珠町(19342)、市川大門町(19343)、六郷町(19344)が合併し、市川三郷町(19346)を新設"
"19361","山梨県","南巨摩郡","みなみこまぐん","増穂町","ますほちょう","2010-03-08","増穂町(19361)、鰍沢町(19362)が合併し、富士川町(19368)を新設"
"19362","山梨県","南巨摩郡","みなみこまぐん","鰍沢町","かじかざわちょう","2010-03-08","増穂町(19361)、鰍沢町(19362)が合併し、富士川町(19368)を新設"
"19363","山梨県","南巨摩郡","みなみこまぐん","中富町","なかとみちょう","2004-09-13","下部町(19345)、中富町(19363)、身延町(19365)が合併し、身延町を新設"
"19365","山梨県","南巨摩郡","みなみこまぐん","身延町","みのぶちょう","2004-09-13","下部町(19345)、中富町(19363)、身延町(19365)が合併し、身延町を新設"
"19366","山梨県","南巨摩郡","みなみこまぐん","南部町","なんぶちょう","2003-03-01","南部町(19366)、富沢町(19367)が合併し、南部町を新設"
"19367","山梨県","南巨摩郡","みなみこまぐん","富沢町","とみざわちょう","2003-03-01","南部町(19366)、富沢町(19367)が合併し、南部町を新設"
"19368","山梨県","南巨摩郡","みなみこまぐん","富士川町","ふじかわちょう","2010-03-08","増穂町(19361)、鰍沢町(19362)が合併し、富士川町(19368)を新設"
"19381","山梨県","中巨摩郡","なかこまぐん","竜王町","りゅうおうちょう","2004-09-01","竜王町(19381)、敷島町(19382)、双葉町(19401)が合併し、甲斐市(19210)を新設"
"19382","山梨県","中巨摩郡","なかこまぐん","敷島町","しきしままち","2004-09-01","竜王町(19381)、敷島町(19382)、双葉町(19401)が合併し、甲斐市(19210)を新設"
"19383","山梨県","中巨摩郡","なかこまぐん","玉穂村","たまほむら","1985-04-01","玉穂村(19383)が玉穂町(19383)に町制施行"
"19383","山梨県","中巨摩郡","なかこまぐん","玉穂町","たまほちょう","1985-04-01","玉穂村(19383)が玉穂町(19383)に町制施行"
"19383","山梨県","中巨摩郡","なかこまぐん","玉穂町","たまほちょう","2006-02-20","豊富村(19328)、玉穂町(19383)、田富町(19385)が合併し、中央市(19214)を新設"
"19384","山梨県","中巨摩郡","なかこまぐん","昭和村","しょうわむら","1971-04-01","昭和村(19384)が昭和町(19384)に町制施行"
"19384","山梨県","中巨摩郡","なかこまぐん","昭和町","しょうわちょう","1971-04-01","昭和村(19384)が昭和町(19384)に町制施行"
"19385","山梨県","中巨摩郡","なかこまぐん","田富町","たとみちょう","2006-02-20","豊富村(19328)、玉穂町(19383)、田富町(19385)が合併し、中央市(19214)を新設"
"19386","山梨県","中巨摩郡","なかこまぐん","八田村","はったむら","2003-04-01","八田村(19386)、白根町(19387)、芦安村(19388)、若草町(19389)、櫛形町(19390)、甲西町(19391)が合併し、南アルプス市(19208)を新設"
"19387","山梨県","中巨摩郡","なかこまぐん","白根町","しらねまち","2003-04-01","八田村(19386)、白根町(19387)、芦安村(19388)、若草町(19389)、櫛形町(19390)、甲西町(19391)が合併し、南アルプス市(19208)を新設"
"19388","山梨県","中巨摩郡","なかこまぐん","芦安村","あしやすむら","2003-04-01","八田村(19386)、白根町(19387)、芦安村(19388)、若草町(19389)、櫛形町(19390)、甲西町(19391)が合併し、南アルプス市(19208)を新設"
"19389","山梨県","中巨摩郡","なかこまぐん","若草町","わかくさちょう","2003-04-01","八田村(19386)、白根町(19387)、芦安村(19388)、若草町(19389)、櫛形町(19390)、甲西町(19391)が合併し、南アルプス市(19208)を新設"
"19390","山梨県","中巨摩郡","なかこまぐん","櫛形町","くしがたまち","2003-04-01","八田村(19386)、白根町(19387)、芦安村(19388)、若草町(19389)、櫛形町(19390)、甲西町(19391)が合併し、南アルプス市(19208)を新設"
"19391","山梨県","中巨摩郡","なかこまぐん","甲西町","こうさいまち","2003-04-01","八田村(19386)、白根町(19387)、芦安村(19388)、若草町(19389)、櫛形町(19390)、甲西町(19391)が合併し、南アルプス市(19208)を新設"
"19401","山梨県","北巨摩郡","きたこまぐん","双葉町","ふたばちょう","2004-09-01","竜王町(19381)、敷島町(19382)、双葉町(19401)が合併し、甲斐市(19210)を新設"
"19402","山梨県","北巨摩郡","きたこまぐん","明野村","あけのむら","2004-11-01","明野村(19402)、須玉町(19403)、高根町(19404)、長坂町(19405)、大泉村(19406)、白州町(19408)、武川村(19409)が合併し、北杜市(19209)を新設"
"19403","山梨県","北巨摩郡","きたこまぐん","須玉町","すだまちょう","1990-10-05","須玉町(すだまちょう、19403)が須玉町(すたまちょう、19403)に名称変更"
"19403","山梨県","北巨摩郡","きたこまぐん","須玉町","すたまちょう","1990-10-05","須玉町(すだまちょう、19403)が須玉町(すたまちょう、19403)に名称変更"
"19403","山梨県","北巨摩郡","きたこまぐん","須玉町","すたまちょう","2004-11-01","明野村(19402)、須玉町(19403)、高根町(19404)、長坂町(19405)、大泉村(19406)、白州町(19408)、武川村(19409)が合併し、北杜市(19209)を新設"
"19404","山梨県","北巨摩郡","きたこまぐん","高根町","たかねちょう","2004-11-01","明野村(19402)、須玉町(19403)、高根町(19404)、長坂町(19405)、大泉村(19406)、白州町(19408)、武川村(19409)が合併し、北杜市(19209)を新設"
"19405","山梨県","北巨摩郡","きたこまぐん","長坂町","ながさかちょう","2004-11-01","明野村(19402)、須玉町(19403)、高根町(19404)、長坂町(19405)、大泉村(19406)、白州町(19408)、武川村(19409)が合併し、北杜市(19209)を新設"
"19406","山梨県","北巨摩郡","きたこまぐん","大泉村","おおいずみむら","2004-11-01","明野村(19402)、須玉町(19403)、高根町(19404)、長坂町(19405)、大泉村(19406)、白州町(19408)、武川村(19409)が合併し、北杜市(19209)を新設"
"19407","山梨県","北巨摩郡","きたこまぐん","小淵沢町","こぶちさわちょう","2006-03-15","小淵沢町(19407)が北杜市(19209)に編入
北巨摩郡(19400)の廃止"
"19408","山梨県","北巨摩郡","きたこまぐん","白州町","はくしゅうまち","2004-11-01","明野村(19402)、須玉町(19403)、高根町(19404)、長坂町(19405)、大泉村(19406)、白州町(19408)、武川村(19409)が合併し、北杜市(19209)を新設"
"19409","山梨県","北巨摩郡","きたこまぐん","武川村","むかわむら","2004-11-01","明野村(19402)、須玉町(19403)、高根町(19404)、長坂町(19405)、大泉村(19406)、白州町(19408)、武川村(19409)が合併し、北杜市(19209)を新設"
"19421","山梨県","南都留郡","みなみつるぐん","秋山村","あきやまむら","2005-02-13","秋山村(19421)、上野原町(19441)が合併し、上野原市(19212)を新設"
"19426","山梨県","南都留郡","みなみつるぐん","河口湖町","かわぐちこまち","2003-11-15","河口湖町(19426)、勝山村(19427)、足和田村(19428)が合併し、富士河口湖町(19430)を新設"
"19427","山梨県","南都留郡","みなみつるぐん","勝山村","かつやまむら","2003-11-15","河口湖町(19426)、勝山村(19427)、足和田村(19428)が合併し、富士河口湖町(19430)を新設"
"19428","山梨県","南都留郡","みなみつるぐん","足和田村","あしわだむら","2003-11-15","河口湖町(19426)、勝山村(19427)、足和田村(19428)が合併し、富士河口湖町(19430)を新設"
"19430","山梨県","南都留郡","みなみつるぐん","富士河口湖町","ふじかわぐちこまち","2003-11-15","河口湖町(19426)、勝山村(19427)、足和田村(19428)が合併し、富士河口湖町(19430)を新設"
"19430","山梨県","南都留郡","みなみつるぐん","富士河口湖町","ふじかわぐちこまち","2006-03-01","上九一色村(19341)大字梯及び古関が甲府市(19201)に編入し、大字精進、本栖及び富士ヶ嶺が富士河口湖町(19430)に編入"
"19441","山梨県","北都留郡","きたつるぐん","上野原町","うえのはらまち","2005-02-13","秋山村(19421)、上野原町(19441)が合併し、上野原市(19212)を新設"
"20201","長野県","","","長野市","ながのし","1999-04-01","長野市(20201)が中核市に移行"
"20201","長野県","","","長野市","ながのし","2005-01-01","大岡村(20502)、豊野町(20582)、戸隠村(20586)、鬼無里村(20587)が長野市(20201)に編入
更級郡(20500)の廃止"
"20201","長野県","","","長野市","ながのし","2010-01-01","信州新町(20581)、中条村(20589)が長野市(20201)に編入"
"20202","長野県","","","松本市","まつもとし","1974-05-01","本郷村(20442)が松本市(20202)に編入"
"20202","長野県","","","松本市","まつもとし","2000-11-01","松本市(20202)が特例市に移行"
"20202","長野県","","","松本市","まつもとし","2005-04-01","四賀村(20443)、奈川村(20463)、安曇村(20464)、梓川村(20465)が松本市(20202)に編入"
"20202","長野県","","","松本市","まつもとし","2010-03-31","波田町(20449)が松本市(20202)に編入"
"20202","長野県","","","松本市","まつもとし","2021-04-01","松本市(20202)が特例市から中核市に移行"
"20203","長野県","","","上田市","うえだし","1973-04-01","川西村(20348)が上田市(20203)に編入"
"20203","長野県","","","上田市","うえだし","2006-03-06","上田市(20203)、丸子町(20341)、真田町(20345)、武石村(20346)が合併し、上田市を新設"
"20205","長野県","","","飯田市","いいだし","1984-12-01","鼎町(20401)が飯田市(20205)に編入"
"20205","長野県","","","飯田市","いいだし","1993-07-01","上郷町(20405)が飯田市(20205)に編入"
"20205","長野県","","","飯田市","いいだし","2005-10-01","上村(20418)、南信濃村(20419)が飯田市(20205)に編入"
"20207","長野県","","","須坂市","すざかし","1971-04-30","東村(20542)が須坂市(20207)に編入"
"20209","長野県","","","伊那市","いなし","2006-03-31","伊那市(20209)、高遠町(20381)、長谷村(20387)が合併し、伊那市を新設"
"20211","長野県","","","中野市","なかのし","2005-04-01","中野市(20211)、豊田村(20601)が合併し、中野市を新設"
"20212","長野県","","","大町市","おおまちし","2006-01-01","八坂村(20483)、美麻村(20484)が大町市(20212)に編入"
"20215","長野県","","","塩尻市","しおじりし","2005-04-01","楢川村(20424)が塩尻市(20215)に編入"
"20216","長野県","","","更埴市","こうしょくし","2003-09-01","更埴市(20216)、上山田町(20501)、戸倉町(20522)が合併し、千曲市(20218)を新設"
"20217","長野県","","","佐久市","さくし","2005-04-01","佐久市(20217)、臼田町(20301)、望月町(20322)、浅科村(20325)が合併し、佐久市を新設"
"20218","長野県","","","千曲市","ちくまし","2003-09-01","更埴市(20216)、上山田町(20501)、戸倉町(20522)が合併し、千曲市(20218)を新設"
"20219","長野県","","","東御市","とうみし","2004-04-01","北御牧村(20326)、東部町(20343)が合併し、東御市(20219)を新設"
"20220","長野県","","","安曇野市","あづみのし","2005-10-01","明科町(20441)、豊科町(20461)、穂高町(20462)、三郷村(20466)、堀金村(20467)が合併し、安曇野市(20220)を新設
南安曇郡(20460)の廃止"
"20301","長野県","南佐久郡","みなみさくぐん","臼田町","うすだまち","2005-04-01","佐久市(20217)、臼田町(20301)、望月町(20322)、浅科村(20325)が合併し、佐久市を新設"
"20302","長野県","南佐久郡","みなみさくぐん","佐久町","さくまち","2005-03-20","佐久町(20302)、八千穂村(20308)が合併し、佐久穂町(20309)を新設"
"20308","長野県","南佐久郡","みなみさくぐん","八千穂村","やちほむら","2005-03-20","佐久町(20302)、八千穂村(20308)が合併し、佐久穂町(20309)を新設"
"20309","長野県","南佐久郡","みなみさくぐん","佐久穂町","さくほまち","2005-03-20","佐久町(20302)、八千穂村(20308)が合併し、佐久穂町(20309)を新設"
"20322","長野県","北佐久郡","きたさくぐん","望月町","もちづきまち","2005-04-01","佐久市(20217)、臼田町(20301)、望月町(20322)、浅科村(20325)が合併し、佐久市を新設"
"20325","長野県","北佐久郡","きたさくぐん","浅科村","あさしなむら","2005-04-01","佐久市(20217)、臼田町(20301)、望月町(20322)、浅科村(20325)が合併し、佐久市を新設"
"20326","長野県","北佐久郡","きたさくぐん","北御牧村","きたみまきむら","2004-04-01","北御牧村(20326)、東部町(20343)が合併し、東御市(20219)を新設"
"20341","長野県","小県郡","ちいさがたぐん","丸子町","まるこまち","2006-03-06","上田市(20203)、丸子町(20341)、真田町(20345)、武石村(20346)が合併し、上田市を新設"
"20342","長野県","小県郡","ちいさがたぐん","長門町","ながとまち","2005-10-01","長門町(20342)、和田村(20347)が合併し、長和町(20350)を新設"
"20343","長野県","小県郡","ちいさがたぐん","東部町","とうぶまち","2004-04-01","北御牧村(20326)、東部町(20343)が合併し、東御市(20219)を新設"
"20345","長野県","小県郡","ちいさがたぐん","真田町","さなだまち","2006-03-06","上田市(20203)、丸子町(20341)、真田町(20345)、武石村(20346)が合併し、上田市を新設"
"20346","長野県","小県郡","ちいさがたぐん","武石村","たけしむら","2006-03-06","上田市(20203)、丸子町(20341)、真田町(20345)、武石村(20346)が合併し、上田市を新設"
"20347","長野県","小県郡","ちいさがたぐん","和田村","わだむら","2005-10-01","長門町(20342)、和田村(20347)が合併し、長和町(20350)を新設"
"20348","長野県","小県郡","ちいさがたぐん","川西村","かわにしむら","1973-04-01","川西村(20348)が上田市(20203)に編入"
"20350","長野県","小県郡","ちいさがたぐん","長和町","ながわまち","2005-10-01","長門町(20342)、和田村(20347)が合併し、長和町(20350)を新設"
"20381","長野県","上伊那郡","かみいなぐん","高遠町","たかとおまち","2006-03-31","伊那市(20209)、高遠町(20381)、長谷村(20387)が合併し、伊那市を新設"
"20387","長野県","上伊那郡","かみいなぐん","長谷村","はせむら","2006-03-31","伊那市(20209)、高遠町(20381)、長谷村(20387)が合併し、伊那市を新設"
"20401","長野県","下伊那郡","しもいなぐん","鼎町","かなえまち","1984-12-01","鼎町(20401)が飯田市(20205)に編入"
"20405","長野県","下伊那郡","しもいなぐん","上郷町","かみさとまち","1993-07-01","上郷町(20405)が飯田市(20205)に編入"
"20406","長野県","下伊那郡","しもいなぐん","清内路村","せいないじむら","2009-03-31","清内路村(20406)が阿智村(20407)に編入"
"20407","長野県","下伊那郡","しもいなぐん","阿智村","あちむら","2006-01-01","浪合村(20408)が阿智村(20407)に編入"
"20407","長野県","下伊那郡","しもいなぐん","阿智村","あちむら","2009-03-31","清内路村(20406)が阿智村(20407)に編入"
"20408","長野県","下伊那郡","しもいなぐん","浪合村","なみあいむら","2006-01-01","浪合村(20408)が阿智村(20407)に編入"
"20418","長野県","下伊那郡","しもいなぐん","上村","かみむら","2005-10-01","上村(20418)、南信濃村(20419)が飯田市(20205)に編入"
"20419","長野県","下伊那郡","しもいなぐん","南信濃村","みなみしなのむら","2005-10-01","上村(20418)、南信濃村(20419)が飯田市(20205)に編入"
"20421","長野県","木曽郡","きそぐん","木曽福島町","きそふくしままち","2005-11-01","木曽福島町(20421)、日義村(20426)、開田村(20427)、三岳村(20428)が合併し、木曽町(20432)を新設"
"20424","長野県","木曽郡","きそぐん","楢川村","ならかわむら","2005-04-01","楢川村(20424)が塩尻市(20215)に編入"
"20426","長野県","木曽郡","きそぐん","日義村","ひよしむら","2005-11-01","木曽福島町(20421)、日義村(20426)、開田村(20427)、三岳村(20428)が合併し、木曽町(20432)を新設"
"20427","長野県","木曽郡","きそぐん","開田村","かいだむら","2005-11-01","木曽福島町(20421)、日義村(20426)、開田村(20427)、三岳村(20428)が合併し、木曽町(20432)を新設"
"20428","長野県","木曽郡","きそぐん","三岳村","みたけむら","2005-11-01","木曽福島町(20421)、日義村(20426)、開田村(20427)、三岳村(20428)が合併し、木曽町(20432)を新設"
"20431","長野県","木曽郡","きそぐん","山口村","やまぐちむら","2005-02-13","長野県山口村(20431)が岐阜県中津川市(21206)に編入"
"20432","長野県","木曽郡","きそぐん","木曽町","きそまち","2005-11-01","木曽福島町(20421)、日義村(20426)、開田村(20427)、三岳村(20428)が合併し、木曽町(20432)を新設"
"20441","長野県","東筑摩郡","ひがしちくまぐん","明科町","あかしなまち","2005-10-01","明科町(20441)、豊科町(20461)、穂高町(20462)、三郷村(20466)、堀金村(20467)が合併し、安曇野市(20220)を新設
南安曇郡(20460)の廃止"
"20442","長野県","東筑摩郡","ひがしちくまぐん","本郷村","ほんごうむら","1974-05-01","本郷村(20442)が松本市(20202)に編入"
"20443","長野県","東筑摩郡","ひがしちくまぐん","四賀村","しがむら","2005-04-01","四賀村(20443)、奈川村(20463)、安曇村(20464)、梓川村(20465)が松本市(20202)に編入"
"20444","長野県","東筑摩郡","ひがしちくまぐん","本城村","ほんじょうむら","2005-10-11","本城村(20444)、坂北村(20445)、坂井村(20447)が合併し、筑北村(20452)を新設"
"20445","長野県","東筑摩郡","ひがしちくまぐん","坂北村","さかきたむら","2005-10-11","本城村(20444)、坂北村(20445)、坂井村(20447)が合併し、筑北村(20452)を新設"
"20447","長野県","東筑摩郡","ひがしちくまぐん","坂井村","さかいむら","2005-10-11","本城村(20444)、坂北村(20445)、坂井村(20447)が合併し、筑北村(20452)を新設"
"20449","長野県","東筑摩郡","ひがしちくまぐん","波田町","はたまち","1973-04-01","波田村(20449)が波田町(20449)に町制施行"
"20449","長野県","東筑摩郡","ひがしちくまぐん","波田村","はたむら","1973-04-01","波田村(20449)が波田町(20449)に町制施行"
"20449","長野県","東筑摩郡","ひがしちくまぐん","波田町","はたまち","2010-03-31","波田町(20449)が松本市(20202)に編入"
"20452","長野県","東筑摩郡","ひがしちくまぐん","筑北村","ちくほくむら","2005-10-11","本城村(20444)、坂北村(20445)、坂井村(20447)が合併し、筑北村(20452)を新設"
"20461","長野県","南安曇郡","みなみあづみぐん","豊科町","とよしなまち","2005-10-01","明科町(20441)、豊科町(20461)、穂高町(20462)、三郷村(20466)、堀金村(20467)が合併し、安曇野市(20220)を新設
南安曇郡(20460)の廃止"
"20462","長野県","南安曇郡","みなみあづみぐん","穂高町","ほたかまち","2005-10-01","明科町(20441)、豊科町(20461)、穂高町(20462)、三郷村(20466)、堀金村(20467)が合併し、安曇野市(20220)を新設
南安曇郡(20460)の廃止"
"20463","長野県","南安曇郡","みなみあづみぐん","奈川村","ながわむら","2005-04-01","四賀村(20443)、奈川村(20463)、安曇村(20464)、梓川村(20465)が松本市(20202)に編入"
"20464","長野県","南安曇郡","みなみあづみぐん","安曇村","あづみむら","2005-04-01","四賀村(20443)、奈川村(20463)、安曇村(20464)、梓川村(20465)が松本市(20202)に編入"
"20465","長野県","南安曇郡","みなみあづみぐん","梓川村","あずさがわむら","2005-04-01","四賀村(20443)、奈川村(20463)、安曇村(20464)、梓川村(20465)が松本市(20202)に編入"
"20466","長野県","南安曇郡","みなみあづみぐん","三郷村","みさとむら","2005-10-01","明科町(20441)、豊科町(20461)、穂高町(20462)、三郷村(20466)、堀金村(20467)が合併し、安曇野市(20220)を新設
南安曇郡(20460)の廃止"
"20467","長野県","南安曇郡","みなみあづみぐん","堀金村","ほりがねむら","2005-10-01","明科町(20441)、豊科町(20461)、穂高町(20462)、三郷村(20466)、堀金村(20467)が合併し、安曇野市(20220)を新設
南安曇郡(20460)の廃止"
"20483","長野県","北安曇郡","きたあづみぐん","八坂村","やさかむら","2006-01-01","八坂村(20483)、美麻村(20484)が大町市(20212)に編入"
"20484","長野県","北安曇郡","きたあづみぐん","美麻村","みあさむら","2006-01-01","八坂村(20483)、美麻村(20484)が大町市(20212)に編入"
"20501","長野県","更級郡","さらしなぐん","上山田町","かみやまだまち","2003-09-01","更埴市(20216)、上山田町(20501)、戸倉町(20522)が合併し、千曲市(20218)を新設"
"20502","長野県","更級郡","さらしなぐん","大岡村","おおおかむら","2005-01-01","大岡村(20502)、豊野町(20582)、戸隠村(20586)、鬼無里村(20587)が長野市(20201)に編入
更級郡(20500)の廃止"
"20522","長野県","埴科郡","はにしなぐん","戸倉町","とぐらまち","2003-09-01","更埴市(20216)、上山田町(20501)、戸倉町(20522)が合併し、千曲市(20218)を新設"
"20542","長野県","上高井郡","かみたかいぐん","東村","あずまむら","1971-04-30","東村(20542)が須坂市(20207)に編入"
"20581","長野県","上水内郡","かみみのちぐん","信州新町","しんしゅうしんまち","2010-01-01","信州新町(20581)、中条村(20589)が長野市(20201)に編入"
"20582","長野県","上水内郡","かみみのちぐん","豊野町","とよのまち","2005-01-01","大岡村(20502)、豊野町(20582)、戸隠村(20586)、鬼無里村(20587)が長野市(20201)に編入
更級郡(20500)の廃止"
"20584","長野県","上水内郡","かみみのちぐん","牟礼村","むれむら","2005-10-01","牟礼村(20584)、三水村(20585)が合併し、飯綱町(20590)を新設"
"20585","長野県","上水内郡","かみみのちぐん","三水村","さみずむら","2005-10-01","牟礼村(20584)、三水村(20585)が合併し、飯綱町(20590)を新設"
"20586","長野県","上水内郡","かみみのちぐん","戸隠村","とがくしむら","2005-01-01","大岡村(20502)、豊野町(20582)、戸隠村(20586)、鬼無里村(20587)が長野市(20201)に編入
更級郡(20500)の廃止"
"20587","長野県","上水内郡","かみみのちぐん","鬼無里村","きなさむら","2005-01-01","大岡村(20502)、豊野町(20582)、戸隠村(20586)、鬼無里村(20587)が長野市(20201)に編入
更級郡(20500)の廃止"
"20589","長野県","上水内郡","かみみのちぐん","中条村","なかじょうむら","2010-01-01","信州新町(20581)、中条村(20589)が長野市(20201)に編入"
"20590","長野県","上水内郡","かみみのちぐん","飯綱町","いいづなまち","2005-10-01","牟礼村(20584)、三水村(20585)が合併し、飯綱町(20590)を新設"
"20601","長野県","下水内郡","しもみのちぐん","豊田村","とよたむら","2005-04-01","中野市(20211)、豊田村(20601)が合併し、中野市を新設"
"21201","岐阜県","","","岐阜市","ぎふし","1996-04-01","岐阜市(21201)が中核市に移行"
"21201","岐阜県","","","岐阜市","ぎふし","2006-01-01","柳津町(21304)が岐阜市(21201)に編入"
"21202","岐阜県","","","大垣市","おおがきし","2006-03-27","上石津町(21342)、墨俣町(21384)が大垣市(21202)に編入"
"21203","岐阜県","","","高山市","たかやまし","2005-02-01","丹生川村(21601)、清見村(21602)、荘川村(21603)、宮村(21605)、久々野町(21606)、朝日村(21607)、高根村(21608)、国府町(21622)、上宝村(21626)が高山市(21203)に編入
吉城郡(21620)の廃止"
"21204","岐阜県","","","多治見市","たじみし","2006-01-23","笠原町(21541)が多治見市(21204)に編入
土岐郡(21540)の廃止"
"21205","岐阜県","","","関市","せきし","2005-02-07","洞戸村(21461)、板取村(21462)、武芸川町(21463)、武儀町(21464)、上之保村(21465)が関市(21205)に編入
武儀郡(21460)の廃止"
"21206","岐阜県","","","中津川市","なかつがわし","2005-02-13","坂下町(21561)、川上村(21562)、加子母村(21563)、付知町(21564)、福岡町(21565)、蛭川村(21566)が中津川市(21206)に編入
恵那郡(21560)の廃止"
"21206","岐阜県","","","中津川市","なかつがわし","2005-02-13","長野県山口村(20431)が岐阜県中津川市(21206)に編入"
"21210","岐阜県","","","恵那市","えなし","2004-10-25","恵那市(21210)、岩村町(21567)、山岡町(21568)、明智町(21569)、串原村(21570)、上矢作町(21571)が合併し、恵那市を新設"
"21213","岐阜県","","","各務原市","かかみがはらし","2004-11-01","川島町(21301)が各務原市(21213)に編入"
"21214","岐阜県","","","可児市","かにし","1982-04-01","可児町(21522)が可児市(21214)に市制施行"
"21214","岐阜県","","","可児市","かにし","2005-05-01","兼山町(21523)が可児市(21214)に編入"
"21215","岐阜県","","","山県市","やまがたし","2003-04-01","高富町(21441)、伊自良村(21442)、美山町(21443)が合併し、山県市(21215)を新設
山県郡(21440)の廃止"
"21216","岐阜県","","","瑞穂市","みずほし","2003-05-01","穂積町(21423)、巣南町(21424)が合併し、瑞穂市(21216)を新設"
"21217","岐阜県","","","飛騨市","ひだし","2004-02-01","古川町(21621)、河合村(21623)、宮川村(21624)、神岡町(21625)が合併し、飛騨市(21217)を新設"
"21218","岐阜県","","","本巣市","もとすし","2004-02-01","本巣町(21422)、真正町(21425)、糸貫町(21426)、根尾村(21427)が合併し、本巣市(21218)を新設"
"21219","岐阜県","","","郡上市","ぐじょうし","2004-03-01","八幡町(21481)、大和町(21482)、白鳥町(21483)、高鷲村(21484)、美並村(21485)、明宝村(21486)、和良村(21487)が合併し、郡上市(21219)を新設
郡上郡(21480)の廃止"
"21220","岐阜県","","","下呂市","げろし","2004-03-01","萩原町(21581)、小坂町(21582)、下呂町(21583)、金山町(21584)、馬瀬村(21585)が合併し、下呂市(21220)を新設
益田郡(21580)の廃止"
"21221","岐阜県","","","海津市","かいづし","2005-03-28","海津町(21321)、平田町(21322)、南濃町(21323)が合併し、海津市(21221)を新設
海津郡(21320)の廃止"
"21301","岐阜県","羽島郡","はしまぐん","川島町","かわしまちょう","2004-11-01","川島町(21301)が各務原市(21213)に編入"
"21304","岐阜県","羽島郡","はしまぐん","柳津町","やないづちょう","2006-01-01","柳津町(21304)が岐阜市(21201)に編入"
"21321","岐阜県","海津郡","かいづぐん","海津町","かいづちょう","2005-03-28","海津町(21321)、平田町(21322)、南濃町(21323)が合併し、海津市(21221)を新設
海津郡(21320)の廃止"
"21322","岐阜県","海津郡","かいづぐん","平田町","ひらたちょう","2005-03-28","海津町(21321)、平田町(21322)、南濃町(21323)が合併し、海津市(21221)を新設
海津郡(21320)の廃止"
"21323","岐阜県","海津郡","かいづぐん","南濃町","なんのうちょう","2005-03-28","海津町(21321)、平田町(21322)、南濃町(21323)が合併し、海津市(21221)を新設
海津郡(21320)の廃止"
"21342","岐阜県","養老郡","ようろうぐん","上石津町","かみいしづちょう","2006-03-27","上石津町(21342)、墨俣町(21384)が大垣市(21202)に編入"
"21384","岐阜県","安八郡","あんぱちぐん","墨俣町","すのまたちょう","2006-03-27","上石津町(21342)、墨俣町(21384)が大垣市(21202)に編入"
"21401","岐阜県","揖斐郡","いびぐん","揖斐川町","いびがわちょう","2005-01-31","揖斐川町(21401)、谷汲村(21402)、春日村(21405)、久瀬村(21406)、藤橋村(21407)、坂内村(21408)が合併し、揖斐川町を新設"
"21402","岐阜県","揖斐郡","いびぐん","谷汲村","たにぐみむら","2005-01-31","揖斐川町(21401)、谷汲村(21402)、春日村(21405)、久瀬村(21406)、藤橋村(21407)、坂内村(21408)が合併し、揖斐川町を新設"
"21405","岐阜県","揖斐郡","いびぐん","春日村","かすがむら","2005-01-31","揖斐川町(21401)、谷汲村(21402)、春日村(21405)、久瀬村(21406)、藤橋村(21407)、坂内村(21408)が合併し、揖斐川町を新設"
"21406","岐阜県","揖斐郡","いびぐん","久瀬村","くぜむら","2005-01-31","揖斐川町(21401)、谷汲村(21402)、春日村(21405)、久瀬村(21406)、藤橋村(21407)、坂内村(21408)が合併し、揖斐川町を新設"
"21407","岐阜県","揖斐郡","いびぐん","藤橋村","ふじはしむら","1987-04-01","徳山村(21409)が藤橋村(21407)に編入"
"21407","岐阜県","揖斐郡","いびぐん","藤橋村","ふじはしむら","2005-01-31","揖斐川町(21401)、谷汲村(21402)、春日村(21405)、久瀬村(21406)、藤橋村(21407)、坂内村(21408)が合併し、揖斐川町を新設"
"21408","岐阜県","揖斐郡","いびぐん","坂内村","さかうちむら","2005-01-31","揖斐川町(21401)、谷汲村(21402)、春日村(21405)、久瀬村(21406)、藤橋村(21407)、坂内村(21408)が合併し、揖斐川町を新設"
"21409","岐阜県","揖斐郡","いびぐん","徳山村","とくやまむら","1987-04-01","徳山村(21409)が藤橋村(21407)に編入"
"21422","岐阜県","本巣郡","もとすぐん","本巣町","もとすちょう","2004-02-01","本巣町(21422)、真正町(21425)、糸貫町(21426)、根尾村(21427)が合併し、本巣市(21218)を新設"
"21423","岐阜県","本巣郡","もとすぐん","穂積町","ほづみちょう","2003-05-01","穂積町(21423)、巣南町(21424)が合併し、瑞穂市(21216)を新設"
"21424","岐阜県","本巣郡","もとすぐん","巣南町","すなみちょう","2003-05-01","穂積町(21423)、巣南町(21424)が合併し、瑞穂市(21216)を新設"
"21425","岐阜県","本巣郡","もとすぐん","真正町","しんせいちょう","2004-02-01","本巣町(21422)、真正町(21425)、糸貫町(21426)、根尾村(21427)が合併し、本巣市(21218)を新設"
"21426","岐阜県","本巣郡","もとすぐん","糸貫町","いとぬきちょう","2004-02-01","本巣町(21422)、真正町(21425)、糸貫町(21426)、根尾村(21427)が合併し、本巣市(21218)を新設"
"21427","岐阜県","本巣郡","もとすぐん","根尾村","ねおむら","2004-02-01","本巣町(21422)、真正町(21425)、糸貫町(21426)、根尾村(21427)が合併し、本巣市(21218)を新設"
"21441","岐阜県","山県郡","やまがたぐん","高富町","たかとみちょう","2003-04-01","高富町(21441)、伊自良村(21442)、美山町(21443)が合併し、山県市(21215)を新設
山県郡(21440)の廃止"
"21442","岐阜県","山県郡","やまがたぐん","伊自良村","いじらむら","2003-04-01","高富町(21441)、伊自良村(21442)、美山町(21443)が合併し、山県市(21215)を新設
山県郡(21440)の廃止"
"21443","岐阜県","山県郡","やまがたぐん","美山町","みやまちょう","2003-04-01","高富町(21441)、伊自良村(21442)、美山町(21443)が合併し、山県市(21215)を新設
山県郡(21440)の廃止"
"21461","岐阜県","武儀郡","むぎぐん","洞戸村","ほらどむら","2005-02-07","洞戸村(21461)、板取村(21462)、武芸川町(21463)、武儀町(21464)、上之保村(21465)が関市(21205)に編入
武儀郡(21460)の廃止"
"21462","岐阜県","武儀郡","むぎぐん","板取村","いたどりむら","2005-02-07","洞戸村(21461)、板取村(21462)、武芸川町(21463)、武儀町(21464)、上之保村(21465)が関市(21205)に編入
武儀郡(21460)の廃止"
"21463","岐阜県","武儀郡","むぎぐん","武芸川町","むげがわちょう","2005-02-07","洞戸村(21461)、板取村(21462)、武芸川町(21463)、武儀町(21464)、上之保村(21465)が関市(21205)に編入
武儀郡(21460)の廃止"
"21464","岐阜県","武儀郡","むぎぐん","武儀町","むぎちょう","1971-04-01","武儀村(21464)が武儀町(21464)に町制施行"
"21464","岐阜県","武儀郡","むぎぐん","武儀村","むぎむら","1971-04-01","武儀村(21464)が武儀町(21464)に町制施行"
"21464","岐阜県","武儀郡","むぎぐん","武儀町","むぎちょう","2005-02-07","洞戸村(21461)、板取村(21462)、武芸川町(21463)、武儀町(21464)、上之保村(21465)が関市(21205)に編入
武儀郡(21460)の廃止"
"21465","岐阜県","武儀郡","むぎぐん","上之保村","かみのほむら","2005-02-07","洞戸村(21461)、板取村(21462)、武芸川町(21463)、武儀町(21464)、上之保村(21465)が関市(21205)に編入
武儀郡(21460)の廃止"
"21481","岐阜県","郡上郡","ぐじょうぐん","八幡町","はちまんちょう","2004-03-01","八幡町(21481)、大和町(21482)、白鳥町(21483)、高鷲村(21484)、美並村(21485)、明宝村(21486)、和良村(21487)が合併し、郡上市(21219)を新設
郡上郡(21480)の廃止"
"21482","岐阜県","郡上郡","ぐじょうぐん","大和村","やまとむら","1985-11-01","大和村(21482)が大和町(21482)に町制施行"
"21482","岐阜県","郡上郡","ぐじょうぐん","大和町","やまとちょう","1985-11-01","大和村(21482)が大和町(21482)に町制施行"
"21482","岐阜県","郡上郡","ぐじょうぐん","大和町","やまとちょう","2004-03-01","八幡町(21481)、大和町(21482)、白鳥町(21483)、高鷲村(21484)、美並村(21485)、明宝村(21486)、和良村(21487)が合併し、郡上市(21219)を新設
郡上郡(21480)の廃止"
"21483","岐阜県","郡上郡","ぐじょうぐん","白鳥町","しろとりちょう","2004-03-01","八幡町(21481)、大和町(21482)、白鳥町(21483)、高鷲村(21484)、美並村(21485)、明宝村(21486)、和良村(21487)が合併し、郡上市(21219)を新設
郡上郡(21480)の廃止"
"21484","岐阜県","郡上郡","ぐじょうぐん","高鷲村","たかすむら","2004-03-01","八幡町(21481)、大和町(21482)、白鳥町(21483)、高鷲村(21484)、美並村(21485)、明宝村(21486)、和良村(21487)が合併し、郡上市(21219)を新設
郡上郡(21480)の廃止"
"21485","岐阜県","郡上郡","ぐじょうぐん","美並村","みなみむら","2004-03-01","八幡町(21481)、大和町(21482)、白鳥町(21483)、高鷲村(21484)、美並村(21485)、明宝村(21486)、和良村(21487)が合併し、郡上市(21219)を新設
郡上郡(21480)の廃止"
"21486","岐阜県","郡上郡","ぐじょうぐん","明方村","みょうがたむら","1970-04-20","奥明方村(21486)が明方村(21486)に名称変更"
"21486","岐阜県","郡上郡","ぐじょうぐん","奥明方村","おくみょうがたむら","1970-04-20","奥明方村(21486)が明方村(21486)に名称変更"
"21486","岐阜県","郡上郡","ぐじょうぐん","明方村","みょうがたむら","1992-04-01","明方村(21486)が明宝村(21486)に名称変更"
"21486","岐阜県","郡上郡","ぐじょうぐん","明宝村","めいほうむら","1992-04-01","明方村(21486)が明宝村(21486)に名称変更"
"21486","岐阜県","郡上郡","ぐじょうぐん","明宝村","めいほうむら","2004-03-01","八幡町(21481)、大和町(21482)、白鳥町(21483)、高鷲村(21484)、美並村(21485)、明宝村(21486)、和良村(21487)が合併し、郡上市(21219)を新設
郡上郡(21480)の廃止"
"21487","岐阜県","郡上郡","ぐじょうぐん","和良村","わらむら","2004-03-01","八幡町(21481)、大和町(21482)、白鳥町(21483)、高鷲村(21484)、美並村(21485)、明宝村(21486)、和良村(21487)が合併し、郡上市(21219)を新設
郡上郡(21480)の廃止"
"21502","岐阜県","加茂郡","かもぐん","富加町","とみかちょう","1974-07-01","富加村(21502)が富加町(21502)に町制施行"
"21502","岐阜県","加茂郡","かもぐん","富加村","とみかむら","1974-07-01","富加村(21502)が富加町(21502)に町制施行"
"21504","岐阜県","加茂郡","かもぐん","七宗町","ひちそうちょう","1971-04-01","七宗村(21504)が七宗町(21504)に町制施行"
"21504","岐阜県","加茂郡","かもぐん","七宗村","ひちそうむら","1971-04-01","七宗村(21504)が七宗町(21504)に町制施行"
"21522","岐阜県","可児郡","かにぐん","可児町","かにちょう","1982-04-01","可児町(21522)が可児市(21214)に市制施行"
"21523","岐阜県","可児郡","かにぐん","兼山町","かねやまちょう","2005-05-01","兼山町(21523)が可児市(21214)に編入"
"21541","岐阜県","土岐郡","ときぐん","笠原町","かさはらちょう","2006-01-23","笠原町(21541)が多治見市(21204)に編入
土岐郡(21540)の廃止"
"21561","岐阜県","恵那郡","えなぐん","坂下町","さかしたちょう","2005-02-13","坂下町(21561)、川上村(21562)、加子母村(21563)、付知町(21564)、福岡町(21565)、蛭川村(21566)が中津川市(21206)に編入
恵那郡(21560)の廃止"
"21562","岐阜県","恵那郡","えなぐん","川上村","かわうえむら","2005-02-13","坂下町(21561)、川上村(21562)、加子母村(21563)、付知町(21564)、福岡町(21565)、蛭川村(21566)が中津川市(21206)に編入
恵那郡(21560)の廃止"
"21563","岐阜県","恵那郡","えなぐん","加子母村","かしもむら","2005-02-13","坂下町(21561)、川上村(21562)、加子母村(21563)、付知町(21564)、福岡町(21565)、蛭川村(21566)が中津川市(21206)に編入
恵那郡(21560)の廃止"
"21564","岐阜県","恵那郡","えなぐん","付知町","つけちちょう","2005-02-13","坂下町(21561)、川上村(21562)、加子母村(21563)、付知町(21564)、福岡町(21565)、蛭川村(21566)が中津川市(21206)に編入
恵那郡(21560)の廃止"
"21565","岐阜県","恵那郡","えなぐん","福岡町","ふくおかちょう","2005-02-13","坂下町(21561)、川上村(21562)、加子母村(21563)、付知町(21564)、福岡町(21565)、蛭川村(21566)が中津川市(21206)に編入
恵那郡(21560)の廃止"
"21566","岐阜県","恵那郡","えなぐん","蛭川村","ひるかわむら","2005-02-13","坂下町(21561)、川上村(21562)、加子母村(21563)、付知町(21564)、福岡町(21565)、蛭川村(21566)が中津川市(21206)に編入
恵那郡(21560)の廃止"
"21567","岐阜県","恵那郡","えなぐん","岩村町","いわむらちょう","2004-10-25","恵那市(21210)、岩村町(21567)、山岡町(21568)、明智町(21569)、串原村(21570)、上矢作町(21571)が合併し、恵那市を新設"
"21568","岐阜県","恵那郡","えなぐん","山岡町","やまおかちょう","2004-10-25","恵那市(21210)、岩村町(21567)、山岡町(21568)、明智町(21569)、串原村(21570)、上矢作町(21571)が合併し、恵那市を新設"
"21569","岐阜県","恵那郡","えなぐん","明智町","あけちちょう","2004-10-25","恵那市(21210)、岩村町(21567)、山岡町(21568)、明智町(21569)、串原村(21570)、上矢作町(21571)が合併し、恵那市を新設"
"21570","岐阜県","恵那郡","えなぐん","串原村","くしはらむら","2004-10-25","恵那市(21210)、岩村町(21567)、山岡町(21568)、明智町(21569)、串原村(21570)、上矢作町(21571)が合併し、恵那市を新設"
"21571","岐阜県","恵那郡","えなぐん","上矢作町","かみやはぎちょう","2004-10-25","恵那市(21210)、岩村町(21567)、山岡町(21568)、明智町(21569)、串原村(21570)、上矢作町(21571)が合併し、恵那市を新設"
"21581","岐阜県","益田郡","ましたぐん","萩原町","はぎわらちょう","2004-03-01","萩原町(21581)、小坂町(21582)、下呂町(21583)、金山町(21584)、馬瀬村(21585)が合併し、下呂市(21220)を新設
益田郡(21580)の廃止"
"21582","岐阜県","益田郡","ましたぐん","小坂町","おさかちょう","2004-03-01","萩原町(21581)、小坂町(21582)、下呂町(21583)、金山町(21584)、馬瀬村(21585)が合併し、下呂市(21220)を新設
益田郡(21580)の廃止"
"21583","岐阜県","益田郡","ましたぐん","下呂町","げろちょう","2004-03-01","萩原町(21581)、小坂町(21582)、下呂町(21583)、金山町(21584)、馬瀬村(21585)が合併し、下呂市(21220)を新設
益田郡(21580)の廃止"
"21584","岐阜県","益田郡","ましたぐん","金山町","かなやまちょう","2004-03-01","萩原町(21581)、小坂町(21582)、下呂町(21583)、金山町(21584)、馬瀬村(21585)が合併し、下呂市(21220)を新設
益田郡(21580)の廃止"
"21585","岐阜県","益田郡","ましたぐん","馬瀬村","まぜむら","2004-03-01","萩原町(21581)、小坂町(21582)、下呂町(21583)、金山町(21584)、馬瀬村(21585)が合併し、下呂市(21220)を新設
益田郡(21580)の廃止"
"21601","岐阜県","大野郡","おおのぐん","丹生川村","にゅうかわむら","2005-02-01","丹生川村(21601)、清見村(21602)、荘川村(21603)、宮村(21605)、久々野町(21606)、朝日村(21607)、高根村(21608)、国府町(21622)、上宝村(21626)が高山市(21203)に編入
吉城郡(21620)の廃止"
"21602","岐阜県","大野郡","おおのぐん","清見村","きよみむら","2005-02-01","丹生川村(21601)、清見村(21602)、荘川村(21603)、宮村(21605)、久々野町(21606)、朝日村(21607)、高根村(21608)、国府町(21622)、上宝村(21626)が高山市(21203)に編入
吉城郡(21620)の廃止"
"21603","岐阜県","大野郡","おおのぐん","荘川村","しょうかわむら","2005-02-01","丹生川村(21601)、清見村(21602)、荘川村(21603)、宮村(21605)、久々野町(21606)、朝日村(21607)、高根村(21608)、国府町(21622)、上宝村(21626)が高山市(21203)に編入
吉城郡(21620)の廃止"
"21605","岐阜県","大野郡","おおのぐん","宮村","みやむら","2005-02-01","丹生川村(21601)、清見村(21602)、荘川村(21603)、宮村(21605)、久々野町(21606)、朝日村(21607)、高根村(21608)、国府町(21622)、上宝村(21626)が高山市(21203)に編入
吉城郡(21620)の廃止"
"21606","岐阜県","大野郡","おおのぐん","久々野町","くぐのちょう","2005-02-01","丹生川村(21601)、清見村(21602)、荘川村(21603)、宮村(21605)、久々野町(21606)、朝日村(21607)、高根村(21608)、国府町(21622)、上宝村(21626)が高山市(21203)に編入
吉城郡(21620)の廃止"
"21607","岐阜県","大野郡","おおのぐん","朝日村","あさひむら","2005-02-01","丹生川村(21601)、清見村(21602)、荘川村(21603)、宮村(21605)、久々野町(21606)、朝日村(21607)、高根村(21608)、国府町(21622)、上宝村(21626)が高山市(21203)に編入
吉城郡(21620)の廃止"
"21608","岐阜県","大野郡","おおのぐん","高根村","たかねむら","2005-02-01","丹生川村(21601)、清見村(21602)、荘川村(21603)、宮村(21605)、久々野町(21606)、朝日村(21607)、高根村(21608)、国府町(21622)、上宝村(21626)が高山市(21203)に編入
吉城郡(21620)の廃止"
"21621","岐阜県","吉城郡","よしきぐん","古川町","ふるかわちょう","2004-02-01","古川町(21621)、河合村(21623)、宮川村(21624)、神岡町(21625)が合併し、飛騨市(21217)を新設"
"21622","岐阜県","吉城郡","よしきぐん","国府町","こくふちょう","2005-02-01","丹生川村(21601)、清見村(21602)、荘川村(21603)、宮村(21605)、久々野町(21606)、朝日村(21607)、高根村(21608)、国府町(21622)、上宝村(21626)が高山市(21203)に編入
吉城郡(21620)の廃止"
"21623","岐阜県","吉城郡","よしきぐん","河合村","かわいむら","2004-02-01","古川町(21621)、河合村(21623)、宮川村(21624)、神岡町(21625)が合併し、飛騨市(21217)を新設"
"21624","岐阜県","吉城郡","よしきぐん","宮川村","みやがわむら","2004-02-01","古川町(21621)、河合村(21623)、宮川村(21624)、神岡町(21625)が合併し、飛騨市(21217)を新設"
"21625","岐阜県","吉城郡","よしきぐん","神岡町","かみおかちょう","2004-02-01","古川町(21621)、河合村(21623)、宮川村(21624)、神岡町(21625)が合併し、飛騨市(21217)を新設"
"21626","岐阜県","吉城郡","よしきぐん","上宝村","かみたからむら","2005-02-01","丹生川村(21601)、清見村(21602)、荘川村(21603)、宮村(21605)、久々野町(21606)、朝日村(21607)、高根村(21608)、国府町(21622)、上宝村(21626)が高山市(21203)に編入
吉城郡(21620)の廃止"
"22100","静岡県","静岡市","しずおかし","","","2005-04-01","静岡市(22201)の静岡市(22100)への政令指定都市施行
葵区(22101)、駿河区(22102)、清水区(22103)の新設"
"22101","静岡県","静岡市","しずおかし","葵区","あおいく","2005-04-01","静岡市(22201)の静岡市(22100)への政令指定都市施行
葵区(22101)、駿河区(22102)、清水区(22103)の新設"
"22102","静岡県","静岡市","しずおかし","駿河区","するがく","2005-04-01","静岡市(22201)の静岡市(22100)への政令指定都市施行
葵区(22101)、駿河区(22102)、清水区(22103)の新設"
"22103","静岡県","静岡市","しずおかし","清水区","しみずく","2005-04-01","静岡市(22201)の静岡市(22100)への政令指定都市施行
葵区(22101)、駿河区(22102)、清水区(22103)の新設"
"22103","静岡県","静岡市","しずおかし","清水区","しみずく","2006-03-31","蒲原町(22382)が清水区(22103)に編入"
"22103","静岡県","静岡市","しずおかし","清水区","しみずく","2008-11-01","由比町(22383)が清水区(22103)に編入
庵原郡(22380)の廃止"
"22130","静岡県","浜松市","はままつし","","","2007-04-01","浜松市(22202)の浜松市(22130)への政令指定都市施行
中区(22131)、東区(22132)、西区(22133)、南区(22134)、北区(22135)、浜北区(22136)、天竜区(22137)の新設"
"22130","静岡県","浜松市","はままつし","","","2024-01-01","浜松市（22130）の区の再編（７区から３区へ再編）　中区（22131）、東区（22132）、西区（22133）、南区（22134）、北区（22135）（三方原地区／初生町、三方原町、東三方町、豊岡町、三幸町、大原町、根洗町）を中央区（22138）に再編　北区（22135）（三方原地区以外）、浜北区（22136）を浜名区（22139）に再編　天竜区（22137）を天竜区（22140）に再編（区名、区域の変更なし）"
"22131","静岡県","浜松市","はままつし","中区","なかく","2007-04-01","浜松市(22202)の浜松市(22130)への政令指定都市施行
中区(22131)、東区(22132)、西区(22133)、南区(22134)、北区(22135)、浜北区(22136)、天竜区(22137)の新設"
"22131","静岡県","浜松市","はままつし","中区","なかく","2024-01-01","浜松市（22130）の区の再編　中区（22131）、東区（22132）、西区（22133）、南区（22134）、北区（22135）（三方原地区／初生町、三方原町、東三方町、豊岡町、三幸町、大原町、根洗町）を中央区（22138）に再編"
"22132","静岡県","浜松市","はままつし","東区","ひがしく","2007-04-01","浜松市(22202)の浜松市(22130)への政令指定都市施行
中区(22131)、東区(22132)、西区(22133)、南区(22134)、北区(22135)、浜北区(22136)、天竜区(22137)の新設"
"22132","静岡県","浜松市","はままつし","東区","ひがしく","2024-01-01","浜松市（22130）の区の再編　中区（22131）、東区（22132）、西区（22133）、南区（22134）、北区（22135）（三方原地区／初生町、三方原町、東三方町、豊岡町、三幸町、大原町、根洗町）を中央区（22138）に再編"
"22133","静岡県","浜松市","はままつし","西区","にしく","2007-04-01","浜松市(22202)の浜松市(22130)への政令指定都市施行
中区(22131)、東区(22132)、西区(22133)、南区(22134)、北区(22135)、浜北区(22136)、天竜区(22137)の新設"
"22133","静岡県","浜松市","はままつし","西区","にしく","2024-01-01","浜松市（22130）の区の再編　中区（22131）、東区（22132）、西区（22133）、南区（22134）、北区（22135）（三方原地区／初生町、三方原町、東三方町、豊岡町、三幸町、大原町、根洗町）を中央区（22138）に再編"
"22134","静岡県","浜松市","はままつし","南区","みなみく","2007-04-01","浜松市(22202)の浜松市(22130)への政令指定都市施行
中区(22131)、東区(22132)、西区(22133)、南区(22134)、北区(22135)、浜北区(22136)、天竜区(22137)の新設"
"22134","静岡県","浜松市","はままつし","南区","みなみく","2024-01-01","浜松市（22130）の区の再編　中区（22131）、東区（22132）、西区（22133）、南区（22134）、北区（22135）（三方原地区／初生町、三方原町、東三方町、豊岡町、三幸町、大原町、根洗町）を中央区（22138）に再編"
"22135","静岡県","浜松市","はままつし","北区","きたく","2007-04-01","浜松市(22202)の浜松市(22130)への政令指定都市施行
中区(22131)、東区(22132)、西区(22133)、南区(22134)、北区(22135)、浜北区(22136)、天竜区(22137)の新設"
"22135","静岡県","浜松市","はままつし","北区","きたく","2024-01-01","浜松市（22130）の区の再編　中区（22131）、東区（22132）、西区（22133）、南区（22134）、北区（22135）（三方原地区／初生町、三方原町、東三方町、豊岡町、三幸町、大原町、根洗町）を中央区（22138）に再編"
"22135","静岡県","浜松市","はままつし","北区","きたく","2024-01-01","浜松市（22130）の区の再編　北区（22135）（三方原地区以外）、浜北区（22136）を浜名区（22139）に再編"
"22136","静岡県","浜松市","はままつし","浜北区","はまきたく","2007-04-01","浜松市(22202)の浜松市(22130)への政令指定都市施行
中区(22131)、東区(22132)、西区(22133)、南区(22134)、北区(22135)、浜北区(22136)、天竜区(22137)の新設"
"22136","静岡県","浜松市","はままつし","浜北区","はまきたく","2024-01-01","浜松市（22130）の区の再編　北区（22135）（三方原地区以外）、浜北区（22136）を浜名区（22139）に再編"
"22137","静岡県","浜松市","はままつし","天竜区","てんりゅうく","2007-04-01","浜松市(22202)の浜松市(22130)への政令指定都市施行
中区(22131)、東区(22132)、西区(22133)、南区(22134)、北区(22135)、浜北区(22136)、天竜区(22137)の新設"
"22137","静岡県","浜松市","はままつし","天竜区","てんりゅうく","2024-01-01","浜松市（22130）の区の再編　天竜区（22137）を天竜区（22140）に再編（区名、区域の変更なし）"
"22138","静岡県","浜松市","はままつし","中央区","ちゅうおうく","2024-01-01","浜松市（22130）の区の再編　中区（22131）、東区（22132）、西区（22133）、南区（22134）、北区（22135）（三方原地区／初生町、三方原町、東三方町、豊岡町、三幸町、大原町、根洗町）を中央区（22138）に再編"
"22139","静岡県","浜松市","はままつし","浜名区","はまなく","2024-01-01","浜松市（22130）の区の再編　北区（22135）（三方原地区以外）、浜北区（22136）を浜名区（22139）に再編"
"22140","静岡県","浜松市","はままつし","天竜区","てんりゅうく","2024-01-01","浜松市（22130）の区の再編　天竜区（22137）を天竜区（22140）に再編（区名、区域の変更なし）"
"22201","静岡県","","","静岡市","しずおかし","1996-04-01","静岡市(22201)が中核市に移行"
"22201","静岡県","","","静岡市","しずおかし","2003-04-01","静岡市(22201)、清水市(22204)が合併し、静岡市を新設"
"22201","静岡県","","","静岡市","しずおかし","2005-04-01","静岡市(22201)の静岡市(22100)への政令指定都市施行
葵区(22101)、駿河区(22102)、清水区(22103)の新設"
"22202","静岡県","","","浜松市","はままつし","1991-05-01","可美村(22501)が浜松市(22202)に編入"
"22202","静岡県","","","浜松市","はままつし","1996-04-01","浜松市(22202)が中核市に移行"
"22202","静岡県","","","浜松市","はままつし","2005-07-01","天竜市(22217)、浜北市(22218)、春野町(22462)、龍山村(22486)、佐久間町(22487)、水窪町(22488)、舞阪町(22502)、雄踏町(22505)、細江町(22521)、引佐町(22522)、三ケ日町(22523)が浜松市(22202)に編入
磐田郡(22480)の廃止
引佐郡(22520)の廃止"
"22202","静岡県","","","浜松市","はままつし","2007-04-01","浜松市(22202)の浜松市(22130)への政令指定都市施行
中区(22131)、東区(22132)、西区(22133)、南区(22134)、北区(22135)、浜北区(22136)、天竜区(22137)の新設"
"22203","静岡県","","","沼津市","ぬまづし","2000-11-01","沼津市(22203)が特例市に移行"
"22203","静岡県","","","沼津市","ぬまづし","2005-04-01","戸田村(22323)が沼津市(22203)に編入"
"22204","静岡県","","","清水市","しみずし","2001-04-01","清水市(22204)が特例市に移行"
"22204","静岡県","","","清水市","しみずし","2003-04-01","静岡市(22201)、清水市(22204)が合併し、静岡市を新設"
"22207","静岡県","","","富士宮市","ふじのみやし","2010-03-23","芝川町(22361)が富士宮市(22207)に編入
富士郡(22360)の廃止"
"22209","静岡県","","","島田市","しまだし","2005-05-05","島田市(22209)、金谷町(22425)が合併し、島田市を新設"
"22209","静岡県","","","島田市","しまだし","2008-04-01","川根町(22426)が島田市(22209)に編入"
"22210","静岡県","","","富士市","ふじし","2001-04-01","富士市(22210)が特例市に移行"
"22210","静岡県","","","富士市","ふじし","2008-11-01","富士川町(22381)が富士市(22210)に編入"
"22211","静岡県","","","磐田市","いわたし","2005-04-01","磐田市(22211)、福田町(22482)、竜洋町(22483)、豊田町(22484)、豊岡村(22485)が合併し、磐田市を新設"
"22212","静岡県","","","焼津市","やいづし","2008-11-01","大井川町(22402)が焼津市(22212)に編入"
"22213","静岡県","","","掛川市","かけがわし","2005-04-01","掛川市(22213)、大須賀町(22442)、大東町(22447)が合併し、掛川市を新設
小笠郡(22440)の廃止"
"22214","静岡県","","","藤枝市","ふじえだし","2009-01-01","岡部町(22401)が藤枝市(22214)に編入
志太郡(22400)の廃止"
"22216","静岡県","","","袋井市","ふくろいし","2005-04-01","袋井市(22216)、浅羽町(22481)が合併し、袋井市を新設"
"22217","静岡県","","","天竜市","てんりゅうし","2005-07-01","天竜市(22217)、浜北市(22218)、春野町(22462)、龍山村(22486)、佐久間町(22487)、水窪町(22488)、舞阪町(22502)、雄踏町(22505)、細江町(22521)、引佐町(22522)、三ケ日町(22523)が浜松市(22202)に編入
磐田郡(22480)の廃止
引佐郡(22520)の廃止"
"22218","静岡県","","","浜北市","はまきたし","2005-07-01","天竜市(22217)、浜北市(22218)、春野町(22462)、龍山村(22486)、佐久間町(22487)、水窪町(22488)、舞阪町(22502)、雄踏町(22505)、細江町(22521)、引佐町(22522)、三ケ日町(22523)が浜松市(22202)に編入
磐田郡(22480)の廃止
引佐郡(22520)の廃止"
"22219","静岡県","","","下田市","しもだし","1971-01-01","下田町(22303)が下田市(22219)に市制施行"
"22220","静岡県","","","裾野市","すそのし","1971-01-01","裾野町(22343)が裾野市(22220)に市制施行"
"22221","静岡県","","","湖西市","こさいし","1972-01-01","湖西町(22504)が湖西市(22221)に市制施行"
"22221","静岡県","","","湖西市","こさいし","2010-03-23","新居町(22503)が湖西市(22221)に編入
浜名郡(22500)の廃止"
"22222","静岡県","","","伊豆市","いずし","2004-04-01","修善寺町(22322)、土肥町(22324)、天城湯ケ島町(22328)、中伊豆町(22329)が合併し、伊豆市(22222)を新設"
"22223","静岡県","","","御前崎市","おまえざきし","2004-04-01","御前崎町(22421)、浜岡町(22444)が合併し、御前崎市(22223)を新設"
"22224","静岡県","","","菊川市","きくがわし","2005-01-17","小笠町(22445)、菊川町(22446)が合併し、菊川市(22224)を新設"
"22225","静岡県","","","伊豆の国市","いずのくにし","2005-04-01","伊豆長岡町(22321)、韮山町(22326)、大仁町(22327)が合併し、伊豆の国市(22225)を新設"
"22226","静岡県","","","牧之原市","まきのはらし","2005-10-11","相良町(22422)、榛原町(22423)が合併し、牧之原市(22226)を新設"
"22303","静岡県","賀茂郡","かもぐん","下田町","しもだまち","1971-01-01","下田町(22303)が下田市(22219)に市制施行"
"22306","静岡県","賀茂郡","かもぐん","西伊豆町","にしいずちょう","2005-04-01","西伊豆町(22306)、賀茂村(22307)が合併し、西伊豆町を新設"
"22307","静岡県","賀茂郡","かもぐん","賀茂村","かもむら","2005-04-01","西伊豆町(22306)、賀茂村(22307)が合併し、西伊豆町を新設"
"22321","静岡県","田方郡","たがたぐん","伊豆長岡町","いずながおかちょう","2005-04-01","伊豆長岡町(22321)、韮山町(22326)、大仁町(22327)が合併し、伊豆の国市(22225)を新設"
"22322","静岡県","田方郡","たがたぐん","修善寺町","しゅぜんじちょう","2004-04-01","修善寺町(22322)、土肥町(22324)、天城湯ケ島町(22328)、中伊豆町(22329)が合併し、伊豆市(22222)を新設"
"22323","静岡県","田方郡","たがたぐん","戸田村","へだむら","2005-04-01","戸田村(22323)が沼津市(22203)に編入"
"22324","静岡県","田方郡","たがたぐん","土肥町","といちょう","2004-04-01","修善寺町(22322)、土肥町(22324)、天城湯ケ島町(22328)、中伊豆町(22329)が合併し、伊豆市(22222)を新設"
"22326","静岡県","田方郡","たがたぐん","韮山町","にらやまちょう","2005-04-01","伊豆長岡町(22321)、韮山町(22326)、大仁町(22327)が合併し、伊豆の国市(22225)を新設"
"22327","静岡県","田方郡","たがたぐん","大仁町","おおひとちょう","2005-04-01","伊豆長岡町(22321)、韮山町(22326)、大仁町(22327)が合併し、伊豆の国市(22225)を新設"
"22328","静岡県","田方郡","たがたぐん","天城湯ケ島町","あまぎゆがしまちょう","2004-04-01","修善寺町(22322)、土肥町(22324)、天城湯ケ島町(22328)、中伊豆町(22329)が合併し、伊豆市(22222)を新設"
"22329","静岡県","田方郡","たがたぐん","中伊豆町","なかいずちょう","2004-04-01","修善寺町(22322)、土肥町(22324)、天城湯ケ島町(22328)、中伊豆町(22329)が合併し、伊豆市(22222)を新設"
"22343","静岡県","駿東郡","すんとうぐん","裾野町","すそのちょう","1971-01-01","裾野町(22343)が裾野市(22220)に市制施行"
"22361","静岡県","富士郡","ふじぐん","芝川町","しばかわちょう","2010-03-23","芝川町(22361)が富士宮市(22207)に編入
富士郡(22360)の廃止"
"22381","静岡県","庵原郡","いはらぐん","富士川町","ふじかわちょう","2008-11-01","富士川町(22381)が富士市(22210)に編入"
"22382","静岡県","庵原郡","いはらぐん","蒲原町","かんばらちょう","2006-03-31","蒲原町(22382)が清水区(22103)に編入"
"22383","静岡県","庵原郡","いはらぐん","由比町","ゆいちょう","2008-11-01","由比町(22383)が清水区(22103)に編入
庵原郡(22380)の廃止"
"22401","静岡県","志太郡","しだぐん","岡部町","おかべちょう","2009-01-01","岡部町(22401)が藤枝市(22214)に編入
志太郡(22400)の廃止"
"22402","静岡県","志太郡","しだぐん","大井川町","おおいがわちょう","2008-11-01","大井川町(22402)が焼津市(22212)に編入"
"22421","静岡県","榛原郡","はいばらぐん","御前崎町","おまえざきちょう","2004-04-01","御前崎町(22421)、浜岡町(22444)が合併し、御前崎市(22223)を新設"
"22422","静岡県","榛原郡","はいばらぐん","相良町","さがらちょう","2005-10-11","相良町(22422)、榛原町(22423)が合併し、牧之原市(22226)を新設"
"22423","静岡県","榛原郡","はいばらぐん","榛原町","はいばらちょう","2005-10-11","相良町(22422)、榛原町(22423)が合併し、牧之原市(22226)を新設"
"22425","静岡県","榛原郡","はいばらぐん","金谷町","かなやちょう","2005-05-05","島田市(22209)、金谷町(22425)が合併し、島田市を新設"
"22426","静岡県","榛原郡","はいばらぐん","川根町","かわねちょう","2008-04-01","川根町(22426)が島田市(22209)に編入"
"22427","静岡県","榛原郡","はいばらぐん","中川根町","なかかわねちょう","2005-09-20","中川根町(22427)、本川根町(22428)が合併し、川根本町(22429)を新設"
"22428","静岡県","榛原郡","はいばらぐん","本川根町","ほんかわねちょう","2005-09-20","中川根町(22427)、本川根町(22428)が合併し、川根本町(22429)を新設"
"22429","静岡県","榛原郡","はいばらぐん","川根本町","かわねほんちょう","2005-09-20","中川根町(22427)、本川根町(22428)が合併し、川根本町(22429)を新設"
"22441","静岡県","小笠郡","おがさぐん","城東村","きとうむら","1973-04-01","城東村(22441)、大浜町(22443)が合併し、大東町(22447)を新設"
"22442","静岡県","小笠郡","おがさぐん","大須賀町","おおすかちょう","2005-04-01","掛川市(22213)、大須賀町(22442)、大東町(22447)が合併し、掛川市を新設
小笠郡(22440)の廃止"
"22443","静岡県","小笠郡","おがさぐん","大浜町","おおはまちょう","1973-04-01","城東村(22441)、大浜町(22443)が合併し、大東町(22447)を新設"
"22444","静岡県","小笠郡","おがさぐん","浜岡町","はまおかちょう","2004-04-01","御前崎町(22421)、浜岡町(22444)が合併し、御前崎市(22223)を新設"
"22445","静岡県","小笠郡","おがさぐん","小笠町","おがさちょう","2005-01-17","小笠町(22445)、菊川町(22446)が合併し、菊川市(22224)を新設"
"22446","静岡県","小笠郡","おがさぐん","菊川町","きくがわちょう","2005-01-17","小笠町(22445)、菊川町(22446)が合併し、菊川市(22224)を新設"
"22447","静岡県","小笠郡","おがさぐん","大東町","だいとうちょう","1973-04-01","城東村(22441)、大浜町(22443)が合併し、大東町(22447)を新設"
"22447","静岡県","小笠郡","おがさぐん","大東町","だいとうちょう","2005-04-01","掛川市(22213)、大須賀町(22442)、大東町(22447)が合併し、掛川市を新設
小笠郡(22440)の廃止"
"22462","静岡県","周智郡","しゅうちぐん","春野町","はるのちょう","2005-07-01","天竜市(22217)、浜北市(22218)、春野町(22462)、龍山村(22486)、佐久間町(22487)、水窪町(22488)、舞阪町(22502)、雄踏町(22505)、細江町(22521)、引佐町(22522)、三ケ日町(22523)が浜松市(22202)に編入
磐田郡(22480)の廃止
引佐郡(22520)の廃止"
"22481","静岡県","磐田郡","いわたぐん","浅羽町","あさばちょう","2005-04-01","袋井市(22216)、浅羽町(22481)が合併し、袋井市を新設"
"22482","静岡県","磐田郡","いわたぐん","福田町","ふくでちょう","2005-04-01","磐田市(22211)、福田町(22482)、竜洋町(22483)、豊田町(22484)、豊岡村(22485)が合併し、磐田市を新設"
"22483","静岡県","磐田郡","いわたぐん","竜洋町","りゅうようちょう","2005-04-01","磐田市(22211)、福田町(22482)、竜洋町(22483)、豊田町(22484)、豊岡村(22485)が合併し、磐田市を新設"
"22484","静岡県","磐田郡","いわたぐん","豊田町","とよだちょう","1973-01-01","豊田村(22484)が豊田町(22484)に町制施行"
"22484","静岡県","磐田郡","いわたぐん","豊田村","とよだむら","1973-01-01","豊田村(22484)が豊田町(22484)に町制施行"
"22484","静岡県","磐田郡","いわたぐん","豊田町","とよだちょう","2005-04-01","磐田市(22211)、福田町(22482)、竜洋町(22483)、豊田町(22484)、豊岡村(22485)が合併し、磐田市を新設"
"22485","静岡県","磐田郡","いわたぐん","豊岡村","とよおかむら","2005-04-01","磐田市(22211)、福田町(22482)、竜洋町(22483)、豊田町(22484)、豊岡村(22485)が合併し、磐田市を新設"
"22486","静岡県","磐田郡","いわたぐん","龍山村","たつやまむら","2005-07-01","天竜市(22217)、浜北市(22218)、春野町(22462)、龍山村(22486)、佐久間町(22487)、水窪町(22488)、舞阪町(22502)、雄踏町(22505)、細江町(22521)、引佐町(22522)、三ケ日町(22523)が浜松市(22202)に編入
磐田郡(22480)の廃止
引佐郡(22520)の廃止"
"22487","静岡県","磐田郡","いわたぐん","佐久間町","さくまちょう","2005-07-01","天竜市(22217)、浜北市(22218)、春野町(22462)、龍山村(22486)、佐久間町(22487)、水窪町(22488)、舞阪町(22502)、雄踏町(22505)、細江町(22521)、引佐町(22522)、三ケ日町(22523)が浜松市(22202)に編入
磐田郡(22480)の廃止
引佐郡(22520)の廃止"
"22488","静岡県","磐田郡","いわたぐん","水窪町","みさくぼちょう","2005-07-01","天竜市(22217)、浜北市(22218)、春野町(22462)、龍山村(22486)、佐久間町(22487)、水窪町(22488)、舞阪町(22502)、雄踏町(22505)、細江町(22521)、引佐町(22522)、三ケ日町(22523)が浜松市(22202)に編入
磐田郡(22480)の廃止
引佐郡(22520)の廃止"
"22501","静岡県","浜名郡","はまなぐん","可美村","かみむら","1991-05-01","可美村(22501)が浜松市(22202)に編入"
"22502","静岡県","浜名郡","はまなぐん","舞阪町","まいさかちょう","2005-07-01","天竜市(22217)、浜北市(22218)、春野町(22462)、龍山村(22486)、佐久間町(22487)、水窪町(22488)、舞阪町(22502)、雄踏町(22505)、細江町(22521)、引佐町(22522)、三ケ日町(22523)が浜松市(22202)に編入
磐田郡(22480)の廃止
引佐郡(22520)の廃止"
"22503","静岡県","浜名郡","はまなぐん","新居町","あらいちょう","2010-03-23","新居町(22503)が湖西市(22221)に編入
浜名郡(22500)の廃止"
"22504","静岡県","浜名郡","はまなぐん","湖西町","こさいちょう","1972-01-01","湖西町(22504)が湖西市(22221)に市制施行"
"22505","静岡県","浜名郡","はまなぐん","雄踏町","ゆうとうちょう","2005-07-01","天竜市(22217)、浜北市(22218)、春野町(22462)、龍山村(22486)、佐久間町(22487)、水窪町(22488)、舞阪町(22502)、雄踏町(22505)、細江町(22521)、引佐町(22522)、三ケ日町(22523)が浜松市(22202)に編入
磐田郡(22480)の廃止
引佐郡(22520)の廃止"
"22521","静岡県","引佐郡","いなさぐん","細江町","ほそえちょう","2005-07-01","天竜市(22217)、浜北市(22218)、春野町(22462)、龍山村(22486)、佐久間町(22487)、水窪町(22488)、舞阪町(22502)、雄踏町(22505)、細江町(22521)、引佐町(22522)、三ケ日町(22523)が浜松市(22202)に編入
磐田郡(22480)の廃止
引佐郡(22520)の廃止"
"22522","静岡県","引佐郡","いなさぐん","引佐町","いなさちょう","2005-07-01","天竜市(22217)、浜北市(22218)、春野町(22462)、龍山村(22486)、佐久間町(22487)、水窪町(22488)、舞阪町(22502)、雄踏町(22505)、細江町(22521)、引佐町(22522)、三ケ日町(22523)が浜松市(22202)に編入
磐田郡(22480)の廃止
引佐郡(22520)の廃止"
"22523","静岡県","引佐郡","いなさぐん","三ケ日町","みっかびちょう","2005-07-01","天竜市(22217)、浜北市(22218)、春野町(22462)、龍山村(22486)、佐久間町(22487)、水窪町(22488)、舞阪町(22502)、雄踏町(22505)、細江町(22521)、引佐町(22522)、三ケ日町(22523)が浜松市(22202)に編入
磐田郡(22480)の廃止
引佐郡(22520)の廃止"
"23101","愛知県","名古屋市","なごやし","千種区","ちくさく","1975-02-01","千種区(23101)から分離し、名東区(23115)を新設"
"23107","愛知県","名古屋市","なごやし","昭和区","しょうわく","1975-02-01","昭和区(23107)から分離し、天白区(23116)を新設"
"23115","愛知県","名古屋市","なごやし","名東区","めいとうく","1975-02-01","千種区(23101)から分離し、名東区(23115)を新設"
"23116","愛知県","名古屋市","なごやし","天白区","てんぱくく","1975-02-01","昭和区(23107)から分離し、天白区(23116)を新設"
"23201","愛知県","","","豊橋市","とよはしし","1999-04-01","豊橋市(23201)が中核市に移行"
"23202","愛知県","","","岡崎市","おかざきし","2003-04-01","岡崎市(23202)が中核市に移行"
"23202","愛知県","","","岡崎市","おかざきし","2006-01-01","額田町(23502)が岡崎市(23202)に編入"
"23203","愛知県","","","一宮市","いちのみやし","2002-04-01","一宮市(23203)が特例市に移行"
"23203","愛知県","","","一宮市","いちのみやし","2005-04-01","尾西市(23218)、木曽川町(23381)が一宮市(23203)に編入
葉栗郡(23380)の廃止"
"23203","愛知県","","","一宮市","いちのみやし","2021-04-01","一宮市(23203)が特例市から中核市に移行"
"23206","愛知県","","","春日井市","かすがいし","2001-04-01","春日井市(23206)が特例市に移行"
"23207","愛知県","","","豊川市","とよかわし","2006-02-01","一宮町(23602)が豊川市(23207)に編入"
"23207","愛知県","","","豊川市","とよかわし","2008-01-15","音羽町(23601)、御津町(23604)が豊川市(23207)に編入"
"23207","愛知県","","","豊川市","とよかわし","2010-02-01","小坂井町(23603)が豊川市(23207)に編入
宝飯郡(23600)の廃止"
"23211","愛知県","","","豊田市","とよたし","1998-04-01","豊田市(23211)が中核市に移行"
"23211","愛知県","","","豊田市","とよたし","2005-04-01","藤岡町(23522)、小原村(23523)、足助町(23541)、下山村(23543)、旭町(23544)、稲武町(23545)が豊田市(23211)に編入
東加茂郡(23540)の廃止"
"23213","愛知県","","","西尾市","にしおし","2011-04-01","一色町(23481)、吉良町(23482)、幡豆町(23483)が西尾市(23213)に編入
幡豆郡(23480)の廃止"
"23218","愛知県","","","尾西市","びさいし","2005-04-01","尾西市(23218)、木曽川町(23381)が一宮市(23203)に編入
葉栗郡(23380)の廃止"
"23220","愛知県","","","稲沢市","いなざわし","2005-04-01","祖父江町(23401)、平和町(23402)が稲沢市(23220)に編入
中島郡(23400)の廃止"
"23221","愛知県","","","新城市","しんしろし","2005-10-01","新城市(23221)、鳳来町(23581)、作手村(23582)が合併し、新城市を新設
南設楽郡(23580)の廃止"
"23223","愛知県","","","大府市","おおぶし","1970-09-01","大府町(23443)が大府市(23223)に市制施行"
"23224","愛知県","","","知多市","ちたし","1970-09-01","知多町(23444)が知多市(23224)に市制施行"
"23225","愛知県","","","知立市","ちりゅうし","1970-12-01","知立町(23462)が知立市(23225)に市制施行"
"23226","愛知県","","","尾張旭市","おわりあさひし","1970-12-01","旭町(23321)が尾張旭町に名称変更し、尾張旭市(23226)に市制施行
東春日井郡(23320)の廃止"
"23227","愛知県","","","高浜市","たかはまし","1970-12-01","高浜町(23461)が高浜市(23227)に市制施行
碧海郡(23460)の廃止"
"23228","愛知県","","","岩倉市","いわくらし","1971-12-01","岩倉町(23363)が岩倉市(23228)に市制施行"
"23229","愛知県","","","豊明市","とよあけし","1972-08-01","豊明町(23301)が豊明市(23229)に市制施行"
"23230","愛知県","","","日進市","にっしんし","1994-10-01","日進町(23303)が日進市(23230)に市制施行"
"23231","愛知県","","","田原市","たはらし","2003-08-20","田原町(23621)が田原市(23231)に市制施行"
"23231","愛知県","","","田原市","たはらし","2005-10-01","渥美町(23623)が田原市(23231)に編入
渥美郡(23620)の廃止"
"23232","愛知県","","","愛西市","あいさいし","2005-04-01","佐屋町(23429)、立田村(23430)、八開村(23431)、佐織町(23432)が合併し、愛西市(23232)を新設"
"23233","愛知県","","","清須市","きよすし","2005-07-07","西枇杷島町(23341)、清洲町(23346)、新川町(23347)が合併し、清須市(23233)を新設"
"23233","愛知県","","","清須市","きよすし","2009-10-01","春日町(23345)が清須市(23233)に編入"
"23234","愛知県","","","北名古屋市","きたなごやし","2006-03-20","師勝町(23343)、西春町(23344)が合併し、北名古屋市(23234)を新設"
"23235","愛知県","","","弥富市","やとみし","2006-04-01","弥富町(23428)が弥富市(23235)に市制施行"
"23236","愛知県","","","みよし市","みよしし","2010-01-04","みよし町(23521)がみよし市(23236)に市制施行
西加茂郡(23520)の廃止"
"23237","愛知県","","","あま市","あまし","2010-03-22","七宝町(23421)、美和町(23422)、甚目寺町(23423)が合併し、あま市(23237)を新設"
"23238","愛知県","","","長久手市","ながくてし","2012-01-04","長久手町(23304)が長久手市(23238)に市制施行"
"23301","愛知県","愛知郡","あいちぐん","豊明町","とよあけちょう","1972-08-01","豊明町(23301)が豊明市(23229)に市制施行"
"23303","愛知県","愛知郡","あいちぐん","日進町","にっしんちょう","1994-10-01","日進町(23303)が日進市(23230)に市制施行"
"23304","愛知県","愛知郡","あいちぐん","長久手町","ながくてちょう","1971-04-01","長久手村(23304)が長久手町(23304)に町制施行"
"23304","愛知県","愛知郡","あいちぐん","長久手村","ながくてむら","1971-04-01","長久手村(23304)が長久手町(23304)に町制施行"
"23304","愛知県","愛知郡","あいちぐん","長久手町","ながくてちょう","2012-01-04","長久手町(23304)が長久手市(23238)に市制施行"
"23321","愛知県","東春日井郡","ひがしかすがいぐん","旭町","あさひちょう","1970-12-01","旭町(23321)が尾張旭町に名称変更し、尾張旭市(23226)に市制施行
東春日井郡(23320)の廃止"
"23341","愛知県","西春日井郡","にしかすがいぐん","西枇杷島町","にしびわじまちょう","2005-07-07","西枇杷島町(23341)、清洲町(23346)、新川町(23347)が合併し、清須市(23233)を新設"
"23342","愛知県","西春日井郡","にしかすがいぐん","豊山村","とよやまむら","1972-04-01","豊山村(23342)が豊山町(23342)に町制施行"
"23342","愛知県","西春日井郡","にしかすがいぐん","豊山町","とよやまちょう","1972-04-01","豊山村(23342)が豊山町(23342)に町制施行"
"23343","愛知県","西春日井郡","にしかすがいぐん","師勝町","しかつちょう","2006-03-20","師勝町(23343)、西春町(23344)が合併し、北名古屋市(23234)を新設"
"23344","愛知県","西春日井郡","にしかすがいぐん","西春町","にしはるちょう","2006-03-20","師勝町(23343)、西春町(23344)が合併し、北名古屋市(23234)を新設"
"23345","愛知県","西春日井郡","にしかすがいぐん","春日町","はるひちょう","1990-04-01","春日村(23345)が春日町(23345)に町制施行"
"23345","愛知県","西春日井郡","にしかすがいぐん","春日村","はるひむら","1990-04-01","春日村(23345)が春日町(23345)に町制施行"
"23345","愛知県","西春日井郡","にしかすがいぐん","春日町","はるひちょう","2009-10-01","春日町(23345)が清須市(23233)に編入"
"23346","愛知県","西春日井郡","にしかすがいぐん","清洲町","きよすちょう","2005-07-07","西枇杷島町(23341)、清洲町(23346)、新川町(23347)が合併し、清須市(23233)を新設"
"23347","愛知県","西春日井郡","にしかすがいぐん","新川町","しんかわちょう","2005-07-07","西枇杷島町(23341)、清洲町(23346)、新川町(23347)が合併し、清須市(23233)を新設"
"23363","愛知県","丹羽郡","にわぐん","岩倉町","いわくらちょう","1971-12-01","岩倉町(23363)が岩倉市(23228)に市制施行"
"23381","愛知県","葉栗郡","はぐりぐん","木曽川町","きそがわちょう","2005-04-01","尾西市(23218)、木曽川町(23381)が一宮市(23203)に編入
葉栗郡(23380)の廃止"
"23401","愛知県","中島郡","なかしまぐん","祖父江町","そぶえちょう","2005-04-01","祖父江町(23401)、平和町(23402)が稲沢市(23220)に編入
中島郡(23400)の廃止"
"23402","愛知県","中島郡","なかしまぐん","平和町","へいわちょう","2005-04-01","祖父江町(23401)、平和町(23402)が稲沢市(23220)に編入
中島郡(23400)の廃止"
"23421","愛知県","海部郡","あまぐん","七宝町","しっぽうちょう","2010-03-22","七宝町(23421)、美和町(23422)、甚目寺町(23423)が合併し、あま市(23237)を新設"
"23422","愛知県","海部郡","あまぐん","美和町","みわちょう","2010-03-22","七宝町(23421)、美和町(23422)、甚目寺町(23423)が合併し、あま市(23237)を新設"
"23423","愛知県","海部郡","あまぐん","甚目寺町","じもくじちょう","2010-03-22","七宝町(23421)、美和町(23422)、甚目寺町(23423)が合併し、あま市(23237)を新設"
"23424","愛知県","海部郡","あまぐん","大治町","おおはるちょう","1975-04-01","大治村(23424)が大治町(23424)に町制施行"
"23424","愛知県","海部郡","あまぐん","大治村","おおはるむら","1975-04-01","大治村(23424)が大治町(23424)に町制施行"
"23426","愛知県","海部郡","あまぐん","十四山村","じゅうしやまむら","2006-04-01","十四山村(23426)が弥富町(23428)に編入"
"23428","愛知県","海部郡","あまぐん","弥富町","やとみちょう","2006-04-01","十四山村(23426)が弥富町(23428)に編入"
"23428","愛知県","海部郡","あまぐん","弥富町","やとみちょう","2006-04-01","弥富町(23428)が弥富市(23235)に市制施行"
"23429","愛知県","海部郡","あまぐん","佐屋町","さやちょう","2005-04-01","佐屋町(23429)、立田村(23430)、八開村(23431)、佐織町(23432)が合併し、愛西市(23232)を新設"
"23430","愛知県","海部郡","あまぐん","立田村","たつたむら","2005-04-01","佐屋町(23429)、立田村(23430)、八開村(23431)、佐織町(23432)が合併し、愛西市(23232)を新設"
"23431","愛知県","海部郡","あまぐん","八開村","はちかいむら","2005-04-01","佐屋町(23429)、立田村(23430)、八開村(23431)、佐織町(23432)が合併し、愛西市(23232)を新設"
"23432","愛知県","海部郡","あまぐん","佐織町","さおりちょう","2005-04-01","佐屋町(23429)、立田村(23430)、八開村(23431)、佐織町(23432)が合併し、愛西市(23232)を新設"
"23443","愛知県","知多郡","ちたぐん","大府町","おおぶちょう","1970-09-01","大府町(23443)が大府市(23223)に市制施行"
"23444","愛知県","知多郡","ちたぐん","知多町","ちたちょう","1970-09-01","知多町(23444)が知多市(23224)に市制施行"
"23461","愛知県","碧海郡","へきかいぐん","高浜町","たかはまちょう","1970-12-01","高浜町(23461)が高浜市(23227)に市制施行
碧海郡(23460)の廃止"
"23462","愛知県","碧海郡","へきかいぐん","知立町","ちりゅうちょう","1970-12-01","知立町(23462)が知立市(23225)に市制施行"
"23481","愛知県","幡豆郡","はずぐん","一色町","いっしきちょう","2011-04-01","一色町(23481)、吉良町(23482)、幡豆町(23483)が西尾市(23213)に編入
幡豆郡(23480)の廃止"
"23482","愛知県","幡豆郡","はずぐん","吉良町","きらちょう","2011-04-01","一色町(23481)、吉良町(23482)、幡豆町(23483)が西尾市(23213)に編入
幡豆郡(23480)の廃止"
"23483","愛知県","幡豆郡","はずぐん","幡豆町","はずちょう","2011-04-01","一色町(23481)、吉良町(23482)、幡豆町(23483)が西尾市(23213)に編入
幡豆郡(23480)の廃止"
"23502","愛知県","額田郡","ぬかたぐん","額田町","ぬかたちょう","2006-01-01","額田町(23502)が岡崎市(23202)に編入"
"23521","愛知県","西加茂郡","にしかもぐん","三好町","みよしちょう","2010-01-04","三好町(23521)がみよし町(23521)に名称変更"
"23521","愛知県","西加茂郡","にしかもぐん","みよし町","みよしちょう","2010-01-04","みよし町(23521)がみよし市(23236)に市制施行
西加茂郡(23520)の廃止"
"23521","愛知県","西加茂郡","にしかもぐん","みよし町","みよしちょう","2010-01-04","三好町(23521)がみよし町(23521)に名称変更"
"23522","愛知県","西加茂郡","にしかもぐん","藤岡町","ふじおかちょう","1978-04-01","藤岡村(23522)が藤岡町(23522)に町制施行"
"23522","愛知県","西加茂郡","にしかもぐん","藤岡村","ふじおかむら","1978-04-01","藤岡村(23522)が藤岡町(23522)に町制施行"
"23522","愛知県","西加茂郡","にしかもぐん","藤岡町","ふじおかちょう","2005-04-01","藤岡町(23522)、小原村(23523)、足助町(23541)、下山村(23543)、旭町(23544)、稲武町(23545)が豊田市(23211)に編入
東加茂郡(23540)の廃止"
"23523","愛知県","西加茂郡","にしかもぐん","小原村","おばらむら","2005-04-01","藤岡町(23522)、小原村(23523)、足助町(23541)、下山村(23543)、旭町(23544)、稲武町(23545)が豊田市(23211)に編入
東加茂郡(23540)の廃止"
"23541","愛知県","東加茂郡","ひがしかもぐん","足助町","あすけちょう","2005-04-01","藤岡町(23522)、小原村(23523)、足助町(23541)、下山村(23543)、旭町(23544)、稲武町(23545)が豊田市(23211)に編入
東加茂郡(23540)の廃止"
"23543","愛知県","東加茂郡","ひがしかもぐん","下山村","しもやまむら","2005-04-01","藤岡町(23522)、小原村(23523)、足助町(23541)、下山村(23543)、旭町(23544)、稲武町(23545)が豊田市(23211)に編入
東加茂郡(23540)の廃止"
"23544","愛知県","東加茂郡","ひがしかもぐん","旭町","あさひちょう","2005-04-01","藤岡町(23522)、小原村(23523)、足助町(23541)、下山村(23543)、旭町(23544)、稲武町(23545)が豊田市(23211)に編入
東加茂郡(23540)の廃止"
"23545","愛知県","東加茂郡","ひがしかもぐん","稲武町","いなぶちょう","2003-10-01","北設楽郡稲武町(23566)が東加茂郡稲武町(23545)に郡の区域変更"
"23545","愛知県","東加茂郡","ひがしかもぐん","稲武町","いなぶちょう","2005-04-01","藤岡町(23522)、小原村(23523)、足助町(23541)、下山村(23543)、旭町(23544)、稲武町(23545)が豊田市(23211)に編入
東加茂郡(23540)の廃止"
"23561","愛知県","北設楽郡","きたしたらぐん","設楽町","したらちょう","2005-10-01","設楽町(23561)、津具村(23565)が合併し、設楽町を新設"
"23563","愛知県","北設楽郡","きたしたらぐん","豊根村","とよねむら","2005-11-27","富山村(23564)が豊根村(23563)に編入"
"23564","愛知県","北設楽郡","きたしたらぐん","富山村","とみやまむら","2005-11-27","富山村(23564)が豊根村(23563)に編入"
"23565","愛知県","北設楽郡","きたしたらぐん","津具村","つぐむら","2005-10-01","設楽町(23561)、津具村(23565)が合併し、設楽町を新設"
"23566","愛知県","北設楽郡","きたしたらぐん","稲武町","いなぶちょう","2003-10-01","北設楽郡稲武町(23566)が東加茂郡稲武町(23545)に郡の区域変更"
"23581","愛知県","南設楽郡","みなみしたらぐん","鳳来町","ほうらいちょう","2005-10-01","新城市(23221)、鳳来町(23581)、作手村(23582)が合併し、新城市を新設
南設楽郡(23580)の廃止"
"23582","愛知県","南設楽郡","みなみしたらぐん","作手村","つくでむら","2005-10-01","新城市(23221)、鳳来町(23581)、作手村(23582)が合併し、新城市を新設
南設楽郡(23580)の廃止"
"23601","愛知県","宝飯郡","ほいぐん","音羽町","おとわちょう","2008-01-15","音羽町(23601)、御津町(23604)が豊川市(23207)に編入"
"23602","愛知県","宝飯郡","ほいぐん","一宮町","いちのみやちょう","2006-02-01","一宮町(23602)が豊川市(23207)に編入"
"23603","愛知県","宝飯郡","ほいぐん","小坂井町","こざかいちょう","2010-02-01","小坂井町(23603)が豊川市(23207)に編入
宝飯郡(23600)の廃止"
"23604","愛知県","宝飯郡","ほいぐん","御津町","みとちょう","2008-01-15","音羽町(23601)、御津町(23604)が豊川市(23207)に編入"
"23621","愛知県","渥美郡","あつみぐん","田原町","たはらちょう","2003-08-20","赤羽根町(23622)が田原町(23621)に編入"
"23621","愛知県","渥美郡","あつみぐん","田原町","たはらちょう","2003-08-20","田原町(23621)が田原市(23231)に市制施行"
"23622","愛知県","渥美郡","あつみぐん","赤羽根町","あかばねちょう","2003-08-20","赤羽根町(23622)が田原町(23621)に編入"
"23623","愛知県","渥美郡","あつみぐん","渥美町","あつみちょう","2005-10-01","渥美町(23623)が田原市(23231)に編入
渥美郡(23620)の廃止"
"24201","三重県","","","津市","つし","1973-02-01","豊里村(24385)が津市(24201)に編入"
"24201","三重県","","","津市","つし","2006-01-01","津市(24201)、久居市(24213)、河芸町(24381)、芸濃町(24382)、美里村(24383)、安濃町(24384)、香良洲町(24402)、一志町(24403)、白山町(24404)、美杉村(24406)が合併し、津市を新設
安芸郡(24380)の廃止
一志郡(24400)の廃止"
"24202","三重県","","","四日市市","よっかいちし","2000-11-01","四日市市(24202)が特例市に移行"
"24202","三重県","","","四日市市","よっかいちし","2005-02-07","楠町(24342)が四日市市(24202)に編入"
"24203","三重県","","","伊勢市","いせし","2005-11-01","伊勢市(24203)、二見町(24462)、小俣町(24463)、御薗村(24468)が合併し、伊勢市を新設"
"24204","三重県","","","松阪市","まつさかし","2005-01-01","松阪市(24204)、嬉野町(24405)、三雲町(24407)、飯南町(24421)、飯高町(24422)が合併し、松阪市を新設
飯南郡(24420)の廃止"
"24205","三重県","","","桑名市","くわなし","2004-12-06","桑名市(24205)、多度町(24301)、長島町(24302)が合併し、桑名市を新設"
"24206","三重県","","","上野市","うえのし","2004-11-01","上野市(24206)、伊賀町(24481)、島ヶ原村(24482)、阿山町(24483)、大山田村(24484)、青山町(24501)が合併し、伊賀市(24216)を新設
阿山郡(24480)の廃止
名賀郡(24500)の廃止"
"24210","三重県","","","亀山市","かめやまし","2005-01-11","亀山市(24210)、関町(24361)が合併し、亀山市を新設
鈴鹿郡(24360)の廃止"
"24212","三重県","","","熊野市","くまのし","2005-11-01","熊野市(24212)、紀和町(24563)が合併し、熊野市を新設"
"24213","三重県","","","久居市","ひさいし","1970-08-01","久居町(24401)が久居市(24213)に市制施行"
"24213","三重県","","","久居市","ひさいし","2006-01-01","津市(24201)、久居市(24213)、河芸町(24381)、芸濃町(24382)、美里村(24383)、安濃町(24384)、香良洲町(24402)、一志町(24403)、白山町(24404)、美杉村(24406)が合併し、津市を新設
安芸郡(24380)の廃止
一志郡(24400)の廃止"
"24214","三重県","","","いなべ市","いなべし","2003-12-01","北勢町(24321)、員弁町(24322)、大安町(24323)、藤原町(24325)が合併し、いなべ市(24214)を新設"
"24215","三重県","","","志摩市","しまし","2004-10-01","浜島町(24521)、大王町(24522)、志摩町(24523)、阿児町(24524)、磯部町(24525)が合併し、志摩市(24215)を新設
志摩郡(24520)の廃止"
"24216","三重県","","","伊賀市","いがし","2004-11-01","上野市(24206)、伊賀町(24481)、島ヶ原村(24482)、阿山町(24483)、大山田村(24484)、青山町(24501)が合併し、伊賀市(24216)を新設
阿山郡(24480)の廃止
名賀郡(24500)の廃止"
"24301","三重県","桑名郡","くわなぐん","多度町","たどちょう","2004-12-06","桑名市(24205)、多度町(24301)、長島町(24302)が合併し、桑名市を新設"
"24302","三重県","桑名郡","くわなぐん","長島町","ながしまちょう","2004-12-06","桑名市(24205)、多度町(24301)、長島町(24302)が合併し、桑名市を新設"
"24303","三重県","桑名郡","くわなぐん","木曽岬町","きそさきちょう","1989-05-01","木曽岬村(24303)が木曽岬町(24303)に町制施行"
"24303","三重県","桑名郡","くわなぐん","木曽岬村","きそさきむら","1989-05-01","木曽岬村(24303)が木曽岬町(24303)に町制施行"
"24321","三重県","員弁郡","いなべぐん","北勢町","ほくせいちょう","2003-12-01","北勢町(24321)、員弁町(24322)、大安町(24323)、藤原町(24325)が合併し、いなべ市(24214)を新設"
"24322","三重県","員弁郡","いなべぐん","員弁町","いなべちょう","2003-12-01","北勢町(24321)、員弁町(24322)、大安町(24323)、藤原町(24325)が合併し、いなべ市(24214)を新設"
"24323","三重県","員弁郡","いなべぐん","大安町","だいあんちょう","2003-12-01","北勢町(24321)、員弁町(24322)、大安町(24323)、藤原町(24325)が合併し、いなべ市(24214)を新設"
"24325","三重県","員弁郡","いなべぐん","藤原町","ふじわらちょう","2003-12-01","北勢町(24321)、員弁町(24322)、大安町(24323)、藤原町(24325)が合併し、いなべ市(24214)を新設"
"24342","三重県","三重郡","みえぐん","楠町","くすちょう","2005-02-07","楠町(24342)が四日市市(24202)に編入"
"24361","三重県","鈴鹿郡","すずかぐん","関町","せきちょう","2005-01-11","亀山市(24210)、関町(24361)が合併し、亀山市を新設
鈴鹿郡(24360)の廃止"
"24381","三重県","安芸郡","あげぐん","河芸町","かわげちょう","2006-01-01","津市(24201)、久居市(24213)、河芸町(24381)、芸濃町(24382)、美里村(24383)、安濃町(24384)、香良洲町(24402)、一志町(24403)、白山町(24404)、美杉村(24406)が合併し、津市を新設
安芸郡(24380)の廃止
一志郡(24400)の廃止"
"24382","三重県","安芸郡","あげぐん","芸濃町","げいのうちょう","2006-01-01","津市(24201)、久居市(24213)、河芸町(24381)、芸濃町(24382)、美里村(24383)、安濃町(24384)、香良洲町(24402)、一志町(24403)、白山町(24404)、美杉村(24406)が合併し、津市を新設
安芸郡(24380)の廃止
一志郡(24400)の廃止"
"24383","三重県","安芸郡","あげぐん","美里村","みさとむら","2006-01-01","津市(24201)、久居市(24213)、河芸町(24381)、芸濃町(24382)、美里村(24383)、安濃町(24384)、香良洲町(24402)、一志町(24403)、白山町(24404)、美杉村(24406)が合併し、津市を新設
安芸郡(24380)の廃止
一志郡(24400)の廃止"
"24384","三重県","安芸郡","あげぐん","安濃村","あのうむら","1977-01-15","安濃村(24384)が安濃町(24384)に町制施行"
"24384","三重県","安芸郡","あげぐん","安濃町","あのうちょう","1977-01-15","安濃村(24384)が安濃町(24384)に町制施行"
"24384","三重県","安芸郡","あげぐん","安濃町","あのうちょう","2006-01-01","津市(24201)、久居市(24213)、河芸町(24381)、芸濃町(24382)、美里村(24383)、安濃町(24384)、香良洲町(24402)、一志町(24403)、白山町(24404)、美杉村(24406)が合併し、津市を新設
安芸郡(24380)の廃止
一志郡(24400)の廃止"
"24385","三重県","安芸郡","あげぐん","豊里村","とよさとむら","1973-02-01","豊里村(24385)が津市(24201)に編入"
"24401","三重県","一志郡","いちしぐん","久居町","ひさいちょう","1970-08-01","久居町(24401)が久居市(24213)に市制施行"
"24402","三重県","一志郡","いちしぐん","香良洲町","からすちょう","2006-01-01","津市(24201)、久居市(24213)、河芸町(24381)、芸濃町(24382)、美里村(24383)、安濃町(24384)、香良洲町(24402)、一志町(24403)、白山町(24404)、美杉村(24406)が合併し、津市を新設
安芸郡(24380)の廃止
一志郡(24400)の廃止"
"24403","三重県","一志郡","いちしぐん","一志町","いちしちょう","2006-01-01","津市(24201)、久居市(24213)、河芸町(24381)、芸濃町(24382)、美里村(24383)、安濃町(24384)、香良洲町(24402)、一志町(24403)、白山町(24404)、美杉村(24406)が合併し、津市を新設
安芸郡(24380)の廃止
一志郡(24400)の廃止"
"24404","三重県","一志郡","いちしぐん","白山町","はくさんちょう","2006-01-01","津市(24201)、久居市(24213)、河芸町(24381)、芸濃町(24382)、美里村(24383)、安濃町(24384)、香良洲町(24402)、一志町(24403)、白山町(24404)、美杉村(24406)が合併し、津市を新設
安芸郡(24380)の廃止
一志郡(24400)の廃止"
"24405","三重県","一志郡","いちしぐん","嬉野町","うれしのちょう","2005-01-01","松阪市(24204)、嬉野町(24405)、三雲町(24407)、飯南町(24421)、飯高町(24422)が合併し、松阪市を新設
飯南郡(24420)の廃止"
"24406","三重県","一志郡","いちしぐん","美杉村","みすぎむら","2006-01-01","津市(24201)、久居市(24213)、河芸町(24381)、芸濃町(24382)、美里村(24383)、安濃町(24384)、香良洲町(24402)、一志町(24403)、白山町(24404)、美杉村(24406)が合併し、津市を新設
安芸郡(24380)の廃止
一志郡(24400)の廃止"
"24407","三重県","一志郡","いちしぐん","三雲町","みくもちょう","1986-04-01","三雲村(24407)が三雲町(24407)に町制施行"
"24407","三重県","一志郡","いちしぐん","三雲村","みくもむら","1986-04-01","三雲村(24407)が三雲町(24407)に町制施行"
"24407","三重県","一志郡","いちしぐん","三雲町","みくもちょう","2005-01-01","松阪市(24204)、嬉野町(24405)、三雲町(24407)、飯南町(24421)、飯高町(24422)が合併し、松阪市を新設
飯南郡(24420)の廃止"
"24421","三重県","飯南郡","いいなんぐん","飯南町","いいなんちょう","2005-01-01","松阪市(24204)、嬉野町(24405)、三雲町(24407)、飯南町(24421)、飯高町(24422)が合併し、松阪市を新設
飯南郡(24420)の廃止"
"24422","三重県","飯南郡","いいなんぐん","飯高町","いいたかちょう","2005-01-01","松阪市(24204)、嬉野町(24405)、三雲町(24407)、飯南町(24421)、飯高町(24422)が合併し、松阪市を新設
飯南郡(24420)の廃止"
"24441","三重県","多気郡","たきぐん","多気町","たきちょう","2006-01-01","多気町(24441)、勢和村(24444)が合併し、多気町を新設"
"24443","三重県","多気郡","たきぐん","大台町","おおだいちょう","2006-01-10","大台町(24443)、宮川村(24445)が合併し、大台町を新設"
"24444","三重県","多気郡","たきぐん","勢和村","せいわむら","2006-01-01","多気町(24441)、勢和村(24444)が合併し、多気町を新設"
"24445","三重県","多気郡","たきぐん","宮川村","みやがわむら","2006-01-10","大台町(24443)、宮川村(24445)が合併し、大台町を新設"
"24462","三重県","度会郡","わたらいぐん","二見町","ふたみちょう","2005-11-01","伊勢市(24203)、二見町(24462)、小俣町(24463)、御薗村(24468)が合併し、伊勢市を新設"
"24463","三重県","度会郡","わたらいぐん","小俣町","おばたちょう","2005-11-01","伊勢市(24203)、二見町(24462)、小俣町(24463)、御薗村(24468)が合併し、伊勢市を新設"
"24464","三重県","度会郡","わたらいぐん","南勢町","なんせいちょう","2005-10-01","南勢町(24464)、南島町(24465)が合併し、南伊勢町(24472)を新設"
"24465","三重県","度会郡","わたらいぐん","南島町","なんとうちょう","2005-10-01","南勢町(24464)、南島町(24465)が合併し、南伊勢町(24472)を新設"
"24466","三重県","度会郡","わたらいぐん","大宮町","おおみやちょう","2005-02-14","大宮町(24466)、紀勢町(24467)、大内山村(24469)が合併し、大紀町(24471)を新設"
"24467","三重県","度会郡","わたらいぐん","紀勢町","きせいちょう","2005-02-14","大宮町(24466)、紀勢町(24467)、大内山村(24469)が合併し、大紀町(24471)を新設"
"24468","三重県","度会郡","わたらいぐん","御薗村","みそのむら","2005-11-01","伊勢市(24203)、二見町(24462)、小俣町(24463)、御薗村(24468)が合併し、伊勢市を新設"
"24469","三重県","度会郡","わたらいぐん","大内山村","おおうちやまむら","2005-02-14","大宮町(24466)、紀勢町(24467)、大内山村(24469)が合併し、大紀町(24471)を新設"
"24471","三重県","度会郡","わたらいぐん","大紀町","たいきちょう","2005-02-14","大宮町(24466)、紀勢町(24467)、大内山村(24469)が合併し、大紀町(24471)を新設"
"24472","三重県","度会郡","わたらいぐん","南伊勢町","みなみいせちょう","2005-10-01","南勢町(24464)、南島町(24465)が合併し、南伊勢町(24472)を新設"
"24481","三重県","阿山郡","あやまぐん","伊賀町","いがちょう","2004-11-01","上野市(24206)、伊賀町(24481)、島ヶ原村(24482)、阿山町(24483)、大山田村(24484)、青山町(24501)が合併し、伊賀市(24216)を新設
阿山郡(24480)の廃止
名賀郡(24500)の廃止"
"24482","三重県","阿山郡","あやまぐん","島ヶ原村","しまがはらむら","2004-11-01","上野市(24206)、伊賀町(24481)、島ヶ原村(24482)、阿山町(24483)、大山田村(24484)、青山町(24501)が合併し、伊賀市(24216)を新設
阿山郡(24480)の廃止
名賀郡(24500)の廃止"
"24483","三重県","阿山郡","あやまぐん","阿山町","あやまちょう","2004-11-01","上野市(24206)、伊賀町(24481)、島ヶ原村(24482)、阿山町(24483)、大山田村(24484)、青山町(24501)が合併し、伊賀市(24216)を新設
阿山郡(24480)の廃止
名賀郡(24500)の廃止"
"24484","三重県","阿山郡","あやまぐん","大山田村","おおやまだむら","2004-11-01","上野市(24206)、伊賀町(24481)、島ヶ原村(24482)、阿山町(24483)、大山田村(24484)、青山町(24501)が合併し、伊賀市(24216)を新設
阿山郡(24480)の廃止
名賀郡(24500)の廃止"
"24501","三重県","名賀郡","ながぐん","青山町","あおやまちょう","2004-11-01","上野市(24206)、伊賀町(24481)、島ヶ原村(24482)、阿山町(24483)、大山田村(24484)、青山町(24501)が合併し、伊賀市(24216)を新設
阿山郡(24480)の廃止
名賀郡(24500)の廃止"
"24521","三重県","志摩郡","しまぐん","浜島町","はまじまちょう","2004-10-01","浜島町(24521)、大王町(24522)、志摩町(24523)、阿児町(24524)、磯部町(24525)が合併し、志摩市(24215)を新設
志摩郡(24520)の廃止"
"24522","三重県","志摩郡","しまぐん","大王町","だいおうちょう","2004-10-01","浜島町(24521)、大王町(24522)、志摩町(24523)、阿児町(24524)、磯部町(24525)が合併し、志摩市(24215)を新設
志摩郡(24520)の廃止"
"24523","三重県","志摩郡","しまぐん","志摩町","しまちょう","2004-10-01","浜島町(24521)、大王町(24522)、志摩町(24523)、阿児町(24524)、磯部町(24525)が合併し、志摩市(24215)を新設
志摩郡(24520)の廃止"
"24524","三重県","志摩郡","しまぐん","阿児町","あごちょう","2004-10-01","浜島町(24521)、大王町(24522)、志摩町(24523)、阿児町(24524)、磯部町(24525)が合併し、志摩市(24215)を新設
志摩郡(24520)の廃止"
"24525","三重県","志摩郡","しまぐん","磯部町","いそべちょう","2004-10-01","浜島町(24521)、大王町(24522)、志摩町(24523)、阿児町(24524)、磯部町(24525)が合併し、志摩市(24215)を新設
志摩郡(24520)の廃止"
"24541","三重県","北牟婁郡","きたむろぐん","長島町","ながしまちょう","1970-08-01","長島町(24541)が紀伊長島町(24541)に名称変更"
"24541","三重県","北牟婁郡","きたむろぐん","紀伊長島町","きいながしまちょう","1970-08-01","長島町(24541)が紀伊長島町(24541)に名称変更"
"24541","三重県","北牟婁郡","きたむろぐん","紀伊長島町","きいながしまちょう","2005-10-11","紀伊長島町(24541)、海山町(24542)が合併し、紀北町(24543)を新設"
"24542","三重県","北牟婁郡","きたむろぐん","海山町","みやまちょう","2005-10-11","紀伊長島町(24541)、海山町(24542)が合併し、紀北町(24543)を新設"
"24543","三重県","北牟婁郡","きたむろぐん","紀北町","きほくちょう","2005-10-11","紀伊長島町(24541)、海山町(24542)が合併し、紀北町(24543)を新設"
"24562","三重県","南牟婁郡","みなみむろぐん","紀宝町","きほうちょう","2006-01-10","紀宝町(24562)、鵜殿村(24564)が合併し、紀宝町を新設"
"24563","三重県","南牟婁郡","みなみむろぐん","紀和町","きわちょう","2005-11-01","熊野市(24212)、紀和町(24563)が合併し、熊野市を新設"
"24564","三重県","南牟婁郡","みなみむろぐん","鵜殿村","うどのむら","2006-01-10","紀宝町(24562)、鵜殿村(24564)が合併し、紀宝町を新設"
"25201","滋賀県","","","大津市","おおつし","2001-04-01","大津市(25201)が特例市に移行"
"25201","滋賀県","","","大津市","おおつし","2006-03-20","志賀町(25301)が大津市(25201)に編入
滋賀郡(25300)の廃止"
"25201","滋賀県","","","大津市","おおつし","2009-04-01","大津市(25201)が特例市から中核市に移行"
"25203","滋賀県","","","長浜市","ながはまし","2006-02-13","長浜市(25203)、浅井町(25481)、びわ町(25484)が合併し、長浜市を新設"
"25203","滋賀県","","","長浜市","ながはまし","2010-01-01","虎姫町(25482)、湖北町(25483)、高月町(25501)、木之本町(25502)、余呉町(25503)、西浅井町(25504)が長浜市(25203)に編入
伊香郡(25500)の廃止
東浅井郡(25480)の廃止"
"25204","滋賀県","","","近江八幡市","おうみはちまんし","2010-03-21","近江八幡市(25204)、安土町(25381)が合併し、近江八幡市を新設"
"25205","滋賀県","","","八日市市","ようかいちし","2005-02-11","八日市市(25205)、永源寺町(25401)、五個荘町(25402)、愛東町(25421)、湖東町(25422)が合併し、東近江市(25213)を新設"
"25207","滋賀県","","","守山市","もりやまし","1970-07-01","守山町(25341)が守山市(25207)に市制施行"
"25208","滋賀県","","","栗東市","りっとうし","2001-10-01","栗東町(25321)が栗東市(25208)に市制施行
栗太郡(25320)の廃止"
"25209","滋賀県","","","甲賀市","こうかし","2004-10-01","水口町(25363)、土山町(25364)、甲賀町(25365)、甲南町(25366)、信楽町(25367)が合併し、甲賀市(25209)を新設"
"25210","滋賀県","","","野洲市","やすし","2004-10-01","中主町(25342)、野洲町(25343)が合併し、野洲市(25210)を新設
野洲郡(25340)の廃止"
"25211","滋賀県","","","湖南市","こなんし","2004-10-01","石部町(25361)、甲西町(25362)が合併し、湖南市(25211)を新設
甲賀郡(25360)の廃止"
"25212","滋賀県","","","高島市","たかしまし","2005-01-01","マキノ町(25521)、今津町(25522)、朽木村(25523)、安曇川町(25524)、高島町(25525)、新旭町(25526)が合併し、高島市(25212)を新設
高島郡(25520)の廃止"
"25213","滋賀県","","","東近江市","ひがしおうみし","2005-02-11","八日市市(25205)、永源寺町(25401)、五個荘町(25402)、愛東町(25421)、湖東町(25422)が合併し、東近江市(25213)を新設"
"25213","滋賀県","","","東近江市","ひがしおうみし","2006-01-01","蒲生町(25382)、能登川町(25403)が東近江市(25213)に編入
神崎郡(25400)の廃止"
"25214","滋賀県","","","米原市","まいばらし","2005-02-14","山東町(25461)、伊吹町(25462)、米原町(25463)が合併し、米原市(25214)を新設"
"25214","滋賀県","","","米原市","まいばらし","2005-10-01","近江町(25464)が米原市(25214)に編入
坂田郡(25460)の廃止"
"25301","滋賀県","滋賀郡","しがぐん","志賀町","しがちょう","2006-03-20","志賀町(25301)が大津市(25201)に編入
滋賀郡(25300)の廃止"
"25321","滋賀県","栗太郡","くりたぐん","栗東町","りっとうちょう","2001-10-01","栗東町(25321)が栗東市(25208)に市制施行
栗太郡(25320)の廃止"
"25341","滋賀県","野洲郡","やすぐん","守山町","もりやまちょう","1970-07-01","守山町(25341)が守山市(25207)に市制施行"
"25342","滋賀県","野洲郡","やすぐん","中主町","ちゅうずちょう","2004-10-01","中主町(25342)、野洲町(25343)が合併し、野洲市(25210)を新設
野洲郡(25340)の廃止"
"25343","滋賀県","野洲郡","やすぐん","野洲町","やすちょう","2004-10-01","中主町(25342)、野洲町(25343)が合併し、野洲市(25210)を新設
野洲郡(25340)の廃止"
"25361","滋賀県","甲賀郡","こうかぐん","石部町","いしべちょう","2004-10-01","石部町(25361)、甲西町(25362)が合併し、湖南市(25211)を新設
甲賀郡(25360)の廃止"
"25362","滋賀県","甲賀郡","こうかぐん","甲西町","こうせいちょう","2004-10-01","石部町(25361)、甲西町(25362)が合併し、湖南市(25211)を新設
甲賀郡(25360)の廃止"
"25363","滋賀県","甲賀郡","こうかぐん","水口町","みなくちちょう","2004-10-01","水口町(25363)、土山町(25364)、甲賀町(25365)、甲南町(25366)、信楽町(25367)が合併し、甲賀市(25209)を新設"
"25364","滋賀県","甲賀郡","こうかぐん","土山町","つちやまちょう","2004-10-01","水口町(25363)、土山町(25364)、甲賀町(25365)、甲南町(25366)、信楽町(25367)が合併し、甲賀市(25209)を新設"
"25365","滋賀県","甲賀郡","こうかぐん","甲賀町","こうかちょう","2004-10-01","水口町(25363)、土山町(25364)、甲賀町(25365)、甲南町(25366)、信楽町(25367)が合併し、甲賀市(25209)を新設"
"25366","滋賀県","甲賀郡","こうかぐん","甲南町","こうなんちょう","2004-10-01","水口町(25363)、土山町(25364)、甲賀町(25365)、甲南町(25366)、信楽町(25367)が合併し、甲賀市(25209)を新設"
"25367","滋賀県","甲賀郡","こうかぐん","信楽町","しがらきちょう","2004-10-01","水口町(25363)、土山町(25364)、甲賀町(25365)、甲南町(25366)、信楽町(25367)が合併し、甲賀市(25209)を新設"
"25381","滋賀県","蒲生郡","がもうぐん","安土町","あづちちょう","2010-03-21","近江八幡市(25204)、安土町(25381)が合併し、近江八幡市を新設"
"25382","滋賀県","蒲生郡","がもうぐん","蒲生町","がもうちょう","2006-01-01","蒲生町(25382)、能登川町(25403)が東近江市(25213)に編入
神崎郡(25400)の廃止"
"25401","滋賀県","神崎郡","かんざきぐん","永源寺町","えいげんじちょう","2005-02-11","八日市市(25205)、永源寺町(25401)、五個荘町(25402)、愛東町(25421)、湖東町(25422)が合併し、東近江市(25213)を新設"
"25402","滋賀県","神崎郡","かんざきぐん","五個荘町","ごかしょうちょう","2005-02-11","八日市市(25205)、永源寺町(25401)、五個荘町(25402)、愛東町(25421)、湖東町(25422)が合併し、東近江市(25213)を新設"
"25403","滋賀県","神崎郡","かんざきぐん","能登川町","のとがわちょう","2006-01-01","蒲生町(25382)、能登川町(25403)が東近江市(25213)に編入
神崎郡(25400)の廃止"
"25421","滋賀県","愛知郡","えちぐん","愛東町","あいとうちょう","1971-02-11","愛東村(25421)が愛東町(25421)に町制施行"
"25421","滋賀県","愛知郡","えちぐん","愛東村","あいとうむら","1971-02-11","愛東村(25421)が愛東町(25421)に町制施行"
"25421","滋賀県","愛知郡","えちぐん","愛東町","あいとうちょう","2005-02-11","八日市市(25205)、永源寺町(25401)、五個荘町(25402)、愛東町(25421)、湖東町(25422)が合併し、東近江市(25213)を新設"
"25422","滋賀県","愛知郡","えちぐん","湖東町","ことうちょう","2005-02-11","八日市市(25205)、永源寺町(25401)、五個荘町(25402)、愛東町(25421)、湖東町(25422)が合併し、東近江市(25213)を新設"
"25423","滋賀県","愛知郡","えちぐん","秦荘町","はたしょうちょう","2006-02-13","秦荘町(25423)、愛知川町(25424)が合併し、愛荘町(25425)を新設"
"25424","滋賀県","愛知郡","えちぐん","愛知川町","えちがわちょう","2006-02-13","秦荘町(25423)、愛知川町(25424)が合併し、愛荘町(25425)を新設"
"25425","滋賀県","愛知郡","えちぐん","愛荘町","あいしょうちょう","2006-02-13","秦荘町(25423)、愛知川町(25424)が合併し、愛荘町(25425)を新設"
"25441","滋賀県","犬上郡","いぬかみぐん","豊郷町","とよさとちょう","1971-02-11","豊郷村(25441)が豊郷町(25441)に町制施行"
"25441","滋賀県","犬上郡","いぬかみぐん","豊郷村","とよさとむら","1971-02-11","豊郷村(25441)が豊郷町(25441)に町制施行"
"25461","滋賀県","坂田郡","さかたぐん","山東町","さんとうちょう","2005-02-14","山東町(25461)、伊吹町(25462)、米原町(25463)が合併し、米原市(25214)を新設"
"25462","滋賀県","坂田郡","さかたぐん","伊吹村","いぶきむら","1971-02-01","伊吹村(25462)が伊吹町(25462)に町制施行"
"25462","滋賀県","坂田郡","さかたぐん","伊吹町","いぶきちょう","1971-02-01","伊吹村(25462)が伊吹町(25462)に町制施行"
"25462","滋賀県","坂田郡","さかたぐん","伊吹町","いぶきちょう","2005-02-14","山東町(25461)、伊吹町(25462)、米原町(25463)が合併し、米原市(25214)を新設"
"25463","滋賀県","坂田郡","さかたぐん","米原町","まいはらちょう","2005-02-14","山東町(25461)、伊吹町(25462)、米原町(25463)が合併し、米原市(25214)を新設"
"25464","滋賀県","坂田郡","さかたぐん","近江町","おうみちょう","2005-10-01","近江町(25464)が米原市(25214)に編入
坂田郡(25460)の廃止"
"25481","滋賀県","東浅井郡","ひがしあざいぐん","浅井町","あざいちょう","2006-02-13","長浜市(25203)、浅井町(25481)、びわ町(25484)が合併し、長浜市を新設"
"25482","滋賀県","東浅井郡","ひがしあざいぐん","虎姫町","とらひめちょう","2010-01-01","虎姫町(25482)、湖北町(25483)、高月町(25501)、木之本町(25502)、余呉町(25503)、西浅井町(25504)が長浜市(25203)に編入
伊香郡(25500)の廃止
東浅井郡(25480)の廃止"
"25483","滋賀県","東浅井郡","ひがしあざいぐん","湖北町","こほくちょう","2010-01-01","虎姫町(25482)、湖北町(25483)、高月町(25501)、木之本町(25502)、余呉町(25503)、西浅井町(25504)が長浜市(25203)に編入
伊香郡(25500)の廃止
東浅井郡(25480)の廃止"
"25484","滋賀県","東浅井郡","ひがしあざいぐん","びわ村","びわむら","1971-04-01","びわ村(25484)がびわ町(25484)に町制施行"
"25484","滋賀県","東浅井郡","ひがしあざいぐん","びわ町","びわちょう","1971-04-01","びわ村(25484)がびわ町(25484)に町制施行"
"25484","滋賀県","東浅井郡","ひがしあざいぐん","びわ町","びわちょう","2006-02-13","長浜市(25203)、浅井町(25481)、びわ町(25484)が合併し、長浜市を新設"
"25501","滋賀県","伊香郡","いかぐん","高月町","たかつきちょう","2010-01-01","虎姫町(25482)、湖北町(25483)、高月町(25501)、木之本町(25502)、余呉町(25503)、西浅井町(25504)が長浜市(25203)に編入
伊香郡(25500)の廃止
東浅井郡(25480)の廃止"
"25502","滋賀県","伊香郡","いかぐん","木之本町","きのもとちょう","2010-01-01","虎姫町(25482)、湖北町(25483)、高月町(25501)、木之本町(25502)、余呉町(25503)、西浅井町(25504)が長浜市(25203)に編入
伊香郡(25500)の廃止
東浅井郡(25480)の廃止"
"25503","滋賀県","伊香郡","いかぐん","余呉村","よごむら","1971-04-01","余呉村(25503)が余呉町(25503)に町制施行"
"25503","滋賀県","伊香郡","いかぐん","余呉町","よごちょう","1971-04-01","余呉村(25503)が余呉町(25503)に町制施行"
"25503","滋賀県","伊香郡","いかぐん","余呉町","よごちょう","2010-01-01","虎姫町(25482)、湖北町(25483)、高月町(25501)、木之本町(25502)、余呉町(25503)、西浅井町(25504)が長浜市(25203)に編入
伊香郡(25500)の廃止
東浅井郡(25480)の廃止"
"25504","滋賀県","伊香郡","いかぐん","西浅井町","にしあざいちょう","1971-04-01","西浅井村(25504)が西浅井町(25504)に町制施行"
"25504","滋賀県","伊香郡","いかぐん","西浅井村","にしあざいむら","1971-04-01","西浅井村(25504)が西浅井町(25504)に町制施行"
"25504","滋賀県","伊香郡","いかぐん","西浅井町","にしあざいちょう","2010-01-01","虎姫町(25482)、湖北町(25483)、高月町(25501)、木之本町(25502)、余呉町(25503)、西浅井町(25504)が長浜市(25203)に編入
伊香郡(25500)の廃止
東浅井郡(25480)の廃止"
"25521","滋賀県","高島郡","たかしまぐん","マキノ町","まきのちょう","2005-01-01","マキノ町(25521)、今津町(25522)、朽木村(25523)、安曇川町(25524)、高島町(25525)、新旭町(25526)が合併し、高島市(25212)を新設
高島郡(25520)の廃止"
"25522","滋賀県","高島郡","たかしまぐん","今津町","いまづちょう","2005-01-01","マキノ町(25521)、今津町(25522)、朽木村(25523)、安曇川町(25524)、高島町(25525)、新旭町(25526)が合併し、高島市(25212)を新設
高島郡(25520)の廃止"
"25523","滋賀県","高島郡","たかしまぐん","朽木村","くつきむら","2005-01-01","マキノ町(25521)、今津町(25522)、朽木村(25523)、安曇川町(25524)、高島町(25525)、新旭町(25526)が合併し、高島市(25212)を新設
高島郡(25520)の廃止"
"25524","滋賀県","高島郡","たかしまぐん","安曇川町","あどがわちょう","2005-01-01","マキノ町(25521)、今津町(25522)、朽木村(25523)、安曇川町(25524)、高島町(25525)、新旭町(25526)が合併し、高島市(25212)を新設
高島郡(25520)の廃止"
"25525","滋賀県","高島郡","たかしまぐん","高島町","たかしまちょう","2005-01-01","マキノ町(25521)、今津町(25522)、朽木村(25523)、安曇川町(25524)、高島町(25525)、新旭町(25526)が合併し、高島市(25212)を新設
高島郡(25520)の廃止"
"25526","滋賀県","高島郡","たかしまぐん","新旭町","しんあさひちょう","2005-01-01","マキノ町(25521)、今津町(25522)、朽木村(25523)、安曇川町(25524)、高島町(25525)、新旭町(25526)が合併し、高島市(25212)を新設
高島郡(25520)の廃止"
"26105","京都府","京都市","きょうとし","東山区","ひがしやまく","1976-10-01","東山区(26105)から分離し、山科区(26110)を新設"
"26108","京都府","京都市","きょうとし","右京区","うきょうく","1976-10-01","右京区(26108)から分離し、西京区(26111)を新設"
"26108","京都府","京都市","きょうとし","右京区","うきょうく","2005-04-01","京北町(26381)が右京区(26108)に編入"
"26110","京都府","京都市","きょうとし","山科区","やましなく","1976-10-01","東山区(26105)から分離し、山科区(26110)を新設"
"26111","京都府","京都市","きょうとし","西京区","にしきょうく","1976-10-01","右京区(26108)から分離し、西京区(26111)を新設"
"26201","京都府","","","福知山市","ふくちやまし","2006-01-01","三和町(26421)、夜久野町(26422)、大江町(26441)が福知山市(26201)に編入
天田郡(26420)の廃止
加佐郡(26440)の廃止"
"26207","京都府","","","城陽市","じょうようし","1972-05-03","城陽町(26321)が城陽市(26207)に市制施行"
"26208","京都府","","","向日市","むこうし","1972-10-01","向日町(26301)が向日市(26208)に市制施行"
"26209","京都府","","","長岡京市","ながおかきょうし","1972-10-01","長岡町(26302)が長岡市に市制施行し、長岡京市(26209)に名称変更"
"26210","京都府","","","八幡市","やわたし","1977-11-01","八幡町(26341)が八幡市(26210)に市制施行"
"26211","京都府","","","京田辺市","きょうたなべし","1997-04-01","田辺町(26342)が田辺市に市制施行し、京田辺市(26211)に名称変更"
"26212","京都府","","","京丹後市","きょうたんごし","2004-04-01","峰山町(26481)、大宮町(26482)、網野町(26501)、丹後町(26502)、弥栄町(26503)、久美浜町(26521)が合併し、京丹後市(26212)を新設
中郡(26480)の廃止
竹野郡(26500)の廃止
熊野郡(26520)の廃止"
"26213","京都府","","","南丹市","なんたんし","2006-01-01","美山町(26382)、園部町(26401)、八木町(26402)、日吉町(26404)が合併し、南丹市(26213)を新設
北桑田郡(26380)の廃止"
"26214","京都府","","","木津川市","きづがわし","2007-03-12","山城町(26361)、木津町(26362)、加茂町(26363)が合併し、木津川市(26214)を新設"
"26301","京都府","乙訓郡","おとくにぐん","向日町","むこうまち","1972-10-01","向日町(26301)が向日市(26208)に市制施行"
"26302","京都府","乙訓郡","おとくにぐん","長岡町","ながおかちょう","1972-10-01","長岡町(26302)が長岡市に市制施行し、長岡京市(26209)に名称変更"
"26321","京都府","久世郡","くせぐん","城陽町","じょうようちょう","1972-05-03","城陽町(26321)が城陽市(26207)に市制施行"
"26341","京都府","綴喜郡","つづきぐん","八幡町","やわたちょう","1977-11-01","八幡町(26341)が八幡市(26210)に市制施行"
"26342","京都府","綴喜郡","つづきぐん","田辺町","たなべちょう","1997-04-01","田辺町(26342)が田辺市に市制施行し、京田辺市(26211)に名称変更"
"26361","京都府","相楽郡","そうらくぐん","山城町","やましろちょう","2007-03-12","山城町(26361)、木津町(26362)、加茂町(26363)が合併し、木津川市(26214)を新設"
"26362","京都府","相楽郡","そうらくぐん","木津町","きづちょう","2007-03-12","山城町(26361)、木津町(26362)、加茂町(26363)が合併し、木津川市(26214)を新設"
"26363","京都府","相楽郡","そうらくぐん","加茂町","かもちょう","2007-03-12","山城町(26361)、木津町(26362)、加茂町(26363)が合併し、木津川市(26214)を新設"
"26381","京都府","北桑田郡","きたくわだぐん","京北町","けいほくちょう","2005-04-01","京北町(26381)が右京区(26108)に編入"
"26382","京都府","北桑田郡","きたくわだぐん","美山町","みやまちょう","2006-01-01","美山町(26382)、園部町(26401)、八木町(26402)、日吉町(26404)が合併し、南丹市(26213)を新設
北桑田郡(26380)の廃止"
"26401","京都府","船井郡","ふないぐん","園部町","そのべちょう","2006-01-01","美山町(26382)、園部町(26401)、八木町(26402)、日吉町(26404)が合併し、南丹市(26213)を新設
北桑田郡(26380)の廃止"
"26402","京都府","船井郡","ふないぐん","八木町","やぎちょう","2006-01-01","美山町(26382)、園部町(26401)、八木町(26402)、日吉町(26404)が合併し、南丹市(26213)を新設
北桑田郡(26380)の廃止"
"26403","京都府","船井郡","ふないぐん","丹波町","たんばちょう","2005-10-11","丹波町(26403)、瑞穂町(26405)、和知町(26406)が合併し、京丹波町(26407)を新設"
"26404","京都府","船井郡","ふないぐん","日吉町","ひよしちょう","2006-01-01","美山町(26382)、園部町(26401)、八木町(26402)、日吉町(26404)が合併し、南丹市(26213)を新設
北桑田郡(26380)の廃止"
"26405","京都府","船井郡","ふないぐん","瑞穂町","みずほちょう","2005-10-11","丹波町(26403)、瑞穂町(26405)、和知町(26406)が合併し、京丹波町(26407)を新設"
"26406","京都府","船井郡","ふないぐん","和知町","わちちょう","2005-10-11","丹波町(26403)、瑞穂町(26405)、和知町(26406)が合併し、京丹波町(26407)を新設"
"26407","京都府","船井郡","ふないぐん","京丹波町","きょうたんばちょう","2005-10-11","丹波町(26403)、瑞穂町(26405)、和知町(26406)が合併し、京丹波町(26407)を新設"
"26421","京都府","天田郡","あまたぐん","三和町","みわちょう","2006-01-01","三和町(26421)、夜久野町(26422)、大江町(26441)が福知山市(26201)に編入
天田郡(26420)の廃止
加佐郡(26440)の廃止"
"26422","京都府","天田郡","あまたぐん","夜久野町","やくのちょう","2006-01-01","三和町(26421)、夜久野町(26422)、大江町(26441)が福知山市(26201)に編入
天田郡(26420)の廃止
加佐郡(26440)の廃止"
"26441","京都府","加佐郡","かさぐん","大江町","おおえちょう","2006-01-01","三和町(26421)、夜久野町(26422)、大江町(26441)が福知山市(26201)に編入
天田郡(26420)の廃止
加佐郡(26440)の廃止"
"26461","京都府","与謝郡","よさぐん","加悦町","かやちょう","2006-03-01","加悦町(26461)、岩滝町(26462)、野田川町(26464)が合併し、与謝野町(26465)を新設"
"26462","京都府","与謝郡","よさぐん","岩滝町","いわたきちょう","2006-03-01","加悦町(26461)、岩滝町(26462)、野田川町(26464)が合併し、与謝野町(26465)を新設"
"26464","京都府","与謝郡","よさぐん","野田川町","のだがわちょう","2006-03-01","加悦町(26461)、岩滝町(26462)、野田川町(26464)が合併し、与謝野町(26465)を新設"
"26465","京都府","与謝郡","よさぐん","与謝野町","よさのちょう","2006-03-01","加悦町(26461)、岩滝町(26462)、野田川町(26464)が合併し、与謝野町(26465)を新設"
"26481","京都府","中郡","なかぐん","峰山町","みねやまちょう","2004-04-01","峰山町(26481)、大宮町(26482)、網野町(26501)、丹後町(26502)、弥栄町(26503)、久美浜町(26521)が合併し、京丹後市(26212)を新設
中郡(26480)の廃止
竹野郡(26500)の廃止
熊野郡(26520)の廃止"
"26482","京都府","中郡","なかぐん","大宮町","おおみやちょう","2004-04-01","峰山町(26481)、大宮町(26482)、網野町(26501)、丹後町(26502)、弥栄町(26503)、久美浜町(26521)が合併し、京丹後市(26212)を新設
中郡(26480)の廃止
竹野郡(26500)の廃止
熊野郡(26520)の廃止"
"26501","京都府","竹野郡","たけのぐん","網野町","あみのちょう","2004-04-01","峰山町(26481)、大宮町(26482)、網野町(26501)、丹後町(26502)、弥栄町(26503)、久美浜町(26521)が合併し、京丹後市(26212)を新設
中郡(26480)の廃止
竹野郡(26500)の廃止
熊野郡(26520)の廃止"
"26502","京都府","竹野郡","たけのぐん","丹後町","たんごちょう","2004-04-01","峰山町(26481)、大宮町(26482)、網野町(26501)、丹後町(26502)、弥栄町(26503)、久美浜町(26521)が合併し、京丹後市(26212)を新設
中郡(26480)の廃止
竹野郡(26500)の廃止
熊野郡(26520)の廃止"
"26503","京都府","竹野郡","たけのぐん","弥栄町","やさかちょう","2004-04-01","峰山町(26481)、大宮町(26482)、網野町(26501)、丹後町(26502)、弥栄町(26503)、久美浜町(26521)が合併し、京丹後市(26212)を新設
中郡(26480)の廃止
竹野郡(26500)の廃止
熊野郡(26520)の廃止"
"26521","京都府","熊野郡","くまのぐん","久美浜町","くみはまちょう","2004-04-01","峰山町(26481)、大宮町(26482)、網野町(26501)、丹後町(26502)、弥栄町(26503)、久美浜町(26521)が合併し、京丹後市(26212)を新設
中郡(26480)の廃止
竹野郡(26500)の廃止
熊野郡(26520)の廃止"
"27101","大阪府","大阪市","おおさかし","北区","きたく","1989-02-13","北区(27101)と大淀区(27112)が統合し、北区(27127)を新設"
"27105","大阪府","大阪市","おおさかし","東区","ひがしく","1989-02-13","東区(27105)と南区(27110)が統合し、中央区(27128)を新設"
"27110","大阪府","大阪市","おおさかし","南区","みなみく","1989-02-13","東区(27105)と南区(27110)が統合し、中央区(27128)を新設"
"27112","大阪府","大阪市","おおさかし","大淀区","おおよどく","1989-02-13","北区(27101)と大淀区(27112)が統合し、北区(27127)を新設"
"27114","大阪府","大阪市","おおさかし","東淀川区","ひがしよどがわく","1974-07-22","東淀川区(27114)から分離し、淀川区(27123)を新設"
"27118","大阪府","大阪市","おおさかし","城東区","じょうとうく","1974-07-22","城東区(27118)から分離し、鶴見区(27124)を新設"
"27120","大阪府","大阪市","おおさかし","住吉区","すみよしく","1974-07-22","住吉区(27120)から分離し、住之江区(27125)を新設"
"27121","大阪府","大阪市","おおさかし","東住吉区","ひがしすみよしく","1974-07-22","東住吉区(27121)から分離し、平野区(27126)を新設"
"27123","大阪府","大阪市","おおさかし","淀川区","よどがわく","1974-07-22","東淀川区(27114)から分離し、淀川区(27123)を新設"
"27124","大阪府","大阪市","おおさかし","鶴見区","つるみく","1974-07-22","城東区(27118)から分離し、鶴見区(27124)を新設"
"27125","大阪府","大阪市","おおさかし","住之江区","すみのえく","1974-07-22","住吉区(27120)から分離し、住之江区(27125)を新設"
"27126","大阪府","大阪市","おおさかし","平野区","ひらのく","1974-07-22","東住吉区(27121)から分離し、平野区(27126)を新設"
"27127","大阪府","大阪市","おおさかし","北区","きたく","1989-02-13","北区(27101)と大淀区(27112)が統合し、北区(27127)を新設"
"27128","大阪府","大阪市","おおさかし","中央区","ちゅうおうく","1989-02-13","東区(27105)と南区(27110)が統合し、中央区(27128)を新設"
"27140","大阪府","堺市","さかいし","","","2006-04-01","堺市(27201)の堺市(27140)への政令指定都市施行
堺区(27141)、中区(27142)、東区(27143)、西区(27144)、南区(27145)、北区(27146)、美原区(27147)の新設"
"27141","大阪府","堺市","さかいし","堺区","さかいく","2006-04-01","堺市(27201)の堺市(27140)への政令指定都市施行
堺区(27141)、中区(27142)、東区(27143)、西区(27144)、南区(27145)、北区(27146)、美原区(27147)の新設"
"27142","大阪府","堺市","さかいし","中区","なかく","2006-04-01","堺市(27201)の堺市(27140)への政令指定都市施行
堺区(27141)、中区(27142)、東区(27143)、西区(27144)、南区(27145)、北区(27146)、美原区(27147)の新設"
"27143","大阪府","堺市","さかいし","東区","ひがしく","2006-04-01","堺市(27201)の堺市(27140)への政令指定都市施行
堺区(27141)、中区(27142)、東区(27143)、西区(27144)、南区(27145)、北区(27146)、美原区(27147)の新設"
"27144","大阪府","堺市","さかいし","西区","にしく","2006-04-01","堺市(27201)の堺市(27140)への政令指定都市施行
堺区(27141)、中区(27142)、東区(27143)、西区(27144)、南区(27145)、北区(27146)、美原区(27147)の新設"
"27145","大阪府","堺市","さかいし","南区","みなみく","2006-04-01","堺市(27201)の堺市(27140)への政令指定都市施行
堺区(27141)、中区(27142)、東区(27143)、西区(27144)、南区(27145)、北区(27146)、美原区(27147)の新設"
"27146","大阪府","堺市","さかいし","北区","きたく","2006-04-01","堺市(27201)の堺市(27140)への政令指定都市施行
堺区(27141)、中区(27142)、東区(27143)、西区(27144)、南区(27145)、北区(27146)、美原区(27147)の新設"
"27147","大阪府","堺市","さかいし","美原区","みはらく","2006-04-01","堺市(27201)の堺市(27140)への政令指定都市施行
堺区(27141)、中区(27142)、東区(27143)、西区(27144)、南区(27145)、北区(27146)、美原区(27147)の新設"
"27201","大阪府","","","堺市","さかいし","1996-04-01","堺市(27201)が中核市に移行"
"27201","大阪府","","","堺市","さかいし","2005-02-01","美原町(27385)が堺市(27201)に編入"
"27201","大阪府","","","堺市","さかいし","2006-04-01","堺市(27201)の堺市(27140)への政令指定都市施行
堺区(27141)、中区(27142)、東区(27143)、西区(27144)、南区(27145)、北区(27146)、美原区(27147)の新設"
"27202","大阪府","","","岸和田市","きしわだし","2002-04-01","岸和田市(27202)が特例市に移行"
"27203","大阪府","","","豊中市","とよなかし","2001-04-01","豊中市(27203)が特例市に移行"
"27203","大阪府","","","豊中市","とよなかし","2012-04-01","豊中市(27203)が特例市から中核市に移行"
"27205","大阪府","","","吹田市","すいたし","2001-04-01","吹田市(27205)が特例市に移行"
"27205","大阪府","","","吹田市","すいたし","2020-04-01","吹田市(27205)が特例市から中核市に移行"
"27207","大阪府","","","高槻市","たかつきし","2003-04-01","高槻市(27207)が中核市に移行"
"27210","大阪府","","","枚方市","ひらかたし","2001-04-01","枚方市(27210)が特例市に移行"
"27210","大阪府","","","枚方市","ひらかたし","2014-04-01","枚方市(27210)が特例市から中核市に移行"
"27211","大阪府","","","茨木市","いばらきし","2001-04-01","茨木市(27211)が特例市に移行"
"27212","大阪府","","","八尾市","やおし","2001-04-01","八尾市(27212)が特例市に移行"
"27212","大阪府","","","八尾市","やおし","2018-04-01","八尾市(27212)が特例市から中核市に移行"
"27215","大阪府","","","寝屋川市","ねやがわし","2001-04-01","寝屋川市(27215)が特例市に移行"
"27215","大阪府","","","寝屋川市","ねやがわし","2019-04-01","寝屋川市(27215)が特例市から中核市に移行"
"27227","大阪府","","","東大阪市","ひがしおおさかし","2005-04-01","東大阪市(27227)が中核市に移行"
"27228","大阪府","","","泉南市","せんなんし","1970-07-01","泉南町(27363)が泉南市(27228)に市制施行"
"27229","大阪府","","","四條畷市","しじょうなわてし","1970-07-01","四條畷町(27402)が四條畷市(27229)に市制施行"
"27230","大阪府","","","交野市","かたのし","1971-11-03","交野町(27401)が交野市(27230)に市制施行
北河内郡(27400)の廃止"
"27231","大阪府","","","大阪狭山市","おおさかさやまし","1987-10-01","狭山町(27384)が狭山市に市制施行し、大阪狭山市(27231)に名称変更"
"27232","大阪府","","","阪南市","はんなんし","1991-10-01","阪南町(27367)が阪南市(27232)に市制施行"
"27321","大阪府","豊能郡","とよのぐん","豊能町","とよのちょう","1977-04-01","東能勢村(27321)が豊能村に名称変更し、豊能町(27321)に町制施行"
"27321","大阪府","豊能郡","とよのぐん","東能勢村","ひがしのせむら","1977-04-01","東能勢村(27321)が豊能村に名称変更し、豊能町(27321)に町制施行"
"27363","大阪府","泉南郡","せんなんぐん","泉南町","せんなんちょう","1970-07-01","泉南町(27363)が泉南市(27228)に市制施行"
"27364","大阪府","泉南郡","せんなんぐん","南海町","なんかいちょう","1972-10-20","南海町(27364)、東鳥取町(27365)が合併し、阪南町(27367)を新設"
"27365","大阪府","泉南郡","せんなんぐん","東鳥取町","ひがしとっとりちょう","1972-10-20","南海町(27364)、東鳥取町(27365)が合併し、阪南町(27367)を新設"
"27367","大阪府","泉南郡","せんなんぐん","阪南町","はんなんちょう","1972-10-20","南海町(27364)、東鳥取町(27365)が合併し、阪南町(27367)を新設"
"27367","大阪府","泉南郡","せんなんぐん","阪南町","はんなんちょう","1991-10-01","阪南町(27367)が阪南市(27232)に市制施行"
"27384","大阪府","南河内郡","みなみかわちぐん","狭山町","さやまちょう","1987-10-01","狭山町(27384)が狭山市に市制施行し、大阪狭山市(27231)に名称変更"
"27385","大阪府","南河内郡","みなみかわちぐん","美原町","みはらちょう","2005-02-01","美原町(27385)が堺市(27201)に編入"
"27401","大阪府","北河内郡","きたかわちぐん","交野町","かたのちょう","1971-11-03","交野町(27401)が交野市(27230)に市制施行
北河内郡(27400)の廃止"
"27402","大阪府","北河内郡","きたかわちぐん","四條畷町","しじょうなわてちょう","1970-07-01","四條畷町(27402)が四條畷市(27229)に市制施行"
"28103","兵庫県","神戸市","こうべし","葺合区","ふきあいく","1980-12-01","葺合区(28103)、生田区(28104)が合併し、中央区(28110)を新設"
"28104","兵庫県","神戸市","こうべし","生田区","いくたく","1980-12-01","葺合区(28103)、生田区(28104)が合併し、中央区(28110)を新設"
"28105","兵庫県","神戸市","こうべし","兵庫区","ひょうごく","1973-08-01","兵庫区(28105)から分離し、北区(28109)を新設"
"28108","兵庫県","神戸市","こうべし","垂水区","たるみく","1982-08-01","垂水区(28108)から分離し、西区(28111)を新設"
"28109","兵庫県","神戸市","こうべし","北区","きたく","1973-08-01","兵庫区(28105)から分離し、北区(28109)を新設"
"28110","兵庫県","神戸市","こうべし","中央区","ちゅうおうく","1980-12-01","葺合区(28103)、生田区(28104)が合併し、中央区(28110)を新設"
"28111","兵庫県","神戸市","こうべし","西区","にしく","1982-08-01","垂水区(28108)から分離し、西区(28111)を新設"
"28201","兵庫県","","","姫路市","ひめじし","1996-04-01","姫路市(28201)が中核市に移行"
"28201","兵庫県","","","姫路市","ひめじし","2006-03-27","香寺町(28444)、安富町(28522)が姫路市(28201)に編入
宍粟郡(28520)の廃止"
"28201","兵庫県","","","姫路市","ひめじし","2006-03-27","夢前町(28422)が姫路市(28201)に編入
飾磨郡(28420)の廃止"
"28201","兵庫県","","","姫路市","ひめじし","2006-03-27","家島町(28421)が姫路市(28201)に編入"
"28202","兵庫県","","","尼崎市","あまがさきし","2001-04-01","尼崎市(28202)が特例市に移行"
"28202","兵庫県","","","尼崎市","あまがさきし","2009-04-01","尼崎市(28202)が特例市から中核市に移行"
"28203","兵庫県","","","明石市","あかしし","2002-04-01","明石市(28203)が特例市に移行"
"28203","兵庫県","","","明石市","あかしし","2018-04-01","明石市(28203)が特例市から中核市に移行"
"28204","兵庫県","","","西宮市","にしのみやし","2008-04-01","西宮市(28204)が中核市に移行"
"28205","兵庫県","","","洲本市","すもとし","2006-02-11","洲本市(28205)、五色町(28685)が合併し、洲本市を新設
津名郡(28680)の廃止"
"28209","兵庫県","","","豊岡市","とよおかし","2005-04-01","豊岡市(28209)、城崎町(28541)、竹野町(28542)、日高町(28544)、出石町(28561)、但東町(28562)が合併し、豊岡市を新設
出石郡(28560)の廃止"
"28210","兵庫県","","","加古川市","かこがわし","1979-02-01","志方町(28401)が加古川市(28210)に編入
印南郡(28400)の廃止"
"28210","兵庫県","","","加古川市","かこがわし","2002-04-01","加古川市(28210)が特例市に移行"
"28211","兵庫県","","","龍野市","たつのし","2005-10-01","龍野市(28211)、新宮町(28461)、揖保川町(28462)、御津町(28463)が合併し、たつの市(28229)を新設"
"28213","兵庫県","","","西脇市","にしわきし","2005-10-01","西脇市(28213)、黒田庄町(28364)が合併し、西脇市を新設"
"28214","兵庫県","","","宝塚市","たからづかし","2003-04-01","宝塚市(28214)が特例市に移行"
"28215","兵庫県","","","三木市","みきし","2005-10-24","吉川町(28321)が三木市(28215)に編入
美嚢郡(28320)の廃止"
"28221","兵庫県","","","篠山市","ささやまし","1999-04-01","篠山町(28661)、西紀町(28664)、丹南町(28665)、今田町(28666)が合併し、篠山市(28221)を新設
多紀郡(28660)の廃止"
"28221","兵庫県","","","篠山市","ささやまし","2019-05-01","篠山市(28221)が丹波篠山市(28221)に名称変更"
"28221","兵庫県","","","丹波篠山市","たんばささやまし","2019-05-01","篠山市(28221)が丹波篠山市(28221)に名称変更"
"28222","兵庫県","","","養父市","やぶし","2004-04-01","八鹿町(28601)、養父町(28602)、大屋町(28603)、関宮町(28604)が合併し、養父市(28222)を新設
養父郡(28600)の廃止"
"28223","兵庫県","","","丹波市","たんばし","2004-11-01","柏原町(28641)、氷上町(28642)、青垣町(28643)、春日町(28644)、山南町(28645)、市島町(28646)が合併し、丹波市(28223)を新設
氷上郡(28640)の廃止"
"28224","兵庫県","","","南あわじ市","みなみあわじし","2005-01-11","緑町(28701)、西淡町(28702)、三原町(28703)、南淡町(28704)が合併し、南あわじ市(28224)を新設
三原郡(28700)の廃止"
"28225","兵庫県","","","朝来市","あさごし","2005-04-01","生野町(28621)、和田山町(28622)、山東町(28623)、朝来町(28624)が合併し、朝来市(28225)を新設
朝来郡(28620)の廃止"
"28226","兵庫県","","","淡路市","あわじし","2005-04-01","津名町(28681)、淡路町(28682)、北淡町(28683)、一宮町(28684)、東浦町(28686)が合併し、淡路市(28226)を新設"
"28227","兵庫県","","","宍粟市","しそうし","2005-04-01","山崎町(28521)、一宮町(28523)、波賀町(28524)、千種町(28525)が合併し、宍粟市(28227)を新設"
"28228","兵庫県","","","加東市","かとうし","2006-03-20","社町(28341)、滝野町(28342)、東条町(28343)が合併し、加東市(28228)を新設
加東郡(28340)の廃止"
"28229","兵庫県","","","たつの市","たつのし","2005-10-01","龍野市(28211)、新宮町(28461)、揖保川町(28462)、御津町(28463)が合併し、たつの市(28229)を新設"
"28321","兵庫県","美嚢郡","みのうぐん","吉川町","よかわちょう","2005-10-24","吉川町(28321)が三木市(28215)に編入
美嚢郡(28320)の廃止"
"28341","兵庫県","加東郡","かとうぐん","社町","やしろちょう","2006-03-20","社町(28341)、滝野町(28342)、東条町(28343)が合併し、加東市(28228)を新設
加東郡(28340)の廃止"
"28342","兵庫県","加東郡","かとうぐん","滝野町","たきのちょう","2006-03-20","社町(28341)、滝野町(28342)、東条町(28343)が合併し、加東市(28228)を新設
加東郡(28340)の廃止"
"28343","兵庫県","加東郡","かとうぐん","東条町","とうじょうちょう","2006-03-20","社町(28341)、滝野町(28342)、東条町(28343)が合併し、加東市(28228)を新設
加東郡(28340)の廃止"
"28361","兵庫県","多可郡","たかぐん","中町","なかちょう","2005-11-01","中町(28361)、加美町(28362)、八千代町(28363)が合併し、多可町(28365)を新設"
"28362","兵庫県","多可郡","たかぐん","加美町","かみちょう","2005-11-01","中町(28361)、加美町(28362)、八千代町(28363)が合併し、多可町(28365)を新設"
"28363","兵庫県","多可郡","たかぐん","八千代町","やちよちょう","2005-11-01","中町(28361)、加美町(28362)、八千代町(28363)が合併し、多可町(28365)を新設"
"28364","兵庫県","多可郡","たかぐん","黒田庄町","くろだしょうちょう","2005-10-01","西脇市(28213)、黒田庄町(28364)が合併し、西脇市を新設"
"28365","兵庫県","多可郡","たかぐん","多可町","たかちょう","2005-11-01","中町(28361)、加美町(28362)、八千代町(28363)が合併し、多可町(28365)を新設"
"28401","兵庫県","印南郡","いんなみぐん","志方町","しかたちょう","1979-02-01","志方町(28401)が加古川市(28210)に編入
印南郡(28400)の廃止"
"28421","兵庫県","飾磨郡","しかまぐん","家島町","いえしまちょう","2006-03-27","家島町(28421)が姫路市(28201)に編入"
"28422","兵庫県","飾磨郡","しかまぐん","夢前町","ゆめさきちょう","2006-03-27","夢前町(28422)が姫路市(28201)に編入
飾磨郡(28420)の廃止"
"28441","兵庫県","神崎郡","かんざきぐん","神崎町","かんざきちょう","2005-11-07","神崎町(28441)、大河内町(28445)が合併し、神河町(28446)を新設"
"28444","兵庫県","神崎郡","かんざきぐん","香寺町","こうでらちょう","2006-03-27","香寺町(28444)、安富町(28522)が姫路市(28201)に編入
宍粟郡(28520)の廃止"
"28445","兵庫県","神崎郡","かんざきぐん","大河内町","おおかわちちょう","2005-11-07","神崎町(28441)、大河内町(28445)が合併し、神河町(28446)を新設"
"28446","兵庫県","神崎郡","かんざきぐん","神河町","かみかわちょう","2005-11-07","神崎町(28441)、大河内町(28445)が合併し、神河町(28446)を新設"
"28461","兵庫県","揖保郡","いぼぐん","新宮町","しんぐうちょう","2005-10-01","龍野市(28211)、新宮町(28461)、揖保川町(28462)、御津町(28463)が合併し、たつの市(28229)を新設"
"28462","兵庫県","揖保郡","いぼぐん","揖保川町","いぼがわちょう","2005-10-01","龍野市(28211)、新宮町(28461)、揖保川町(28462)、御津町(28463)が合併し、たつの市(28229)を新設"
"28463","兵庫県","揖保郡","いぼぐん","御津町","みつちょう","2005-10-01","龍野市(28211)、新宮町(28461)、揖保川町(28462)、御津町(28463)が合併し、たつの市(28229)を新設"
"28501","兵庫県","佐用郡","さようぐん","佐用町","さようちょう","2005-10-01","佐用町(28501)、上月町(28502)、南光町(28503)、三日月町(28504)が合併し、佐用町を新設"
"28502","兵庫県","佐用郡","さようぐん","上月町","こうづきちょう","2005-10-01","佐用町(28501)、上月町(28502)、南光町(28503)、三日月町(28504)が合併し、佐用町を新設"
"28503","兵庫県","佐用郡","さようぐん","南光町","なんこうちょう","2005-10-01","佐用町(28501)、上月町(28502)、南光町(28503)、三日月町(28504)が合併し、佐用町を新設"
"28504","兵庫県","佐用郡","さようぐん","三日月町","みかづきちょう","2005-10-01","佐用町(28501)、上月町(28502)、南光町(28503)、三日月町(28504)が合併し、佐用町を新設"
"28521","兵庫県","宍粟郡","しそうぐん","山崎町","やまさきちょう","2005-04-01","山崎町(28521)、一宮町(28523)、波賀町(28524)、千種町(28525)が合併し、宍粟市(28227)を新設"
"28522","兵庫県","宍粟郡","しそうぐん","安富町","やすとみちょう","2006-03-27","香寺町(28444)、安富町(28522)が姫路市(28201)に編入
宍粟郡(28520)の廃止"
"28523","兵庫県","宍粟郡","しそうぐん","一宮町","いちのみやちょう","2005-04-01","山崎町(28521)、一宮町(28523)、波賀町(28524)、千種町(28525)が合併し、宍粟市(28227)を新設"
"28524","兵庫県","宍粟郡","しそうぐん","波賀町","はがちょう","2005-04-01","山崎町(28521)、一宮町(28523)、波賀町(28524)、千種町(28525)が合併し、宍粟市(28227)を新設"
"28525","兵庫県","宍粟郡","しそうぐん","千種町","ちくさちょう","2005-04-01","山崎町(28521)、一宮町(28523)、波賀町(28524)、千種町(28525)が合併し、宍粟市(28227)を新設"
"28541","兵庫県","城崎郡","きのさきぐん","城崎町","きのさきちょう","2005-04-01","豊岡市(28209)、城崎町(28541)、竹野町(28542)、日高町(28544)、出石町(28561)、但東町(28562)が合併し、豊岡市を新設
出石郡(28560)の廃止"
"28542","兵庫県","城崎郡","きのさきぐん","竹野町","たけのちょう","2005-04-01","豊岡市(28209)、城崎町(28541)、竹野町(28542)、日高町(28544)、出石町(28561)、但東町(28562)が合併し、豊岡市を新設
出石郡(28560)の廃止"
"28543","兵庫県","城崎郡","きのさきぐん","香住町","かすみちょう","2005-04-01","香住町(28543)、村岡町(28581)、美方町(28583)が合併し、香美町(28585)を新設
城崎郡(28540)の廃止"
"28544","兵庫県","城崎郡","きのさきぐん","日高町","ひだかちょう","2005-04-01","豊岡市(28209)、城崎町(28541)、竹野町(28542)、日高町(28544)、出石町(28561)、但東町(28562)が合併し、豊岡市を新設
出石郡(28560)の廃止"
"28561","兵庫県","出石郡","いずしぐん","出石町","いずしちょう","2005-04-01","豊岡市(28209)、城崎町(28541)、竹野町(28542)、日高町(28544)、出石町(28561)、但東町(28562)が合併し、豊岡市を新設
出石郡(28560)の廃止"
"28562","兵庫県","出石郡","いずしぐん","但東町","たんとうちょう","2005-04-01","豊岡市(28209)、城崎町(28541)、竹野町(28542)、日高町(28544)、出石町(28561)、但東町(28562)が合併し、豊岡市を新設
出石郡(28560)の廃止"
"28581","兵庫県","美方郡","みかたぐん","村岡町","むらおかちょう","2005-04-01","香住町(28543)、村岡町(28581)、美方町(28583)が合併し、香美町(28585)を新設
城崎郡(28540)の廃止"
"28582","兵庫県","美方郡","みかたぐん","浜坂町","はまさかちょう","2005-10-01","浜坂町(28582)、温泉町(28584)が合併し、新温泉町(28586)を新設"
"28583","兵庫県","美方郡","みかたぐん","美方町","みかたちょう","2005-04-01","香住町(28543)、村岡町(28581)、美方町(28583)が合併し、香美町(28585)を新設
城崎郡(28540)の廃止"
"28584","兵庫県","美方郡","みかたぐん","温泉町","おんせんちょう","2005-10-01","浜坂町(28582)、温泉町(28584)が合併し、新温泉町(28586)を新設"
"28585","兵庫県","美方郡","みかたぐん","香美町","かみちょう","2005-04-01","香住町(28543)、村岡町(28581)、美方町(28583)が合併し、香美町(28585)を新設
城崎郡(28540)の廃止"
"28586","兵庫県","美方郡","みかたぐん","新温泉町","しんおんせんちょう","2005-10-01","浜坂町(28582)、温泉町(28584)が合併し、新温泉町(28586)を新設"
"28601","兵庫県","養父郡","やぶぐん","八鹿町","ようかちょう","2004-04-01","八鹿町(28601)、養父町(28602)、大屋町(28603)、関宮町(28604)が合併し、養父市(28222)を新設
養父郡(28600)の廃止"
"28602","兵庫県","養父郡","やぶぐん","養父町","やぶちょう","2004-04-01","八鹿町(28601)、養父町(28602)、大屋町(28603)、関宮町(28604)が合併し、養父市(28222)を新設
養父郡(28600)の廃止"
"28603","兵庫県","養父郡","やぶぐん","大屋町","おおやちょう","2004-04-01","八鹿町(28601)、養父町(28602)、大屋町(28603)、関宮町(28604)が合併し、養父市(28222)を新設
養父郡(28600)の廃止"
"28604","兵庫県","養父郡","やぶぐん","関宮町","せきのみやちょう","2004-04-01","八鹿町(28601)、養父町(28602)、大屋町(28603)、関宮町(28604)が合併し、養父市(28222)を新設
養父郡(28600)の廃止"
"28621","兵庫県","朝来郡","あさごぐん","生野町","いくのちょう","2005-04-01","生野町(28621)、和田山町(28622)、山東町(28623)、朝来町(28624)が合併し、朝来市(28225)を新設
朝来郡(28620)の廃止"
"28622","兵庫県","朝来郡","あさごぐん","和田山町","わだやまちょう","2005-04-01","生野町(28621)、和田山町(28622)、山東町(28623)、朝来町(28624)が合併し、朝来市(28225)を新設
朝来郡(28620)の廃止"
"28623","兵庫県","朝来郡","あさごぐん","山東町","さんとうちょう","2005-04-01","生野町(28621)、和田山町(28622)、山東町(28623)、朝来町(28624)が合併し、朝来市(28225)を新設
朝来郡(28620)の廃止"
"28624","兵庫県","朝来郡","あさごぐん","朝来町","あさごちょう","2005-04-01","生野町(28621)、和田山町(28622)、山東町(28623)、朝来町(28624)が合併し、朝来市(28225)を新設
朝来郡(28620)の廃止"
"28641","兵庫県","氷上郡","ひかみぐん","柏原町","かいばらちょう","2004-11-01","柏原町(28641)、氷上町(28642)、青垣町(28643)、春日町(28644)、山南町(28645)、市島町(28646)が合併し、丹波市(28223)を新設
氷上郡(28640)の廃止"
"28642","兵庫県","氷上郡","ひかみぐん","氷上町","ひかみちょう","2004-11-01","柏原町(28641)、氷上町(28642)、青垣町(28643)、春日町(28644)、山南町(28645)、市島町(28646)が合併し、丹波市(28223)を新設
氷上郡(28640)の廃止"
"28643","兵庫県","氷上郡","ひかみぐん","青垣町","あおがきちょう","2004-11-01","柏原町(28641)、氷上町(28642)、青垣町(28643)、春日町(28644)、山南町(28645)、市島町(28646)が合併し、丹波市(28223)を新設
氷上郡(28640)の廃止"
"28644","兵庫県","氷上郡","ひかみぐん","春日町","かすがちょう","2004-11-01","柏原町(28641)、氷上町(28642)、青垣町(28643)、春日町(28644)、山南町(28645)、市島町(28646)が合併し、丹波市(28223)を新設
氷上郡(28640)の廃止"
"28645","兵庫県","氷上郡","ひかみぐん","山南町","さんなんちょう","2004-11-01","柏原町(28641)、氷上町(28642)、青垣町(28643)、春日町(28644)、山南町(28645)、市島町(28646)が合併し、丹波市(28223)を新設
氷上郡(28640)の廃止"
"28646","兵庫県","氷上郡","ひかみぐん","市島町","いちじまちょう","2004-11-01","柏原町(28641)、氷上町(28642)、青垣町(28643)、春日町(28644)、山南町(28645)、市島町(28646)が合併し、丹波市(28223)を新設
氷上郡(28640)の廃止"
"28661","兵庫県","多紀郡","たきぐん","篠山町","ささやまちょう","1975-03-28","篠山町(28661)、城東町(28662)、多紀町(28663)が合併し、篠山町を新設"
"28661","兵庫県","多紀郡","たきぐん","篠山町","ささやまちょう","1999-04-01","篠山町(28661)、西紀町(28664)、丹南町(28665)、今田町(28666)が合併し、篠山市(28221)を新設
多紀郡(28660)の廃止"
"28662","兵庫県","多紀郡","たきぐん","城東町","じょうとうちょう","1975-03-28","篠山町(28661)、城東町(28662)、多紀町(28663)が合併し、篠山町を新設"
"28663","兵庫県","多紀郡","たきぐん","多紀町","たきちょう","1975-03-28","篠山町(28661)、城東町(28662)、多紀町(28663)が合併し、篠山町を新設"
"28664","兵庫県","多紀郡","たきぐん","西紀町","にしきちょう","1999-04-01","篠山町(28661)、西紀町(28664)、丹南町(28665)、今田町(28666)が合併し、篠山市(28221)を新設
多紀郡(28660)の廃止"
"28665","兵庫県","多紀郡","たきぐん","丹南町","たんなんちょう","1999-04-01","篠山町(28661)、西紀町(28664)、丹南町(28665)、今田町(28666)が合併し、篠山市(28221)を新設
多紀郡(28660)の廃止"
"28666","兵庫県","多紀郡","たきぐん","今田町","こんだちょう","1999-04-01","篠山町(28661)、西紀町(28664)、丹南町(28665)、今田町(28666)が合併し、篠山市(28221)を新設
多紀郡(28660)の廃止"
"28681","兵庫県","津名郡","つなぐん","津名町","つなちょう","2005-04-01","津名町(28681)、淡路町(28682)、北淡町(28683)、一宮町(28684)、東浦町(28686)が合併し、淡路市(28226)を新設"
"28682","兵庫県","津名郡","つなぐん","淡路町","あわじちょう","2005-04-01","津名町(28681)、淡路町(28682)、北淡町(28683)、一宮町(28684)、東浦町(28686)が合併し、淡路市(28226)を新設"
"28683","兵庫県","津名郡","つなぐん","北淡町","ほくだんちょう","2005-04-01","津名町(28681)、淡路町(28682)、北淡町(28683)、一宮町(28684)、東浦町(28686)が合併し、淡路市(28226)を新設"
"28684","兵庫県","津名郡","つなぐん","一宮町","いちのみやちょう","2005-04-01","津名町(28681)、淡路町(28682)、北淡町(28683)、一宮町(28684)、東浦町(28686)が合併し、淡路市(28226)を新設"
"28685","兵庫県","津名郡","つなぐん","五色町","ごしきちょう","2006-02-11","洲本市(28205)、五色町(28685)が合併し、洲本市を新設
津名郡(28680)の廃止"
"28686","兵庫県","津名郡","つなぐん","東浦町","ひがしうらちょう","2005-04-01","津名町(28681)、淡路町(28682)、北淡町(28683)、一宮町(28684)、東浦町(28686)が合併し、淡路市(28226)を新設"
"28701","兵庫県","三原郡","みはらぐん","緑町","みどりちょう","2005-01-11","緑町(28701)、西淡町(28702)、三原町(28703)、南淡町(28704)が合併し、南あわじ市(28224)を新設
三原郡(28700)の廃止"
"28702","兵庫県","三原郡","みはらぐん","西淡町","せいだんちょう","2005-01-11","緑町(28701)、西淡町(28702)、三原町(28703)、南淡町(28704)が合併し、南あわじ市(28224)を新設
三原郡(28700)の廃止"
"28703","兵庫県","三原郡","みはらぐん","三原町","みはらちょう","2005-01-11","緑町(28701)、西淡町(28702)、三原町(28703)、南淡町(28704)が合併し、南あわじ市(28224)を新設
三原郡(28700)の廃止"
"28704","兵庫県","三原郡","みはらぐん","南淡町","なんだんちょう","2005-01-11","緑町(28701)、西淡町(28702)、三原町(28703)、南淡町(28704)が合併し、南あわじ市(28224)を新設
三原郡(28700)の廃止"
"29201","奈良県","","","奈良市","ならし","2002-04-01","奈良市(29201)が中核市に移行"
"29201","奈良県","","","奈良市","ならし","2005-04-01","月ケ瀬村(29301)、都祁村(29321)が奈良市(29201)に編入
添上郡(29300)の廃止"
"29207","奈良県","","","五條市","ごじょうし","2005-09-25","西吉野村(29445)、大塔村(29448)が五條市(29207)に編入"
"29209","奈良県","","","生駒市","いこまし","1971-11-01","生駒町(29341)が生駒市(29209)に市制施行"
"29210","奈良県","","","香芝市","かしばし","1991-10-01","香芝町(29423)が香芝市(29210)に市制施行"
"29211","奈良県","","","葛城市","かつらぎし","2004-10-01","新庄町(29421)、當麻町(29422)が合併し、葛城市(29211)を新設"
"29212","奈良県","","","宇陀市","うだし","2006-01-01","大宇陀町(29381)、菟田野町(29382)、榛原町(29383)、室生村(29384)が合併し、宇陀市(29212)を新設"
"29301","奈良県","添上郡","そえかみぐん","月ケ瀬村","つきがせむら","2005-04-01","月ケ瀬村(29301)、都祁村(29321)が奈良市(29201)に編入
添上郡(29300)の廃止"
"29321","奈良県","山辺郡","やまべぐん","都祁村","つげむら","1991-10-24","都祁村(29321)が都祁村(29321)に名称変更"
"29321","奈良県","山辺郡","やまべぐん","都祁村","つげむら","1991-10-24","都祁村(29321)が都祁村(29321)に名称変更"
"29321","奈良県","山辺郡","やまべぐん","都祁村","つげむら","2005-04-01","月ケ瀬村(29301)、都祁村(29321)が奈良市(29201)に編入
添上郡(29300)の廃止"
"29341","奈良県","生駒郡","いこまぐん","生駒町","いこまちょう","1971-11-01","生駒町(29341)が生駒市(29209)に市制施行"
"29342","奈良県","生駒郡","いこまぐん","平群町","へぐりちょう","1971-02-01","平群村(29342)が平群町(29342)に町制施行"
"29342","奈良県","生駒郡","いこまぐん","平群村","へぐりむら","1971-02-01","平群村(29342)が平群町(29342)に町制施行"
"29345","奈良県","生駒郡","いこまぐん","安堵町","あんどちょう","1986-04-01","安堵村(29345)が安堵町(29345)に町制施行"
"29345","奈良県","生駒郡","いこまぐん","安堵村","あんどむら","1986-04-01","安堵村(29345)が安堵町(29345)に町制施行"
"29361","奈良県","磯城郡","しきぐん","川西村","かわにしむら","1975-04-01","川西村(29361)が川西町(29361)に町制施行"
"29361","奈良県","磯城郡","しきぐん","川西町","かわにしちょう","1975-04-01","川西村(29361)が川西町(29361)に町制施行"
"29362","奈良県","磯城郡","しきぐん","三宅町","みやけちょう","1974-04-01","三宅村(29362)が三宅町(29362)に町制施行"
"29362","奈良県","磯城郡","しきぐん","三宅村","みやけむら","1974-04-01","三宅村(29362)が三宅町(29362)に町制施行"
"29381","奈良県","宇陀郡","うだぐん","大宇陀町","おおうだちょう","2006-01-01","大宇陀町(29381)、菟田野町(29382)、榛原町(29383)、室生村(29384)が合併し、宇陀市(29212)を新設"
"29382","奈良県","宇陀郡","うだぐん","菟田野町","うたのちょう","2006-01-01","大宇陀町(29381)、菟田野町(29382)、榛原町(29383)、室生村(29384)が合併し、宇陀市(29212)を新設"
"29383","奈良県","宇陀郡","うだぐん","榛原町","はいばらちょう","2006-01-01","大宇陀町(29381)、菟田野町(29382)、榛原町(29383)、室生村(29384)が合併し、宇陀市(29212)を新設"
"29384","奈良県","宇陀郡","うだぐん","室生村","むろうむら","2006-01-01","大宇陀町(29381)、菟田野町(29382)、榛原町(29383)、室生村(29384)が合併し、宇陀市(29212)を新設"
"29421","奈良県","北葛城郡","きたかつらぎぐん","新庄町","しんじょうちょう","2004-10-01","新庄町(29421)、當麻町(29422)が合併し、葛城市(29211)を新設"
"29422","奈良県","北葛城郡","きたかつらぎぐん","當麻町","たいまちょう","2004-10-01","新庄町(29421)、當麻町(29422)が合併し、葛城市(29211)を新設"
"29423","奈良県","北葛城郡","きたかつらぎぐん","香芝町","かしばちょう","1991-10-01","香芝町(29423)が香芝市(29210)に市制施行"
"29424","奈良県","北葛城郡","きたかつらぎぐん","上牧町","かんまきちょう","1972-12-01","上牧村(29424)が上牧町(29424)に町制施行"
"29424","奈良県","北葛城郡","きたかつらぎぐん","上牧村","かんまきむら","1972-12-01","上牧村(29424)が上牧町(29424)に町制施行"
"29427","奈良県","北葛城郡","きたかつらぎぐん","河合町","かわいちょう","1971-12-01","河合村(29427)が河合町(29427)に町制施行"
"29427","奈良県","北葛城郡","きたかつらぎぐん","河合村","かわいむら","1971-12-01","河合村(29427)が河合町(29427)に町制施行"
"29445","奈良県","吉野郡","よしのぐん","西吉野村","にしよしのむら","2005-09-25","西吉野村(29445)、大塔村(29448)が五條市(29207)に編入"
"29448","奈良県","吉野郡","よしのぐん","大塔村","おおとうむら","2005-09-25","西吉野村(29445)、大塔村(29448)が五條市(29207)に編入"
"30201","和歌山県","","","和歌山市","わかやまし","1997-04-01","和歌山市(30201)が中核市に移行"
"30202","和歌山県","","","海南市","かいなんし","2005-04-01","海南市(30202)、下津町(30301)が合併し、海南市を新設"
"30203","和歌山県","","","橋本市","はしもとし","2006-03-01","橋本市(30203)、高野口町(30342)が合併し、橋本市を新設"
"30206","和歌山県","","","田辺市","たなべし","2005-05-01","田辺市(30206)、龍神村(30387)、中辺路町(30402)、大塔村(30403)、本宮町(30426)が合併し、田辺市を新設"
"30207","和歌山県","","","新宮市","しんぐうし","2005-10-01","新宮市(30207)、熊野川町(30425)が合併し、新宮市を新設"
"30208","和歌山県","","","紀の川市","きのかわし","2005-11-07","打田町(30321)、粉河町(30322)、那賀町(30323)、桃山町(30324)、貴志川町(30325)が合併し、紀の川市(30208)を新設"
"30209","和歌山県","","","岩出市","いわでし","2006-04-01","岩出町(30326)が岩出市(30209)に市制施行
那賀郡(30320)の廃止"
"30301","和歌山県","海草郡","かいそうぐん","下津町","しもつちょう","2005-04-01","海南市(30202)、下津町(30301)が合併し、海南市を新設"
"30302","和歌山県","海草郡","かいそうぐん","野上町","のかみちょう","2006-01-01","野上町(30302)、美里町(30303)が合併し、紀美野町(30304)を新設"
"30303","和歌山県","海草郡","かいそうぐん","美里町","みさとちょう","2006-01-01","野上町(30302)、美里町(30303)が合併し、紀美野町(30304)を新設"
"30304","和歌山県","海草郡","かいそうぐん","紀美野町","きみのちょう","2006-01-01","野上町(30302)、美里町(30303)が合併し、紀美野町(30304)を新設"
"30321","和歌山県","那賀郡","ながぐん","打田町","うちたちょう","2005-11-07","打田町(30321)、粉河町(30322)、那賀町(30323)、桃山町(30324)、貴志川町(30325)が合併し、紀の川市(30208)を新設"
"30322","和歌山県","那賀郡","ながぐん","粉河町","こかわちょう","2005-11-07","打田町(30321)、粉河町(30322)、那賀町(30323)、桃山町(30324)、貴志川町(30325)が合併し、紀の川市(30208)を新設"
"30323","和歌山県","那賀郡","ながぐん","那賀町","ながちょう","2005-11-07","打田町(30321)、粉河町(30322)、那賀町(30323)、桃山町(30324)、貴志川町(30325)が合併し、紀の川市(30208)を新設"
"30324","和歌山県","那賀郡","ながぐん","桃山町","ももやまちょう","2005-11-07","打田町(30321)、粉河町(30322)、那賀町(30323)、桃山町(30324)、貴志川町(30325)が合併し、紀の川市(30208)を新設"
"30325","和歌山県","那賀郡","ながぐん","貴志川町","きしがわちょう","2005-11-07","打田町(30321)、粉河町(30322)、那賀町(30323)、桃山町(30324)、貴志川町(30325)が合併し、紀の川市(30208)を新設"
"30326","和歌山県","那賀郡","ながぐん","岩出町","いわでちょう","2006-04-01","岩出町(30326)が岩出市(30209)に市制施行
那賀郡(30320)の廃止"
"30341","和歌山県","伊都郡","いとぐん","かつらぎ町","かつらぎちょう","2005-10-01","花園村(30345)がかつらぎ町(30341)に編入"
"30342","和歌山県","伊都郡","いとぐん","高野口町","こうやぐちちょう","2006-03-01","橋本市(30203)、高野口町(30342)が合併し、橋本市を新設"
"30345","和歌山県","伊都郡","いとぐん","花園村","はなぞのむら","2005-10-01","花園村(30345)がかつらぎ町(30341)に編入"
"30362","和歌山県","有田郡","ありだぐん","広川町","ひろがわちょう","1996-04-01","広川町（ひろかわちょう、30362)が広川町（ひろがわちょう、30362)に名称変更"
"30362","和歌山県","有田郡","ありだぐん","広川町","ひろかわちょう","1996-04-01","広川町（ひろかわちょう、30362)が広川町（ひろがわちょう、30362)に名称変更"
"30363","和歌山県","有田郡","ありだぐん","吉備町","きびちょう","2006-01-01","吉備町(30363)、金屋町(30364)、清水町(30365)が合併し、有田川町(30366)を新設"
"30364","和歌山県","有田郡","ありだぐん","金屋町","かなやちょう","2006-01-01","吉備町(30363)、金屋町(30364)、清水町(30365)が合併し、有田川町(30366)を新設"
"30365","和歌山県","有田郡","ありだぐん","清水町","しみずちょう","2006-01-01","吉備町(30363)、金屋町(30364)、清水町(30365)が合併し、有田川町(30366)を新設"
"30366","和歌山県","有田郡","ありだぐん","有田川町","ありだがわちょう","2006-01-01","吉備町(30363)、金屋町(30364)、清水町(30365)が合併し、有田川町(30366)を新設"
"30384","和歌山県","日高郡","ひだかぐん","川辺町","かわべちょう","2005-05-01","川辺町(30384)、中津村(30385)、美山村(30386)が合併し、日高川町(30392)を新設"
"30385","和歌山県","日高郡","ひだかぐん","中津村","なかつむら","2005-05-01","川辺町(30384)、中津村(30385)、美山村(30386)が合併し、日高川町(30392)を新設"
"30386","和歌山県","日高郡","ひだかぐん","美山村","みやまむら","2005-05-01","川辺町(30384)、中津村(30385)、美山村(30386)が合併し、日高川町(30392)を新設"
"30387","和歌山県","日高郡","ひだかぐん","龍神村","りゅうじんむら","2005-05-01","田辺市(30206)、龍神村(30387)、中辺路町(30402)、大塔村(30403)、本宮町(30426)が合併し、田辺市を新設"
"30388","和歌山県","日高郡","ひだかぐん","南部川村","みなべがわむら","2004-10-01","南部川村(30388)、南部町(30389)が合併し、みなべ町(30391)を新設"
"30389","和歌山県","日高郡","ひだかぐん","南部町","みなべちょう","2004-10-01","南部川村(30388)、南部町(30389)が合併し、みなべ町(30391)を新設"
"30391","和歌山県","日高郡","ひだかぐん","みなべ町","みなべちょう","2004-10-01","南部川村(30388)、南部町(30389)が合併し、みなべ町(30391)を新設"
"30392","和歌山県","日高郡","ひだかぐん","日高川町","ひだかがわちょう","2005-05-01","川辺町(30384)、中津村(30385)、美山村(30386)が合併し、日高川町(30392)を新設"
"30401","和歌山県","西牟婁郡","にしむろぐん","白浜町","しらはまちょう","2006-03-01","白浜町(30401)、日置川町(30405)が合併し、白浜町を新設"
"30402","和歌山県","西牟婁郡","にしむろぐん","中辺路町","なかへちちょう","2005-05-01","田辺市(30206)、龍神村(30387)、中辺路町(30402)、大塔村(30403)、本宮町(30426)が合併し、田辺市を新設"
"30403","和歌山県","西牟婁郡","にしむろぐん","大塔村","おおとうむら","2005-05-01","田辺市(30206)、龍神村(30387)、中辺路町(30402)、大塔村(30403)、本宮町(30426)が合併し、田辺市を新設"
"30405","和歌山県","西牟婁郡","にしむろぐん","日置川町","ひきがわちょう","2006-03-01","白浜町(30401)、日置川町(30405)が合併し、白浜町を新設"
"30407","和歌山県","西牟婁郡","にしむろぐん","串本町","くしもとちょう","2005-04-01","串本町(30407)、古座町(30423)が合併し、串本町(30428)を新設"
"30423","和歌山県","東牟婁郡","ひがしむろぐん","古座町","こざちょう","2005-04-01","串本町(30407)、古座町(30423)が合併し、串本町(30428)を新設"
"30425","和歌山県","東牟婁郡","ひがしむろぐん","熊野川町","くまのがわちょう","2005-10-01","新宮市(30207)、熊野川町(30425)が合併し、新宮市を新設"
"30426","和歌山県","東牟婁郡","ひがしむろぐん","本宮町","ほんぐうちょう","2005-05-01","田辺市(30206)、龍神村(30387)、中辺路町(30402)、大塔村(30403)、本宮町(30426)が合併し、田辺市を新設"
"30428","和歌山県","東牟婁郡","ひがしむろぐん","串本町","くしもとちょう","2005-04-01","串本町(30407)、古座町(30423)が合併し、串本町(30428)を新設"
"31201","鳥取県","","","鳥取市","とっとりし","2004-11-01","国府町(31301)、福部村(31303)、河原町(31323)、用瀬町(31326)、佐治村(31327)、気高町(31341)、鹿野町(31342)、青谷町(31343)が鳥取市(31201)に編入
気高郡(31340)の廃止"
"31201","鳥取県","","","鳥取市","とっとりし","2005-10-01","鳥取市(31201)が特例市に移行"
"31201","鳥取県","","","鳥取市","とっとりし","2018-04-01","鳥取市(31201)が特例市から中核市に移行"
"31202","鳥取県","","","米子市","よなごし","2005-03-31","米子市(31202)、淀江町(31385)が合併し、米子市を新設"
"31203","鳥取県","","","倉吉市","くらよしし","2005-03-22","関金町(31365)が倉吉市(31203)に編入"
"31301","鳥取県","岩美郡","いわみぐん","国府町","こくふちょう","2004-11-01","国府町(31301)、福部村(31303)、河原町(31323)、用瀬町(31326)、佐治村(31327)、気高町(31341)、鹿野町(31342)、青谷町(31343)が鳥取市(31201)に編入
気高郡(31340)の廃止"
"31303","鳥取県","岩美郡","いわみぐん","福部村","ふくべそん","2004-11-01","国府町(31301)、福部村(31303)、河原町(31323)、用瀬町(31326)、佐治村(31327)、気高町(31341)、鹿野町(31342)、青谷町(31343)が鳥取市(31201)に編入
気高郡(31340)の廃止"
"31321","鳥取県","八頭郡","やずぐん","郡家町","こおげちょう","2005-03-31","郡家町(31321)、船岡町(31322)、八東町(31324)が合併し、八頭町(31329)を新設"
"31322","鳥取県","八頭郡","やずぐん","船岡町","ふなおかちょう","2005-03-31","郡家町(31321)、船岡町(31322)、八東町(31324)が合併し、八頭町(31329)を新設"
"31323","鳥取県","八頭郡","やずぐん","河原町","かわはらちょう","2004-11-01","国府町(31301)、福部村(31303)、河原町(31323)、用瀬町(31326)、佐治村(31327)、気高町(31341)、鹿野町(31342)、青谷町(31343)が鳥取市(31201)に編入
気高郡(31340)の廃止"
"31324","鳥取県","八頭郡","やずぐん","八東町","はっとうちょう","2005-03-31","郡家町(31321)、船岡町(31322)、八東町(31324)が合併し、八頭町(31329)を新設"
"31326","鳥取県","八頭郡","やずぐん","用瀬町","もちがせちょう","2004-11-01","国府町(31301)、福部村(31303)、河原町(31323)、用瀬町(31326)、佐治村(31327)、気高町(31341)、鹿野町(31342)、青谷町(31343)が鳥取市(31201)に編入
気高郡(31340)の廃止"
"31327","鳥取県","八頭郡","やずぐん","佐治村","さじそん","2004-11-01","国府町(31301)、福部村(31303)、河原町(31323)、用瀬町(31326)、佐治村(31327)、気高町(31341)、鹿野町(31342)、青谷町(31343)が鳥取市(31201)に編入
気高郡(31340)の廃止"
"31329","鳥取県","八頭郡","やずぐん","八頭町","やずちょう","2005-03-31","郡家町(31321)、船岡町(31322)、八東町(31324)が合併し、八頭町(31329)を新設"
"31341","鳥取県","気高郡","けたかぐん","気高町","けたかちょう","2004-11-01","国府町(31301)、福部村(31303)、河原町(31323)、用瀬町(31326)、佐治村(31327)、気高町(31341)、鹿野町(31342)、青谷町(31343)が鳥取市(31201)に編入
気高郡(31340)の廃止"
"31342","鳥取県","気高郡","けたかぐん","鹿野町","しかのちょう","2004-11-01","国府町(31301)、福部村(31303)、河原町(31323)、用瀬町(31326)、佐治村(31327)、気高町(31341)、鹿野町(31342)、青谷町(31343)が鳥取市(31201)に編入
気高郡(31340)の廃止"
"31343","鳥取県","気高郡","けたかぐん","青谷町","あおやちょう","2004-11-01","国府町(31301)、福部村(31303)、河原町(31323)、用瀬町(31326)、佐治村(31327)、気高町(31341)、鹿野町(31342)、青谷町(31343)が鳥取市(31201)に編入
気高郡(31340)の廃止"
"31361","鳥取県","東伯郡","とうはくぐん","羽合町","はわいちょう","2004-10-01","羽合町(31361)、泊村(31362)、東郷町(31363)が合併し、湯梨浜町(31370)を新設"
"31362","鳥取県","東伯郡","とうはくぐん","泊村","とまりそん","2004-10-01","羽合町(31361)、泊村(31362)、東郷町(31363)が合併し、湯梨浜町(31370)を新設"
"31363","鳥取県","東伯郡","とうはくぐん","東郷町","とうごうちょう","2004-10-01","羽合町(31361)、泊村(31362)、東郷町(31363)が合併し、湯梨浜町(31370)を新設"
"31365","鳥取県","東伯郡","とうはくぐん","関金町","せきがねちょう","2005-03-22","関金町(31365)が倉吉市(31203)に編入"
"31366","鳥取県","東伯郡","とうはくぐん","北条町","ほうじょうちょう","2005-10-01","北条町(31366)、大栄町(31367)が合併し、北栄町(31372)を新設"
"31367","鳥取県","東伯郡","とうはくぐん","大栄町","だいえいちょう","2005-10-01","北条町(31366)、大栄町(31367)が合併し、北栄町(31372)を新設"
"31368","鳥取県","東伯郡","とうはくぐん","東伯町","とうはくちょう","2004-09-01","東伯町(31368)、赤碕町(31369)が合併し、琴浦町(31371)を新設"
"31369","鳥取県","東伯郡","とうはくぐん","赤碕町","あかさきちょう","2004-09-01","東伯町(31368)、赤碕町(31369)が合併し、琴浦町(31371)を新設"
"31370","鳥取県","東伯郡","とうはくぐん","湯梨浜町","ゆりはまちょう","2004-10-01","羽合町(31361)、泊村(31362)、東郷町(31363)が合併し、湯梨浜町(31370)を新設"
"31371","鳥取県","東伯郡","とうはくぐん","琴浦町","ことうらちょう","2004-09-01","東伯町(31368)、赤碕町(31369)が合併し、琴浦町(31371)を新設"
"31372","鳥取県","東伯郡","とうはくぐん","北栄町","ほくえいちょう","2005-10-01","北条町(31366)、大栄町(31367)が合併し、北栄町(31372)を新設"
"31381","鳥取県","西伯郡","さいはくぐん","西伯町","さいはくちょう","2004-10-01","西伯町(31381)、会見町(31382)が合併し、南部町(31389)を新設"
"31382","鳥取県","西伯郡","さいはくぐん","会見町","あいみちょう","2004-10-01","西伯町(31381)、会見町(31382)が合併し、南部町(31389)を新設"
"31383","鳥取県","西伯郡","さいはくぐん","岸本町","きしもとちょう","2005-01-01","岸本町(31383)、溝口町(31404)が合併し、伯耆町(31390)を新設"
"31385","鳥取県","西伯郡","さいはくぐん","淀江町","よどえちょう","2005-03-31","米子市(31202)、淀江町(31385)が合併し、米子市を新設"
"31386","鳥取県","西伯郡","さいはくぐん","大山町","だいせんちょう","2005-03-28","大山町(31386)、名和町(31387)、中山町(31388)が合併し、大山町を新設"
"31387","鳥取県","西伯郡","さいはくぐん","名和町","なわちょう","2005-03-28","大山町(31386)、名和町(31387)、中山町(31388)が合併し、大山町を新設"
"31388","鳥取県","西伯郡","さいはくぐん","中山町","なかやまちょう","2005-03-28","大山町(31386)、名和町(31387)、中山町(31388)が合併し、大山町を新設"
"31389","鳥取県","西伯郡","さいはくぐん","南部町","なんぶちょう","2004-10-01","西伯町(31381)、会見町(31382)が合併し、南部町(31389)を新設"
"31390","鳥取県","西伯郡","さいはくぐん","伯耆町","ほうきちょう","2005-01-01","岸本町(31383)、溝口町(31404)が合併し、伯耆町(31390)を新設"
"31404","鳥取県","日野郡","ひのぐん","溝口町","みぞくちちょう","1984-05-01","溝口町(みぞぐちちょう、31404)が溝口町(みぞくちちょう、31404)に名称変更"
"31404","鳥取県","日野郡","ひのぐん","溝口町","みぞぐちちょう","1984-05-01","溝口町(みぞぐちちょう、31404)が溝口町(みぞくちちょう、31404)に名称変更"
"31404","鳥取県","日野郡","ひのぐん","溝口町","みぞくちちょう","2005-01-01","岸本町(31383)、溝口町(31404)が合併し、伯耆町(31390)を新設"
"32201","島根県","","","松江市","まつえし","2005-03-31","松江市(32201)、鹿島町(32301)、島根町(32302)、美保関町(32303)、八雲村(32305)、玉湯町(32306)、宍道町(32307)、八束町(32308)が合併し、松江市を新設"
"32201","島根県","","","松江市","まつえし","2011-08-01","東出雲町(32304)が松江市(32201)に編入
八束郡(32300)の廃止"
"32201","島根県","","","松江市","まつえし","2012-04-01","松江市(32201)が特例市に移行"
"32201","島根県","","","松江市","まつえし","2018-04-01","松江市(32201)が特例市から中核市に移行"
"32202","島根県","","","浜田市","はまだし","2005-10-01","浜田市(32202)、金城町(32462)、旭町(32463)、弥栄村(32464)、三隅町(32465)が合併し、浜田市を新設
那賀郡(32460)の廃止"
"32203","島根県","","","出雲市","いずもし","2005-03-22","出雲市(32203)、平田市(32208)、佐田町(32402)、多伎町(32403)、湖陵町(32404)、大社町(32405)が合併し、出雲市を新設"
"32203","島根県","","","出雲市","いずもし","2011-10-01","斐川町(32401)が出雲市(32203)に編入
簸川郡(32400)の廃止"
"32204","島根県","","","益田市","ますだし","2004-11-01","美都町(32481)、匹見町(32482)が益田市(32204)に編入
美濃郡(32480)の廃止"
"32205","島根県","","","大田市","おおだし","2005-10-01","大田市(32205)、温泉津町(32421)、仁摩町(32422)が合併し、大田市を新設
邇摩郡(32420)の廃止"
"32206","島根県","","","安来市","やすぎし","2004-10-01","安来市(32206)、広瀬町(32321)、伯太町(32322)が合併し、安来市を新設
能義郡(32320)の廃止"
"32207","島根県","","","江津市","ごうつし","2004-10-01","桜江町(32447)が江津市(32207)に編入"
"32208","島根県","","","平田市","ひらたし","2005-03-22","出雲市(32203)、平田市(32208)、佐田町(32402)、多伎町(32403)、湖陵町(32404)、大社町(32405)が合併し、出雲市を新設"
"32209","島根県","","","雲南市","うんなんし","2004-11-01","大東町(32361)、加茂町(32362)、木次町(32363)、三刀屋町(32381)、吉田村(32382)、掛合町(32383)が合併し、雲南市(32209)を新設
大原郡(32360)の廃止"
"32301","島根県","八束郡","やつかぐん","鹿島町","かしまちょう","2005-03-31","松江市(32201)、鹿島町(32301)、島根町(32302)、美保関町(32303)、八雲村(32305)、玉湯町(32306)、宍道町(32307)、八束町(32308)が合併し、松江市を新設"
"32302","島根県","八束郡","やつかぐん","島根町","しまねちょう","2005-03-31","松江市(32201)、鹿島町(32301)、島根町(32302)、美保関町(32303)、八雲村(32305)、玉湯町(32306)、宍道町(32307)、八束町(32308)が合併し、松江市を新設"
"32303","島根県","八束郡","やつかぐん","美保関町","みほのせきちょう","2005-03-31","松江市(32201)、鹿島町(32301)、島根町(32302)、美保関町(32303)、八雲村(32305)、玉湯町(32306)、宍道町(32307)、八束町(32308)が合併し、松江市を新設"
"32304","島根県","八束郡","やつかぐん","東出雲町","ひがしいずもちょう","2011-08-01","東出雲町(32304)が松江市(32201)に編入
八束郡(32300)の廃止"
"32305","島根県","八束郡","やつかぐん","八雲村","やくもむら","2005-03-31","松江市(32201)、鹿島町(32301)、島根町(32302)、美保関町(32303)、八雲村(32305)、玉湯町(32306)、宍道町(32307)、八束町(32308)が合併し、松江市を新設"
"32306","島根県","八束郡","やつかぐん","玉湯町","たまゆちょう","2005-03-31","松江市(32201)、鹿島町(32301)、島根町(32302)、美保関町(32303)、八雲村(32305)、玉湯町(32306)、宍道町(32307)、八束町(32308)が合併し、松江市を新設"
"32307","島根県","八束郡","やつかぐん","宍道町","しんじちょう","2005-03-31","松江市(32201)、鹿島町(32301)、島根町(32302)、美保関町(32303)、八雲村(32305)、玉湯町(32306)、宍道町(32307)、八束町(32308)が合併し、松江市を新設"
"32308","島根県","八束郡","やつかぐん","八束町","やつかちょう","2005-03-31","松江市(32201)、鹿島町(32301)、島根町(32302)、美保関町(32303)、八雲村(32305)、玉湯町(32306)、宍道町(32307)、八束町(32308)が合併し、松江市を新設"
"32321","島根県","能義郡","のぎぐん","広瀬町","ひろせまち","2004-10-01","安来市(32206)、広瀬町(32321)、伯太町(32322)が合併し、安来市を新設
能義郡(32320)の廃止"
"32322","島根県","能義郡","のぎぐん","伯太町","はくたちょう","2004-10-01","安来市(32206)、広瀬町(32321)、伯太町(32322)が合併し、安来市を新設
能義郡(32320)の廃止"
"32341","島根県","仁多郡","にたぐん","仁多町","にたちょう","2005-03-31","仁多町(32341)、横田町(32342)が合併し、奥出雲町(32343)を新設"
"32342","島根県","仁多郡","にたぐん","横田町","よこたちょう","2005-03-31","仁多町(32341)、横田町(32342)が合併し、奥出雲町(32343)を新設"
"32343","島根県","仁多郡","にたぐん","奥出雲町","おくいずもちょう","2005-03-31","仁多町(32341)、横田町(32342)が合併し、奥出雲町(32343)を新設"
"32361","島根県","大原郡","おおはらぐん","大東町","だいとうちょう","2004-11-01","大東町(32361)、加茂町(32362)、木次町(32363)、三刀屋町(32381)、吉田村(32382)、掛合町(32383)が合併し、雲南市(32209)を新設
大原郡(32360)の廃止"
"32362","島根県","大原郡","おおはらぐん","加茂町","かもまち","2004-11-01","大東町(32361)、加茂町(32362)、木次町(32363)、三刀屋町(32381)、吉田村(32382)、掛合町(32383)が合併し、雲南市(32209)を新設
大原郡(32360)の廃止"
"32363","島根県","大原郡","おおはらぐん","木次町","きすきちょう","2004-11-01","大東町(32361)、加茂町(32362)、木次町(32363)、三刀屋町(32381)、吉田村(32382)、掛合町(32383)が合併し、雲南市(32209)を新設
大原郡(32360)の廃止"
"32381","島根県","飯石郡","いいしぐん","三刀屋町","みとやちょう","2004-11-01","大東町(32361)、加茂町(32362)、木次町(32363)、三刀屋町(32381)、吉田村(32382)、掛合町(32383)が合併し、雲南市(32209)を新設
大原郡(32360)の廃止"
"32382","島根県","飯石郡","いいしぐん","吉田村","よしだむら","2004-11-01","大東町(32361)、加茂町(32362)、木次町(32363)、三刀屋町(32381)、吉田村(32382)、掛合町(32383)が合併し、雲南市(32209)を新設
大原郡(32360)の廃止"
"32383","島根県","飯石郡","いいしぐん","掛合町","かけやまち","2004-11-01","大東町(32361)、加茂町(32362)、木次町(32363)、三刀屋町(32381)、吉田村(32382)、掛合町(32383)が合併し、雲南市(32209)を新設
大原郡(32360)の廃止"
"32384","島根県","飯石郡","いいしぐん","頓原町","とんばらちょう","2005-01-01","頓原町(32384)、赤来町(32385)が合併し、飯南町(32386)を新設"
"32385","島根県","飯石郡","いいしぐん","赤来町","あかぎちょう","2005-01-01","頓原町(32384)、赤来町(32385)が合併し、飯南町(32386)を新設"
"32386","島根県","飯石郡","いいしぐん","飯南町","いいなんちょう","2005-01-01","頓原町(32384)、赤来町(32385)が合併し、飯南町(32386)を新設"
"32401","島根県","簸川郡","ひかわぐん","斐川町","ひかわちょう","2011-10-01","斐川町(32401)が出雲市(32203)に編入
簸川郡(32400)の廃止"
"32402","島根県","簸川郡","ひかわぐん","佐田町","さだちょう","2005-03-22","出雲市(32203)、平田市(32208)、佐田町(32402)、多伎町(32403)、湖陵町(32404)、大社町(32405)が合併し、出雲市を新設"
"32403","島根県","簸川郡","ひかわぐん","多伎町","たきちょう","2005-03-22","出雲市(32203)、平田市(32208)、佐田町(32402)、多伎町(32403)、湖陵町(32404)、大社町(32405)が合併し、出雲市を新設"
"32404","島根県","簸川郡","ひかわぐん","湖陵町","こりょうちょう","2005-03-22","出雲市(32203)、平田市(32208)、佐田町(32402)、多伎町(32403)、湖陵町(32404)、大社町(32405)が合併し、出雲市を新設"
"32405","島根県","簸川郡","ひかわぐん","大社町","たいしゃまち","2005-03-22","出雲市(32203)、平田市(32208)、佐田町(32402)、多伎町(32403)、湖陵町(32404)、大社町(32405)が合併し、出雲市を新設"
"32421","島根県","邇摩郡","にまぐん","温泉津町","ゆのつまち","2005-10-01","大田市(32205)、温泉津町(32421)、仁摩町(32422)が合併し、大田市を新設
邇摩郡(32420)の廃止"
"32422","島根県","邇摩郡","にまぐん","仁摩町","にまちょう","2005-10-01","大田市(32205)、温泉津町(32421)、仁摩町(32422)が合併し、大田市を新設
邇摩郡(32420)の廃止"
"32442","島根県","邑智郡","おおちぐん","邑智町","おおちちょう","2004-10-01","邑智町(32442)、大和村(32443)が合併し、美郷町(32448)を新設"
"32443","島根県","邑智郡","おおちぐん","大和村","だいわむら","2004-10-01","邑智町(32442)、大和村(32443)が合併し、美郷町(32448)を新設"
"32444","島根県","邑智郡","おおちぐん","羽須美村","はすみむら","2004-10-01","羽須美村(32444)、瑞穂町(32445)、石見町(32446)が合併し、邑南町(32449)を新設"
"32445","島根県","邑智郡","おおちぐん","瑞穂町","みずほちょう","2004-10-01","羽須美村(32444)、瑞穂町(32445)、石見町(32446)が合併し、邑南町(32449)を新設"
"32446","島根県","邑智郡","おおちぐん","石見町","いわみちょう","2004-10-01","羽須美村(32444)、瑞穂町(32445)、石見町(32446)が合併し、邑南町(32449)を新設"
"32447","島根県","邑智郡","おおちぐん","桜江町","さくらえちょう","2004-10-01","桜江町(32447)が江津市(32207)に編入"
"32448","島根県","邑智郡","おおちぐん","美郷町","みさとちょう","2004-10-01","邑智町(32442)、大和村(32443)が合併し、美郷町(32448)を新設"
"32449","島根県","邑智郡","おおちぐん","邑南町","おおなんちょう","2004-10-01","羽須美村(32444)、瑞穂町(32445)、石見町(32446)が合併し、邑南町(32449)を新設"
"32462","島根県","那賀郡","なかぐん","金城町","かなぎちょう","2005-10-01","浜田市(32202)、金城町(32462)、旭町(32463)、弥栄村(32464)、三隅町(32465)が合併し、浜田市を新設
那賀郡(32460)の廃止"
"32463","島根県","那賀郡","なかぐん","旭町","あさひちょう","2005-10-01","浜田市(32202)、金城町(32462)、旭町(32463)、弥栄村(32464)、三隅町(32465)が合併し、浜田市を新設
那賀郡(32460)の廃止"
"32464","島根県","那賀郡","なかぐん","弥栄村","やさかむら","2005-10-01","浜田市(32202)、金城町(32462)、旭町(32463)、弥栄村(32464)、三隅町(32465)が合併し、浜田市を新設
那賀郡(32460)の廃止"
"32465","島根県","那賀郡","なかぐん","三隅町","みすみちょう","2005-10-01","浜田市(32202)、金城町(32462)、旭町(32463)、弥栄村(32464)、三隅町(32465)が合併し、浜田市を新設
那賀郡(32460)の廃止"
"32481","島根県","美濃郡","みのぐん","美都町","みとちょう","2004-11-01","美都町(32481)、匹見町(32482)が益田市(32204)に編入
美濃郡(32480)の廃止"
"32482","島根県","美濃郡","みのぐん","匹見町","ひきみちょう","2004-11-01","美都町(32481)、匹見町(32482)が益田市(32204)に編入
美濃郡(32480)の廃止"
"32501","島根県","鹿足郡","かのあしぐん","津和野町","つわのちょう","2005-09-25","津和野町(32501)、日原町(32502)が合併し、津和野町を新設"
"32502","島根県","鹿足郡","かのあしぐん","日原町","にちはらちょう","2005-09-25","津和野町(32501)、日原町(32502)が合併し、津和野町を新設"
"32503","島根県","鹿足郡","かのあしぐん","柿木村","かきのきむら","2005-10-01","柿木村(32503)、六日市町(32504)が合併し、吉賀町(32505)を新設"
"32504","島根県","鹿足郡","かのあしぐん","六日市町","むいかいちちょう","2005-10-01","柿木村(32503)、六日市町(32504)が合併し、吉賀町(32505)を新設"
"32505","島根県","鹿足郡","かのあしぐん","吉賀町","よしかちょう","2005-10-01","柿木村(32503)、六日市町(32504)が合併し、吉賀町(32505)を新設"
"32521","島根県","隠岐郡","おきぐん","西郷町","さいごうちょう","2004-10-01","西郷町(32521)、布施村(32522)、五箇村(32523)、都万村(32524)が合併し、隠岐の島町(32528)を新設"
"32522","島根県","隠岐郡","おきぐん","布施村","ふせむら","2004-10-01","西郷町(32521)、布施村(32522)、五箇村(32523)、都万村(32524)が合併し、隠岐の島町(32528)を新設"
"32523","島根県","隠岐郡","おきぐん","五箇村","ごかむら","2004-10-01","西郷町(32521)、布施村(32522)、五箇村(32523)、都万村(32524)が合併し、隠岐の島町(32528)を新設"
"32524","島根県","隠岐郡","おきぐん","都万村","つまむら","2004-10-01","西郷町(32521)、布施村(32522)、五箇村(32523)、都万村(32524)が合併し、隠岐の島町(32528)を新設"
"32528","島根県","隠岐郡","おきぐん","隠岐の島町","おきのしまちょう","2004-10-01","西郷町(32521)、布施村(32522)、五箇村(32523)、都万村(32524)が合併し、隠岐の島町(32528)を新設"
"33100","岡山県","岡山市","おかやまし","","","2009-04-01","岡山市(33201)の岡山市(33100)への政令指定都市移行
北区(33101)、中区(33102)、東区(33103)、南区(33104)の新設"
"33101","岡山県","岡山市","おかやまし","北区","きたく","2009-04-01","岡山市(33201)の岡山市(33100)への政令指定都市移行
北区(33101)、中区(33102)、東区(33103)、南区(33104)の新設"
"33102","岡山県","岡山市","おかやまし","中区","なかく","2009-04-01","岡山市(33201)の岡山市(33100)への政令指定都市移行
北区(33101)、中区(33102)、東区(33103)、南区(33104)の新設"
"33103","岡山県","岡山市","おかやまし","東区","ひがしく","2009-04-01","岡山市(33201)の岡山市(33100)への政令指定都市移行
北区(33101)、中区(33102)、東区(33103)、南区(33104)の新設"
"33104","岡山県","岡山市","おかやまし","南区","みなみく","2009-04-01","岡山市(33201)の岡山市(33100)への政令指定都市移行
北区(33101)、中区(33102)、東区(33103)、南区(33104)の新設"
"33201","岡山県","","","岡山市","おかやまし","1971-01-08","一宮町(33302)、津高町(33304)、高松町(33501)が岡山市(33201)に編入"
"33201","岡山県","","","岡山市","おかやまし","1971-03-08","吉備町(33421)、妹尾町(33424)、福田村(33426)が岡山市(33201)に編入"
"33201","岡山県","","","岡山市","おかやまし","1971-05-01","上道町(33381)、興除村(33402)、足守町(33502)が岡山市(33201)に編入
上道郡(33380)の廃止"
"33201","岡山県","","","岡山市","おかやまし","1975-05-01","藤田村(33403)が岡山市(33201)に編入"
"33201","岡山県","","","岡山市","おかやまし","1996-04-01","岡山市(33201)が中核市に移行"
"33201","岡山県","","","岡山市","おかやまし","2005-03-22","御津町(33301)、灘崎町(33401)が岡山市(33201)に編入
児島郡(33400)の廃止"
"33201","岡山県","","","岡山市","おかやまし","2007-01-22","建部町(33303)、瀬戸町(33321)が岡山市(33201)に編入
御津郡(33300)の廃止
赤磐郡(33320)の廃止"
"33201","岡山県","","","岡山市","おかやまし","2009-04-01","岡山市(33201)の岡山市(33100)への政令指定都市移行
北区(33101)、中区(33102)、東区(33103)、南区(33104)の新設"
"33202","岡山県","","","倉敷市","くらしきし","1971-03-08","庄村(33425)が倉敷市(33202)に編入"
"33202","岡山県","","","倉敷市","くらしきし","1972-05-01","茶屋町(33422)が倉敷市(33202)に編入"
"33202","岡山県","","","倉敷市","くらしきし","2002-04-01","倉敷市(33202)が中核市に移行"
"33202","岡山県","","","倉敷市","くらしきし","2005-08-01","船穂町(33441)、真備町(33503)が倉敷市(33202)に編入
吉備郡(33500)の廃止"
"33203","岡山県","","","津山市","つやまし","2005-02-28","加茂町(33601)、阿波村(33605)、勝北町(33624)、久米町(33664)が津山市(33203)に編入"
"33204","岡山県","","","玉野市","たまのし","1974-03-20","東児町(33404)が玉野市(33204)に編入"
"33207","岡山県","","","井原市","いばらし","2005-03-01","美星町(33462)、芳井町(33481)が井原市(33207)に編入
後月郡(33480)の廃止"
"33208","岡山県","","","総社市","そうじゃし","1972-04-22","昭和町(33504)が総社市(33208)に編入"
"33208","岡山県","","","総社市","そうじゃし","2005-03-22","総社市(33208)、山手村(33427)、清音村(33428)が合併し、総社市を新設"
"33209","岡山県","","","高梁市","たかはしし","2004-10-01","高梁市(33209)、有漢町(33521)、成羽町(33541)、川上町(33542)、備中町(33543)が合併し、高梁市を新設
川上郡(33540)の廃止"
"33210","岡山県","","","新見市","にいみし","2005-03-31","新見市(33210)、大佐町(33561)、神郷町(33562)、哲多町(33563)、哲西町(33564)が合併し、新見市を新設
阿哲郡(33560)の廃止"
"33211","岡山県","","","備前市","びぜんし","1971-04-01","備前町(33341)、三石町(33343)が合併し、備前市(33211)を新設"
"33211","岡山県","","","備前市","びぜんし","2005-03-22","備前市(33211)、日生町(33342)、吉永町(33344)が合併し、備前市を新設"
"33212","岡山県","","","瀬戸内市","せとうちし","2004-11-01","牛窓町(33361)、邑久町(33362)、長船町(33363)が合併し、瀬戸内市(33212)を新設
邑久郡(33360)の廃止"
"33213","岡山県","","","赤磐市","あかいわし","2005-03-07","山陽町(33322)、赤坂町(33323)、熊山町(33324)、吉井町(33325)が合併し、赤磐市(33213)を新設"
"33214","岡山県","","","真庭市","まにわし","2005-03-31","北房町(33522)、勝山町(33581)、落合町(33582)、湯原町(33583)、久世町(33584)、美甘村(33585)、川上村(33587)、八束村(33588)、中和村(33589)が合併し、真庭市(33214)を新設
上房郡(33520)の廃止"
"33215","岡山県","","","美作市","みまさかし","2005-03-31","勝田町(33621)、大原町(33641)、東粟倉村(33642)、美作町(33644)、作東町(33645)、英田町(33646)が合併し、美作市(33215)を新設"
"33216","岡山県","","","浅口市","あさくちし","2006-03-21","金光町(33442)、鴨方町(33443)、寄島町(33444)が合併し、浅口市(33216)を新設"
"33301","岡山県","御津郡","みつぐん","御津町","みつちょう","2005-03-22","御津町(33301)、灘崎町(33401)が岡山市(33201)に編入
児島郡(33400)の廃止"
"33302","岡山県","御津郡","みつぐん","一宮町","いちのみやちょう","1971-01-08","一宮町(33302)、津高町(33304)、高松町(33501)が岡山市(33201)に編入"
"33303","岡山県","御津郡","みつぐん","建部町","たけべちょう","2007-01-22","建部町(33303)、瀬戸町(33321)が岡山市(33201)に編入
御津郡(33300)の廃止
赤磐郡(33320)の廃止"
"33304","岡山県","御津郡","みつぐん","津高町","つだかちょう","1971-01-08","一宮町(33302)、津高町(33304)、高松町(33501)が岡山市(33201)に編入"
"33305","岡山県","御津郡","みつぐん","加茂川町","かもがわちょう","2004-10-01","加茂川町(33305)、賀陽町(33523)が合併し、吉備中央町(33681)を新設"
"33321","岡山県","赤磐郡","あかいわぐん","瀬戸町","せとちょう","2007-01-22","建部町(33303)、瀬戸町(33321)が岡山市(33201)に編入
御津郡(33300)の廃止
赤磐郡(33320)の廃止"
"33322","岡山県","赤磐郡","あかいわぐん","山陽町","さんようちょう","2005-03-07","山陽町(33322)、赤坂町(33323)、熊山町(33324)、吉井町(33325)が合併し、赤磐市(33213)を新設"
"33323","岡山県","赤磐郡","あかいわぐん","赤坂町","あかさかちょう","2005-03-07","山陽町(33322)、赤坂町(33323)、熊山町(33324)、吉井町(33325)が合併し、赤磐市(33213)を新設"
"33324","岡山県","赤磐郡","あかいわぐん","熊山町","くまやまちょう","2005-03-07","山陽町(33322)、赤坂町(33323)、熊山町(33324)、吉井町(33325)が合併し、赤磐市(33213)を新設"
"33325","岡山県","赤磐郡","あかいわぐん","吉井町","よしいちょう","2005-03-07","山陽町(33322)、赤坂町(33323)、熊山町(33324)、吉井町(33325)が合併し、赤磐市(33213)を新設"
"33341","岡山県","和気郡","わけぐん","備前町","びぜんちょう","1971-04-01","備前町(33341)、三石町(33343)が合併し、備前市(33211)を新設"
"33342","岡山県","和気郡","わけぐん","日生町","ひなせちょう","2005-03-22","備前市(33211)、日生町(33342)、吉永町(33344)が合併し、備前市を新設"
"33343","岡山県","和気郡","わけぐん","三石町","みついしちょう","1971-04-01","備前町(33341)、三石町(33343)が合併し、備前市(33211)を新設"
"33344","岡山県","和気郡","わけぐん","吉永町","よしながちょう","2005-03-22","備前市(33211)、日生町(33342)、吉永町(33344)が合併し、備前市を新設"
"33345","岡山県","和気郡","わけぐん","佐伯町","さえきちょう","2006-03-01","佐伯町(33345)、和気町(33346)が合併し、和気町を新設"
"33346","岡山県","和気郡","わけぐん","和気町","わけちょう","2006-03-01","佐伯町(33345)、和気町(33346)が合併し、和気町を新設"
"33361","岡山県","邑久郡","おくぐん","牛窓町","うしまどちょう","2004-11-01","牛窓町(33361)、邑久町(33362)、長船町(33363)が合併し、瀬戸内市(33212)を新設
邑久郡(33360)の廃止"
"33362","岡山県","邑久郡","おくぐん","邑久町","おくちょう","2004-11-01","牛窓町(33361)、邑久町(33362)、長船町(33363)が合併し、瀬戸内市(33212)を新設
邑久郡(33360)の廃止"
"33363","岡山県","邑久郡","おくぐん","長船町","おさふねちょう","2004-11-01","牛窓町(33361)、邑久町(33362)、長船町(33363)が合併し、瀬戸内市(33212)を新設
邑久郡(33360)の廃止"
"33381","岡山県","上道郡","じょうとうぐん","上道町","じょうとうちょう","1971-05-01","上道町(33381)、興除村(33402)、足守町(33502)が岡山市(33201)に編入
上道郡(33380)の廃止"
"33401","岡山県","児島郡","こじまぐん","灘崎町","なださきちょう","2005-03-22","御津町(33301)、灘崎町(33401)が岡山市(33201)に編入
児島郡(33400)の廃止"
"33402","岡山県","児島郡","こじまぐん","興除村","こうじょそん","1971-05-01","上道町(33381)、興除村(33402)、足守町(33502)が岡山市(33201)に編入
上道郡(33380)の廃止"
"33403","岡山県","児島郡","こじまぐん","藤田村","ふじたむら","1975-05-01","藤田村(33403)が岡山市(33201)に編入"
"33404","岡山県","児島郡","こじまぐん","東児町","とうじちょう","1974-03-20","東児町(33404)が玉野市(33204)に編入"
"33421","岡山県","都窪郡","つくぼぐん","吉備町","きびちょう","1971-03-08","吉備町(33421)、妹尾町(33424)、福田村(33426)が岡山市(33201)に編入"
"33422","岡山県","都窪郡","つくぼぐん","茶屋町","ちゃやちょう","1972-05-01","茶屋町(33422)が倉敷市(33202)に編入"
"33424","岡山県","都窪郡","つくぼぐん","妹尾町","せのおちょう","1971-03-08","吉備町(33421)、妹尾町(33424)、福田村(33426)が岡山市(33201)に編入"
"33425","岡山県","都窪郡","つくぼぐん","庄村","しょうそん","1971-03-08","庄村(33425)が倉敷市(33202)に編入"
"33426","岡山県","都窪郡","つくぼぐん","福田村","ふくだそん","1971-03-08","吉備町(33421)、妹尾町(33424)、福田村(33426)が岡山市(33201)に編入"
"33427","岡山県","都窪郡","つくぼぐん","山手村","やまてそん","2005-03-22","総社市(33208)、山手村(33427)、清音村(33428)が合併し、総社市を新設"
"33428","岡山県","都窪郡","つくぼぐん","清音村","きよねそん","2005-03-22","総社市(33208)、山手村(33427)、清音村(33428)が合併し、総社市を新設"
"33441","岡山県","浅口郡","あさくちぐん","船穂町","ふなおちょう","2005-08-01","船穂町(33441)、真備町(33503)が倉敷市(33202)に編入
吉備郡(33500)の廃止"
"33442","岡山県","浅口郡","あさくちぐん","金光町","こんこうちょう","2006-03-21","金光町(33442)、鴨方町(33443)、寄島町(33444)が合併し、浅口市(33216)を新設"
"33443","岡山県","浅口郡","あさくちぐん","鴨方町","かもがたちょう","2006-03-21","金光町(33442)、鴨方町(33443)、寄島町(33444)が合併し、浅口市(33216)を新設"
"33444","岡山県","浅口郡","あさくちぐん","寄島町","よりしまちょう","2006-03-21","金光町(33442)、鴨方町(33443)、寄島町(33444)が合併し、浅口市(33216)を新設"
"33462","岡山県","小田郡","おだぐん","美星町","びせいちょう","2005-03-01","美星町(33462)、芳井町(33481)が井原市(33207)に編入
後月郡(33480)の廃止"
"33481","岡山県","後月郡","しつきぐん","芳井町","よしいちょう","2005-03-01","美星町(33462)、芳井町(33481)が井原市(33207)に編入
後月郡(33480)の廃止"
"33501","岡山県","吉備郡","きびぐん","高松町","たかまつちょう","1971-01-08","一宮町(33302)、津高町(33304)、高松町(33501)が岡山市(33201)に編入"
"33502","岡山県","吉備郡","きびぐん","足守町","あしもりちょう","1971-05-01","上道町(33381)、興除村(33402)、足守町(33502)が岡山市(33201)に編入
上道郡(33380)の廃止"
"33503","岡山県","吉備郡","きびぐん","真備町","まびちょう","2005-08-01","船穂町(33441)、真備町(33503)が倉敷市(33202)に編入
吉備郡(33500)の廃止"
"33504","岡山県","吉備郡","きびぐん","昭和町","しょうわちょう","1972-04-22","昭和町(33504)が総社市(33208)に編入"
"33521","岡山県","上房郡","じょうぼうぐん","有漢町","うかんちょう","2004-10-01","高梁市(33209)、有漢町(33521)、成羽町(33541)、川上町(33542)、備中町(33543)が合併し、高梁市を新設
川上郡(33540)の廃止"
"33522","岡山県","上房郡","じょうぼうぐん","北房町","ほくぼうちょう","2005-03-31","北房町(33522)、勝山町(33581)、落合町(33582)、湯原町(33583)、久世町(33584)、美甘村(33585)、川上村(33587)、八束村(33588)、中和村(33589)が合併し、真庭市(33214)を新設
上房郡(33520)の廃止"
"33523","岡山県","上房郡","じょうぼうぐん","賀陽町","かようちょう","2004-10-01","加茂川町(33305)、賀陽町(33523)が合併し、吉備中央町(33681)を新設"
"33541","岡山県","川上郡","かわかみぐん","成羽町","なりわちょう","2004-10-01","高梁市(33209)、有漢町(33521)、成羽町(33541)、川上町(33542)、備中町(33543)が合併し、高梁市を新設
川上郡(33540)の廃止"
"33542","岡山県","川上郡","かわかみぐん","川上町","かわかみちょう","2004-10-01","高梁市(33209)、有漢町(33521)、成羽町(33541)、川上町(33542)、備中町(33543)が合併し、高梁市を新設
川上郡(33540)の廃止"
"33543","岡山県","川上郡","かわかみぐん","備中町","びっちゅうちょう","2004-10-01","高梁市(33209)、有漢町(33521)、成羽町(33541)、川上町(33542)、備中町(33543)が合併し、高梁市を新設
川上郡(33540)の廃止"
"33561","岡山県","阿哲郡","あてつぐん","大佐町","おおさちょう","2005-03-31","新見市(33210)、大佐町(33561)、神郷町(33562)、哲多町(33563)、哲西町(33564)が合併し、新見市を新設
阿哲郡(33560)の廃止"
"33562","岡山県","阿哲郡","あてつぐん","神郷町","しんごうちょう","2005-03-31","新見市(33210)、大佐町(33561)、神郷町(33562)、哲多町(33563)、哲西町(33564)が合併し、新見市を新設
阿哲郡(33560)の廃止"
"33563","岡山県","阿哲郡","あてつぐん","哲多町","てったちょう","2005-03-31","新見市(33210)、大佐町(33561)、神郷町(33562)、哲多町(33563)、哲西町(33564)が合併し、新見市を新設
阿哲郡(33560)の廃止"
"33564","岡山県","阿哲郡","あてつぐん","哲西町","てっせいちょう","2005-03-31","新見市(33210)、大佐町(33561)、神郷町(33562)、哲多町(33563)、哲西町(33564)が合併し、新見市を新設
阿哲郡(33560)の廃止"
"33581","岡山県","真庭郡","まにわぐん","勝山町","かつやまちょう","2005-03-31","北房町(33522)、勝山町(33581)、落合町(33582)、湯原町(33583)、久世町(33584)、美甘村(33585)、川上村(33587)、八束村(33588)、中和村(33589)が合併し、真庭市(33214)を新設
上房郡(33520)の廃止"
"33582","岡山県","真庭郡","まにわぐん","落合町","おちあいちょう","2005-03-31","北房町(33522)、勝山町(33581)、落合町(33582)、湯原町(33583)、久世町(33584)、美甘村(33585)、川上村(33587)、八束村(33588)、中和村(33589)が合併し、真庭市(33214)を新設
上房郡(33520)の廃止"
"33583","岡山県","真庭郡","まにわぐん","湯原町","ゆばらちょう","2005-03-31","北房町(33522)、勝山町(33581)、落合町(33582)、湯原町(33583)、久世町(33584)、美甘村(33585)、川上村(33587)、八束村(33588)、中和村(33589)が合併し、真庭市(33214)を新設
上房郡(33520)の廃止"
"33584","岡山県","真庭郡","まにわぐん","久世町","くせちょう","2005-03-31","北房町(33522)、勝山町(33581)、落合町(33582)、湯原町(33583)、久世町(33584)、美甘村(33585)、川上村(33587)、八束村(33588)、中和村(33589)が合併し、真庭市(33214)を新設
上房郡(33520)の廃止"
"33585","岡山県","真庭郡","まにわぐん","美甘村","みかもそん","2005-03-31","北房町(33522)、勝山町(33581)、落合町(33582)、湯原町(33583)、久世町(33584)、美甘村(33585)、川上村(33587)、八束村(33588)、中和村(33589)が合併し、真庭市(33214)を新設
上房郡(33520)の廃止"
"33587","岡山県","真庭郡","まにわぐん","川上村","かわかみそん","2005-03-31","北房町(33522)、勝山町(33581)、落合町(33582)、湯原町(33583)、久世町(33584)、美甘村(33585)、川上村(33587)、八束村(33588)、中和村(33589)が合併し、真庭市(33214)を新設
上房郡(33520)の廃止"
"33588","岡山県","真庭郡","まにわぐん","八束村","やつかそん","2005-03-31","北房町(33522)、勝山町(33581)、落合町(33582)、湯原町(33583)、久世町(33584)、美甘村(33585)、川上村(33587)、八束村(33588)、中和村(33589)が合併し、真庭市(33214)を新設
上房郡(33520)の廃止"
"33589","岡山県","真庭郡","まにわぐん","中和村","ちゅうかそん","2005-03-31","北房町(33522)、勝山町(33581)、落合町(33582)、湯原町(33583)、久世町(33584)、美甘村(33585)、川上村(33587)、八束村(33588)、中和村(33589)が合併し、真庭市(33214)を新設
上房郡(33520)の廃止"
"33601","岡山県","苫田郡","とまたぐん","加茂町","かもちょう","2005-02-28","加茂町(33601)、阿波村(33605)、勝北町(33624)、久米町(33664)が津山市(33203)に編入"
"33602","岡山県","苫田郡","とまたぐん","富村","とみそん","2005-03-01","富村(33602)、奥津町(33603)、上齋原村(33604)、鏡野町(33606)が合併し、鏡野町を新設"
"33603","岡山県","苫田郡","とまたぐん","奥津町","おくつちょう","2005-03-01","富村(33602)、奥津町(33603)、上齋原村(33604)、鏡野町(33606)が合併し、鏡野町を新設"
"33604","岡山県","苫田郡","とまたぐん","上齋原村","かみさいばらそん","2005-03-01","富村(33602)、奥津町(33603)、上齋原村(33604)、鏡野町(33606)が合併し、鏡野町を新設"
"33605","岡山県","苫田郡","とまたぐん","阿波村","あばそん","2005-02-28","加茂町(33601)、阿波村(33605)、勝北町(33624)、久米町(33664)が津山市(33203)に編入"
"33606","岡山県","苫田郡","とまたぐん","鏡野町","かがみのちょう","2005-03-01","富村(33602)、奥津町(33603)、上齋原村(33604)、鏡野町(33606)が合併し、鏡野町を新設"
"33621","岡山県","勝田郡","かつたぐん","勝田町","かつたちょう","2005-03-31","勝田町(33621)、大原町(33641)、東粟倉村(33642)、美作町(33644)、作東町(33645)、英田町(33646)が合併し、美作市(33215)を新設"
"33624","岡山県","勝田郡","かつたぐん","勝北町","しょうぼくちょう","2005-02-28","加茂町(33601)、阿波村(33605)、勝北町(33624)、久米町(33664)が津山市(33203)に編入"
"33641","岡山県","英田郡","あいだぐん","大原町","おおはらちょう","2005-03-31","勝田町(33621)、大原町(33641)、東粟倉村(33642)、美作町(33644)、作東町(33645)、英田町(33646)が合併し、美作市(33215)を新設"
"33642","岡山県","英田郡","あいだぐん","東粟倉村","ひがしあわくらそん","2005-03-31","勝田町(33621)、大原町(33641)、東粟倉村(33642)、美作町(33644)、作東町(33645)、英田町(33646)が合併し、美作市(33215)を新設"
"33644","岡山県","英田郡","あいだぐん","美作町","みまさかちょう","2005-03-31","勝田町(33621)、大原町(33641)、東粟倉村(33642)、美作町(33644)、作東町(33645)、英田町(33646)が合併し、美作市(33215)を新設"
"33645","岡山県","英田郡","あいだぐん","作東町","さくとうちょう","2005-03-31","勝田町(33621)、大原町(33641)、東粟倉村(33642)、美作町(33644)、作東町(33645)、英田町(33646)が合併し、美作市(33215)を新設"
"33646","岡山県","英田郡","あいだぐん","英田町","あいだちょう","2005-03-31","勝田町(33621)、大原町(33641)、東粟倉村(33642)、美作町(33644)、作東町(33645)、英田町(33646)が合併し、美作市(33215)を新設"
"33661","岡山県","久米郡","くめぐん","中央町","ちゅうおうちょう","2005-03-22","中央町(33661)、旭町(33662)、柵原町(33665)が合併し、美咲町(33666)を新設"
"33662","岡山県","久米郡","くめぐん","旭町","あさひちょう","2005-03-22","中央町(33661)、旭町(33662)、柵原町(33665)が合併し、美咲町(33666)を新設"
"33664","岡山県","久米郡","くめぐん","久米町","くめちょう","2005-02-28","加茂町(33601)、阿波村(33605)、勝北町(33624)、久米町(33664)が津山市(33203)に編入"
"33665","岡山県","久米郡","くめぐん","柵原町","やなはらちょう","2005-03-22","中央町(33661)、旭町(33662)、柵原町(33665)が合併し、美咲町(33666)を新設"
"33666","岡山県","久米郡","くめぐん","美咲町","みさきちょう","2005-03-22","中央町(33661)、旭町(33662)、柵原町(33665)が合併し、美咲町(33666)を新設"
"33681","岡山県","加賀郡","かがぐん","吉備中央町","きびちゅうおうちょう","2004-10-01","加茂川町(33305)、賀陽町(33523)が合併し、吉備中央町(33681)を新設"
"34100","広島県","広島市","ひろしまし","","","1980-04-01","広島市(34201)の広島市(34100)への政令指定都市施行
中区(34101)、東区(34102)、南区(34103)、西区(34104)、安佐南区(34105)、安佐北区(34106)、安芸区(34107)の新設"
"34100","広島県","広島市","ひろしまし","","","1985-03-20","五日市町(34321)が広島市(34100)に編入"
"34101","広島県","広島市","ひろしまし","中区","なかく","1980-04-01","広島市(34201)の広島市(34100)への政令指定都市施行
中区(34101)、東区(34102)、南区(34103)、西区(34104)、安佐南区(34105)、安佐北区(34106)、安芸区(34107)の新設"
"34102","広島県","広島市","ひろしまし","東区","ひがしく","1980-04-01","広島市(34201)の広島市(34100)への政令指定都市施行
中区(34101)、東区(34102)、南区(34103)、西区(34104)、安佐南区(34105)、安佐北区(34106)、安芸区(34107)の新設"
"34103","広島県","広島市","ひろしまし","南区","みなみく","1980-04-01","広島市(34201)の広島市(34100)への政令指定都市施行
中区(34101)、東区(34102)、南区(34103)、西区(34104)、安佐南区(34105)、安佐北区(34106)、安芸区(34107)の新設"
"34104","広島県","広島市","ひろしまし","西区","にしく","1980-04-01","広島市(34201)の広島市(34100)への政令指定都市施行
中区(34101)、東区(34102)、南区(34103)、西区(34104)、安佐南区(34105)、安佐北区(34106)、安芸区(34107)の新設"
"34105","広島県","広島市","ひろしまし","安佐南区","あさみなみく","1980-04-01","広島市(34201)の広島市(34100)への政令指定都市施行
中区(34101)、東区(34102)、南区(34103)、西区(34104)、安佐南区(34105)、安佐北区(34106)、安芸区(34107)の新設"
"34106","広島県","広島市","ひろしまし","安佐北区","あさきたく","1980-04-01","広島市(34201)の広島市(34100)への政令指定都市施行
中区(34101)、東区(34102)、南区(34103)、西区(34104)、安佐南区(34105)、安佐北区(34106)、安芸区(34107)の新設"
"34107","広島県","広島市","ひろしまし","安芸区","あきく","1980-04-01","広島市(34201)の広島市(34100)への政令指定都市施行
中区(34101)、東区(34102)、南区(34103)、西区(34104)、安佐南区(34105)、安佐北区(34106)、安芸区(34107)の新設"
"34108","広島県","広島市","ひろしまし","佐伯区","さえきく","1985-03-20","佐伯区(34108)の新設"
"34108","広島県","広島市","ひろしまし","佐伯区","さえきく","2005-04-25","湯来町(34324)が佐伯区(34108)に編入"
"34201","広島県","","","広島市","ひろしまし","1971-04-01","沼田町(34344)が広島市(34201)に編入"
"34201","広島県","","","広島市","ひろしまし","1971-05-20","安佐町(34345)が広島市(34201)に編入"
"34201","広島県","","","広島市","ひろしまし","1972-04-01","可部町(34346)が広島市(34201)に編入"
"34201","広島県","","","広島市","ひろしまし","1972-08-27","祇園町(34341)が広島市(34201)に編入"
"34201","広島県","","","広島市","ひろしまし","1973-03-20","瀬野川町(34305)、安古市町(34342)、佐東町(34343)、高陽町(34347)が広島市(34201)に編入
安佐郡(34340)の廃止"
"34201","広島県","","","広島市","ひろしまし","1973-10-22","白木町(34387)が広島市(34201)に編入"
"34201","広島県","","","広島市","ひろしまし","1974-11-01","安芸町(34301)、熊野跡村(34306)が広島市(34201)に編入"
"34201","広島県","","","広島市","ひろしまし","1975-03-20","船越町(34303)、矢野町(34308)が広島市(34201)に編入"
"34201","広島県","","","広島市","ひろしまし","1980-04-01","広島市(34201)の広島市(34100)への政令指定都市施行
中区(34101)、東区(34102)、南区(34103)、西区(34104)、安佐南区(34105)、安佐北区(34106)、安芸区(34107)の新設"
"34202","広島県","","","呉市","くれし","2000-11-01","呉市(34202)が特例市に移行"
"34202","広島県","","","呉市","くれし","2003-04-01","下蒲刈町(34313)が呉市(34202)に編入"
"34202","広島県","","","呉市","くれし","2004-04-01","川尻町(34424)が呉市(34202)に編入"
"34202","広島県","","","呉市","くれし","2005-03-20","音戸町(34311)、倉橋町(34312)、蒲刈町(34314)、安浦町(34423)、豊浜町(34425)、豊町(34426)が呉市(34202)に編入"
"34202","広島県","","","呉市","くれし","2016-04-01","呉市(34202)が特例市から中核市に移行"
"34204","広島県","","","三原市","みはらし","2005-03-22","三原市(34204)、大和町(34407)、本郷町(34421)、久井町(34442)が合併し、三原市を新設
賀茂郡(34400)の廃止"
"34205","広島県","","","尾道市","おのみちし","2005-03-28","御調町(34441)、向島町(34444)が尾道市(34205)に編入
御調郡(34440)の廃止"
"34205","広島県","","","尾道市","おのみちし","2006-01-10","因島市(34206)、瀬戸田町(34430)が尾道市(34205)に編入"
"34206","広島県","","","因島市","いんのしまし","2006-01-10","因島市(34206)、瀬戸田町(34430)が尾道市(34205)に編入"
"34207","広島県","","","福山市","ふくやまし","1974-04-01","芦田町(34522)が福山市(34207)に編入"
"34207","広島県","","","福山市","ふくやまし","1975-02-01","加茂町(34502)、駅家町(34523)が福山市(34207)に編入"
"34207","広島県","","","福山市","ふくやまし","1998-04-01","福山市(34207)が中核市に移行"
"34207","広島県","","","福山市","ふくやまし","2003-02-03","内海町(34481)、新市町(34524)が福山市(34207)に編入
芦品郡(34520)の廃止"
"34207","広島県","","","福山市","ふくやまし","2005-02-01","沼隈町(34482)が福山市(34207)に編入
沼隈郡(34480)の廃止"
"34207","広島県","","","福山市","ふくやまし","2006-03-01","神辺町(34501)が福山市(34207)に編入
深安郡(34500)の廃止"
"34208","広島県","","","府中市","ふちゅうし","1975-02-01","協和村(34521)が府中市(34208)に編入"
"34208","広島県","","","府中市","ふちゅうし","2004-04-01","上下町(34561)が府中市(34208)に編入"
"34209","広島県","","","三次市","みよしし","2004-04-01","三次市(34209)、甲奴町(34563)、君田村(34581)、布野村(34582)、作木村(34583)、吉舎町(34584)、三良坂町(34585)、三和町(34586)が合併し、三次市を新設
双三郡(34580)の廃止"
"34210","広島県","","","庄原市","しょうばらし","2005-03-31","庄原市(34210)、総領町(34562)、西城町(34601)、東城町(34602)、口和町(34603)、高野町(34604)、比和町(34605)が合併し、庄原市を新設
甲奴郡(34560)の廃止
比婆郡(34600)の廃止"
"34212","広島県","","","東広島市","ひがしひろしまし","1974-04-20","西条町(34401)、八本松町(34403)、志和町(34404)、高屋町(34409)が合併し、東広島市(34212)を新設"
"34212","広島県","","","東広島市","ひがしひろしまし","2005-02-07","黒瀬町(34402)、福富町(34405)、豊栄町(34406)、河内町(34408)、安芸津町(34422)が東広島市(34212)に編入"
"34213","広島県","","","廿日市市","はつかいちし","1988-04-01","廿日市町(34322)が廿日市市(34213)に市制施行"
"34213","広島県","","","廿日市市","はつかいちし","2003-03-01","佐伯町(34325)、吉和村(34326)が廿日市市(34213)に編入"
"34213","広島県","","","廿日市市","はつかいちし","2005-11-03","大野町(34323)が廿日市市(34213)に編入"
"34213","広島県","","","廿日市市","はつかいちし","2005-11-03","宮島町(34327)が廿日市市(34213)に編入
佐伯郡(34320)の廃止"
"34214","広島県","","","安芸高田市","あきたかたし","2004-03-01","吉田町(34381)、八千代町(34382)、美土里町(34383)、高宮町(34384)、甲田町(34385)、向原町(34386)が合併し、安芸高田市(34214)を新設
高田郡(34380)の廃止"
"34215","広島県","","","江田島市","えたじまし","2004-11-01","江田島町(34310)、能美町(34328)、沖美町(34329)、大柿町(34330)が合併し、江田島市(34215)を新設"
"34301","広島県","安芸郡","あきぐん","安芸町","あきちょう","1974-11-01","安芸町(34301)、熊野跡村(34306)が広島市(34201)に編入"
"34303","広島県","安芸郡","あきぐん","船越町","ふなこしちょう","1975-03-20","船越町(34303)、矢野町(34308)が広島市(34201)に編入"
"34305","広島県","安芸郡","あきぐん","瀬野川町","せのがわちょう","1973-03-20","瀬野川町(34305)、安古市町(34342)、佐東町(34343)、高陽町(34347)が広島市(34201)に編入
安佐郡(34340)の廃止"
"34306","広島県","安芸郡","あきぐん","熊野跡村","くまのあとむら","1974-11-01","安芸町(34301)、熊野跡村(34306)が広島市(34201)に編入"
"34308","広島県","安芸郡","あきぐん","矢野町","やのちょう","1975-03-20","船越町(34303)、矢野町(34308)が広島市(34201)に編入"
"34310","広島県","安芸郡","あきぐん","江田島町","えたじまちょう","2004-11-01","江田島町(34310)、能美町(34328)、沖美町(34329)、大柿町(34330)が合併し、江田島市(34215)を新設"
"34311","広島県","安芸郡","あきぐん","音戸町","おんどちょう","2005-03-20","音戸町(34311)、倉橋町(34312)、蒲刈町(34314)、安浦町(34423)、豊浜町(34425)、豊町(34426)が呉市(34202)に編入"
"34312","広島県","安芸郡","あきぐん","倉橋町","くらはしちょう","2005-03-20","音戸町(34311)、倉橋町(34312)、蒲刈町(34314)、安浦町(34423)、豊浜町(34425)、豊町(34426)が呉市(34202)に編入"
"34313","広島県","安芸郡","あきぐん","下蒲刈町","しもかまがりちょう","2003-04-01","下蒲刈町(34313)が呉市(34202)に編入"
"34314","広島県","安芸郡","あきぐん","蒲刈町","かまがりちょう","2005-03-20","音戸町(34311)、倉橋町(34312)、蒲刈町(34314)、安浦町(34423)、豊浜町(34425)、豊町(34426)が呉市(34202)に編入"
"34321","広島県","佐伯郡","さえきぐん","五日市町","いつかいちちょう","1985-03-20","五日市町(34321)が広島市(34100)に編入"
"34322","広島県","佐伯郡","さえきぐん","廿日市町","はつかいちちょう","1988-04-01","廿日市町(34322)が廿日市市(34213)に市制施行"
"34323","広島県","佐伯郡","さえきぐん","大野町","おおのちょう","2005-11-03","大野町(34323)が廿日市市(34213)に編入"
"34324","広島県","佐伯郡","さえきぐん","湯来町","ゆきちょう","2005-04-25","湯来町(34324)が佐伯区(34108)に編入"
"34325","広島県","佐伯郡","さえきぐん","佐伯町","さえきちょう","1982-04-01","佐伯町(さえきちょう、34325)が佐伯町(さいきちょう、34325)に名称変更"
"34325","広島県","佐伯郡","さえきぐん","佐伯町","さいきちょう","1982-04-01","佐伯町(さえきちょう、34325)が佐伯町(さいきちょう、34325)に名称変更"
"34325","広島県","佐伯郡","さえきぐん","佐伯町","さいきちょう","2003-03-01","佐伯町(34325)、吉和村(34326)が廿日市市(34213)に編入"
"34326","広島県","佐伯郡","さえきぐん","吉和村","よしわむら","2003-03-01","佐伯町(34325)、吉和村(34326)が廿日市市(34213)に編入"
"34327","広島県","佐伯郡","さえきぐん","宮島町","みやじまちょう","2005-11-03","宮島町(34327)が廿日市市(34213)に編入
佐伯郡(34320)の廃止"
"34328","広島県","佐伯郡","さえきぐん","能美町","のうみちょう","2004-11-01","江田島町(34310)、能美町(34328)、沖美町(34329)、大柿町(34330)が合併し、江田島市(34215)を新設"
"34329","広島県","佐伯郡","さえきぐん","沖美町","おきみちょう","2004-11-01","江田島町(34310)、能美町(34328)、沖美町(34329)、大柿町(34330)が合併し、江田島市(34215)を新設"
"34330","広島県","佐伯郡","さえきぐん","大柿町","おおがきちょう","2004-11-01","江田島町(34310)、能美町(34328)、沖美町(34329)、大柿町(34330)が合併し、江田島市(34215)を新設"
"34341","広島県","安佐郡","あさぐん","祇園町","ぎおんちょう","1972-08-27","祇園町(34341)が広島市(34201)に編入"
"34342","広島県","安佐郡","あさぐん","安古市町","やすふるいちちょう","1973-03-20","瀬野川町(34305)、安古市町(34342)、佐東町(34343)、高陽町(34347)が広島市(34201)に編入
安佐郡(34340)の廃止"
"34343","広島県","安佐郡","あさぐん","佐東町","さとうちょう","1973-03-20","瀬野川町(34305)、安古市町(34342)、佐東町(34343)、高陽町(34347)が広島市(34201)に編入
安佐郡(34340)の廃止"
"34344","広島県","安佐郡","あさぐん","沼田町","ぬまたちょう","1971-04-01","沼田町(34344)が広島市(34201)に編入"
"34345","広島県","安佐郡","あさぐん","安佐町","あさちょう","1971-05-20","安佐町(34345)が広島市(34201)に編入"
"34346","広島県","安佐郡","あさぐん","可部町","かべちょう","1972-04-01","可部町(34346)が広島市(34201)に編入"
"34347","広島県","安佐郡","あさぐん","高陽町","こうようちょう","1973-03-20","瀬野川町(34305)、安古市町(34342)、佐東町(34343)、高陽町(34347)が広島市(34201)に編入
安佐郡(34340)の廃止"
"34361","広島県","山県郡","やまがたぐん","加計町","かけちょう","2004-10-01","加計町(34361)、筒賀村(34362)、戸河内町(34363)が合併し、安芸太田町(34368)を新設"
"34362","広島県","山県郡","やまがたぐん","筒賀村","つつがそん","2004-10-01","加計町(34361)、筒賀村(34362)、戸河内町(34363)が合併し、安芸太田町(34368)を新設"
"34363","広島県","山県郡","やまがたぐん","戸河内町","とごうちちょう","2004-10-01","加計町(34361)、筒賀村(34362)、戸河内町(34363)が合併し、安芸太田町(34368)を新設"
"34364","広島県","山県郡","やまがたぐん","芸北町","げいほくちょう","2005-02-01","芸北町(34364)、大朝町(34365)、千代田町(34366)、豊平町(34367)が合併し、北広島町(34369)を新設"
"34365","広島県","山県郡","やまがたぐん","大朝町","おおあさちょう","2005-02-01","芸北町(34364)、大朝町(34365)、千代田町(34366)、豊平町(34367)が合併し、北広島町(34369)を新設"
"34366","広島県","山県郡","やまがたぐん","千代田町","ちよだちょう","2005-02-01","芸北町(34364)、大朝町(34365)、千代田町(34366)、豊平町(34367)が合併し、北広島町(34369)を新設"
"34367","広島県","山県郡","やまがたぐん","豊平町","とよひらちょう","2005-02-01","芸北町(34364)、大朝町(34365)、千代田町(34366)、豊平町(34367)が合併し、北広島町(34369)を新設"
"34368","広島県","山県郡","やまがたぐん","安芸太田町","あきおおたちょう","2004-10-01","加計町(34361)、筒賀村(34362)、戸河内町(34363)が合併し、安芸太田町(34368)を新設"
"34369","広島県","山県郡","やまがたぐん","北広島町","きたひろしまちょう","2005-02-01","芸北町(34364)、大朝町(34365)、千代田町(34366)、豊平町(34367)が合併し、北広島町(34369)を新設"
"34381","広島県","高田郡","たかたぐん","吉田町","よしだちょう","2004-03-01","吉田町(34381)、八千代町(34382)、美土里町(34383)、高宮町(34384)、甲田町(34385)、向原町(34386)が合併し、安芸高田市(34214)を新設
高田郡(34380)の廃止"
"34382","広島県","高田郡","たかたぐん","八千代町","やちよちょう","2004-03-01","吉田町(34381)、八千代町(34382)、美土里町(34383)、高宮町(34384)、甲田町(34385)、向原町(34386)が合併し、安芸高田市(34214)を新設
高田郡(34380)の廃止"
"34383","広島県","高田郡","たかたぐん","美土里町","みどりちょう","2004-03-01","吉田町(34381)、八千代町(34382)、美土里町(34383)、高宮町(34384)、甲田町(34385)、向原町(34386)が合併し、安芸高田市(34214)を新設
高田郡(34380)の廃止"
"34384","広島県","高田郡","たかたぐん","高宮町","たかみやちょう","2004-03-01","吉田町(34381)、八千代町(34382)、美土里町(34383)、高宮町(34384)、甲田町(34385)、向原町(34386)が合併し、安芸高田市(34214)を新設
高田郡(34380)の廃止"
"34385","広島県","高田郡","たかたぐん","甲田町","こうだちょう","2004-03-01","吉田町(34381)、八千代町(34382)、美土里町(34383)、高宮町(34384)、甲田町(34385)、向原町(34386)が合併し、安芸高田市(34214)を新設
高田郡(34380)の廃止"
"34386","広島県","高田郡","たかたぐん","向原町","むかいはらちょう","2004-03-01","吉田町(34381)、八千代町(34382)、美土里町(34383)、高宮町(34384)、甲田町(34385)、向原町(34386)が合併し、安芸高田市(34214)を新設
高田郡(34380)の廃止"
"34387","広島県","高田郡","たかたぐん","白木町","しらきちょう","1973-10-22","白木町(34387)が広島市(34201)に編入"
"34401","広島県","賀茂郡","かもぐん","西条町","さいじょうちょう","1974-04-20","西条町(34401)、八本松町(34403)、志和町(34404)、高屋町(34409)が合併し、東広島市(34212)を新設"
"34402","広島県","賀茂郡","かもぐん","黒瀬町","くろせちょう","2005-02-07","黒瀬町(34402)、福富町(34405)、豊栄町(34406)、河内町(34408)、安芸津町(34422)が東広島市(34212)に編入"
"34403","広島県","賀茂郡","かもぐん","八本松町","はちほんまつちょう","1974-04-20","西条町(34401)、八本松町(34403)、志和町(34404)、高屋町(34409)が合併し、東広島市(34212)を新設"
"34404","広島県","賀茂郡","かもぐん","志和町","しわちょう","1974-04-20","西条町(34401)、八本松町(34403)、志和町(34404)、高屋町(34409)が合併し、東広島市(34212)を新設"
"34405","広島県","賀茂郡","かもぐん","福富町","ふくとみちょう","2005-02-07","黒瀬町(34402)、福富町(34405)、豊栄町(34406)、河内町(34408)、安芸津町(34422)が東広島市(34212)に編入"
"34406","広島県","賀茂郡","かもぐん","豊栄町","とよさかちょう","2005-02-07","黒瀬町(34402)、福富町(34405)、豊栄町(34406)、河内町(34408)、安芸津町(34422)が東広島市(34212)に編入"
"34407","広島県","賀茂郡","かもぐん","大和町","だいわちょう","2005-03-22","三原市(34204)、大和町(34407)、本郷町(34421)、久井町(34442)が合併し、三原市を新設
賀茂郡(34400)の廃止"
"34408","広島県","賀茂郡","かもぐん","河内町","こうちちょう","2005-02-07","黒瀬町(34402)、福富町(34405)、豊栄町(34406)、河内町(34408)、安芸津町(34422)が東広島市(34212)に編入"
"34409","広島県","賀茂郡","かもぐん","高屋町","たかやちょう","1974-04-20","西条町(34401)、八本松町(34403)、志和町(34404)、高屋町(34409)が合併し、東広島市(34212)を新設"
"34421","広島県","豊田郡","とよたぐん","本郷町","ほんごうちょう","2005-03-22","三原市(34204)、大和町(34407)、本郷町(34421)、久井町(34442)が合併し、三原市を新設
賀茂郡(34400)の廃止"
"34422","広島県","豊田郡","とよたぐん","安芸津町","あきつちょう","2005-02-07","黒瀬町(34402)、福富町(34405)、豊栄町(34406)、河内町(34408)、安芸津町(34422)が東広島市(34212)に編入"
"34423","広島県","豊田郡","とよたぐん","安浦町","やすうらちょう","2005-03-20","音戸町(34311)、倉橋町(34312)、蒲刈町(34314)、安浦町(34423)、豊浜町(34425)、豊町(34426)が呉市(34202)に編入"
"34424","広島県","豊田郡","とよたぐん","川尻町","かわじりちょう","2004-04-01","川尻町(34424)が呉市(34202)に編入"
"34425","広島県","豊田郡","とよたぐん","豊浜町","とよはまちょう","2005-03-20","音戸町(34311)、倉橋町(34312)、蒲刈町(34314)、安浦町(34423)、豊浜町(34425)、豊町(34426)が呉市(34202)に編入"
"34426","広島県","豊田郡","とよたぐん","豊町","ゆたかまち","2005-03-20","音戸町(34311)、倉橋町(34312)、蒲刈町(34314)、安浦町(34423)、豊浜町(34425)、豊町(34426)が呉市(34202)に編入"
"34427","広島県","豊田郡","とよたぐん","大崎町","おおさきちょう","2003-04-01","大崎町(34427)、東野町(34428)、木江町(34429)が合併し、大崎上島町(34431)を新設"
"34428","広島県","豊田郡","とよたぐん","東野町","ひがしのちょう","2003-04-01","大崎町(34427)、東野町(34428)、木江町(34429)が合併し、大崎上島町(34431)を新設"
"34429","広島県","豊田郡","とよたぐん","木江町","きのえちょう","2003-04-01","大崎町(34427)、東野町(34428)、木江町(34429)が合併し、大崎上島町(34431)を新設"
"34430","広島県","豊田郡","とよたぐん","瀬戸田町","せとだちょう","2006-01-10","因島市(34206)、瀬戸田町(34430)が尾道市(34205)に編入"
"34431","広島県","豊田郡","とよたぐん","大崎上島町","おおさきかみじまちょう","2003-04-01","大崎町(34427)、東野町(34428)、木江町(34429)が合併し、大崎上島町(34431)を新設"
"34441","広島県","御調郡","みつぎぐん","御調町","みつぎちょう","2005-03-28","御調町(34441)、向島町(34444)が尾道市(34205)に編入
御調郡(34440)の廃止"
"34442","広島県","御調郡","みつぎぐん","久井町","くいちょう","2005-03-22","三原市(34204)、大和町(34407)、本郷町(34421)、久井町(34442)が合併し、三原市を新設
賀茂郡(34400)の廃止"
"34444","広島県","御調郡","みつぎぐん","向島町","むかいしまちょう","2005-03-28","御調町(34441)、向島町(34444)が尾道市(34205)に編入
御調郡(34440)の廃止"
"34461","広島県","世羅郡","せらぐん","甲山町","こうざんちょう","2004-10-01","甲山町(34461)、世羅町(34462)、世羅西町(34463)が合併し、世羅町を新設"
"34462","広島県","世羅郡","せらぐん","世羅町","せらちょう","2004-10-01","甲山町(34461)、世羅町(34462)、世羅西町(34463)が合併し、世羅町を新設"
"34463","広島県","世羅郡","せらぐん","世羅西町","せらにしちょう","2004-10-01","甲山町(34461)、世羅町(34462)、世羅西町(34463)が合併し、世羅町を新設"
"34481","広島県","沼隈郡","ぬまくまぐん","内海町","うつみちょう","2003-02-03","内海町(34481)、新市町(34524)が福山市(34207)に編入
芦品郡(34520)の廃止"
"34482","広島県","沼隈郡","ぬまくまぐん","沼隈町","ぬまくまちょう","2005-02-01","沼隈町(34482)が福山市(34207)に編入
沼隈郡(34480)の廃止"
"34501","広島県","深安郡","ふかやすぐん","神辺町","かんなべちょう","2006-03-01","神辺町(34501)が福山市(34207)に編入
深安郡(34500)の廃止"
"34502","広島県","深安郡","ふかやすぐん","加茂町","かもちょう","1975-02-01","加茂町(34502)、駅家町(34523)が福山市(34207)に編入"
"34521","広島県","芦品郡","あしなぐん","協和村","きょうわそん","1975-02-01","協和村(34521)が府中市(34208)に編入"
"34522","広島県","芦品郡","あしなぐん","芦田町","あしだちょう","1974-04-01","芦田町(34522)が福山市(34207)に編入"
"34523","広島県","芦品郡","あしなぐん","駅家町","えきやちょう","1975-02-01","加茂町(34502)、駅家町(34523)が福山市(34207)に編入"
"34524","広島県","芦品郡","あしなぐん","新市町","しんいちちょう","2003-02-03","内海町(34481)、新市町(34524)が福山市(34207)に編入
芦品郡(34520)の廃止"
"34541","広島県","神石郡","じんせきぐん","油木町","ゆきちょう","2004-11-05","油木町(34541)、神石町(34542)、豊松村(34543)、三和町(34544)が合併し、神石高原町(34545)を新設"
"34542","広島県","神石郡","じんせきぐん","神石町","じんせきちょう","2004-11-05","油木町(34541)、神石町(34542)、豊松村(34543)、三和町(34544)が合併し、神石高原町(34545)を新設"
"34543","広島県","神石郡","じんせきぐん","豊松村","とよまつそん","2004-11-05","油木町(34541)、神石町(34542)、豊松村(34543)、三和町(34544)が合併し、神石高原町(34545)を新設"
"34544","広島県","神石郡","じんせきぐん","三和町","さんわちょう","2004-11-05","油木町(34541)、神石町(34542)、豊松村(34543)、三和町(34544)が合併し、神石高原町(34545)を新設"
"34545","広島県","神石郡","じんせきぐん","神石高原町","じんせきこうげんちょう","2004-11-05","油木町(34541)、神石町(34542)、豊松村(34543)、三和町(34544)が合併し、神石高原町(34545)を新設"
"34561","広島県","甲奴郡","こうぬぐん","上下町","じょうげちょう","2004-04-01","上下町(34561)が府中市(34208)に編入"
"34562","広島県","甲奴郡","こうぬぐん","総領町","そうりょうちょう","2005-03-31","庄原市(34210)、総領町(34562)、西城町(34601)、東城町(34602)、口和町(34603)、高野町(34604)、比和町(34605)が合併し、庄原市を新設
甲奴郡(34560)の廃止
比婆郡(34600)の廃止"
"34563","広島県","甲奴郡","こうぬぐん","甲奴町","こうぬちょう","2004-04-01","三次市(34209)、甲奴町(34563)、君田村(34581)、布野村(34582)、作木村(34583)、吉舎町(34584)、三良坂町(34585)、三和町(34586)が合併し、三次市を新設
双三郡(34580)の廃止"
"34581","広島県","双三郡","ふたみぐん","君田村","きみたそん","2004-04-01","三次市(34209)、甲奴町(34563)、君田村(34581)、布野村(34582)、作木村(34583)、吉舎町(34584)、三良坂町(34585)、三和町(34586)が合併し、三次市を新設
双三郡(34580)の廃止"
"34582","広島県","双三郡","ふたみぐん","布野村","ふのそん","2004-04-01","三次市(34209)、甲奴町(34563)、君田村(34581)、布野村(34582)、作木村(34583)、吉舎町(34584)、三良坂町(34585)、三和町(34586)が合併し、三次市を新設
双三郡(34580)の廃止"
"34583","広島県","双三郡","ふたみぐん","作木村","さくぎそん","2004-04-01","三次市(34209)、甲奴町(34563)、君田村(34581)、布野村(34582)、作木村(34583)、吉舎町(34584)、三良坂町(34585)、三和町(34586)が合併し、三次市を新設
双三郡(34580)の廃止"
"34584","広島県","双三郡","ふたみぐん","吉舎町","きさちょう","2004-04-01","三次市(34209)、甲奴町(34563)、君田村(34581)、布野村(34582)、作木村(34583)、吉舎町(34584)、三良坂町(34585)、三和町(34586)が合併し、三次市を新設
双三郡(34580)の廃止"
"34585","広島県","双三郡","ふたみぐん","三良坂町","みらさかちょう","2004-04-01","三次市(34209)、甲奴町(34563)、君田村(34581)、布野村(34582)、作木村(34583)、吉舎町(34584)、三良坂町(34585)、三和町(34586)が合併し、三次市を新設
双三郡(34580)の廃止"
"34586","広島県","双三郡","ふたみぐん","三和町","みわちょう","2004-04-01","三次市(34209)、甲奴町(34563)、君田村(34581)、布野村(34582)、作木村(34583)、吉舎町(34584)、三良坂町(34585)、三和町(34586)が合併し、三次市を新設
双三郡(34580)の廃止"
"34601","広島県","比婆郡","ひばぐん","西城町","さいじょうちょう","2005-03-31","庄原市(34210)、総領町(34562)、西城町(34601)、東城町(34602)、口和町(34603)、高野町(34604)、比和町(34605)が合併し、庄原市を新設
甲奴郡(34560)の廃止
比婆郡(34600)の廃止"
"34602","広島県","比婆郡","ひばぐん","東城町","とうじょうちょう","2005-03-31","庄原市(34210)、総領町(34562)、西城町(34601)、東城町(34602)、口和町(34603)、高野町(34604)、比和町(34605)が合併し、庄原市を新設
甲奴郡(34560)の廃止
比婆郡(34600)の廃止"
"34603","広島県","比婆郡","ひばぐん","口和町","くちわちょう","2005-03-31","庄原市(34210)、総領町(34562)、西城町(34601)、東城町(34602)、口和町(34603)、高野町(34604)、比和町(34605)が合併し、庄原市を新設
甲奴郡(34560)の廃止
比婆郡(34600)の廃止"
"34604","広島県","比婆郡","ひばぐん","高野町","たかのちょう","2005-03-31","庄原市(34210)、総領町(34562)、西城町(34601)、東城町(34602)、口和町(34603)、高野町(34604)、比和町(34605)が合併し、庄原市を新設
甲奴郡(34560)の廃止
比婆郡(34600)の廃止"
"34605","広島県","比婆郡","ひばぐん","比和町","ひわちょう","2005-03-31","庄原市(34210)、総領町(34562)、西城町(34601)、東城町(34602)、口和町(34603)、高野町(34604)、比和町(34605)が合併し、庄原市を新設
甲奴郡(34560)の廃止
比婆郡(34600)の廃止"
"35201","山口県","","","下関市","しものせきし","2002-04-01","下関市(35201)が特例市に移行"
"35201","山口県","","","下関市","しものせきし","2005-02-13","下関市(35201)、菊川町(35441)、豊田町(35442)、豊浦町(35443)、豊北町(35444)が合併し、下関市を新設
豊浦郡(35440)の廃止"
"35201","山口県","","","下関市","しものせきし","2005-10-01","下関市(35201)が特例市から中核市に移行"
"35202","山口県","","","宇部市","うべし","2004-11-01","楠町(35421)が宇部市(35202)に編入"
"35203","山口県","","","山口市","やまぐちし","2005-10-01","山口市(35203)、徳地町(35381)、秋穂町(35401)、小郡町(35402)、阿知須町(35403)が合併し、山口市を新設
佐波郡(35380)の廃止
吉敷郡(35400)の廃止"
"35203","山口県","","","山口市","やまぐちし","2010-01-16","阿東町(35504)が山口市(35203)に編入"
"35204","山口県","","","萩市","はぎし","2005-03-06","萩市(35204)、川上村(35501)、田万川町(35503)、むつみ村(35505)、須佐町(35506)、旭村(35507)、福栄村(35508)が合併し、萩市を新設"
"35205","山口県","","","徳山市","とくやまし","2003-04-21","徳山市(35205)、新南陽市(35214)、熊毛町(35345)、鹿野町(35361)が合併し、周南市(35215)を新設
都濃郡(35360)の廃止"
"35208","山口県","","","岩国市","いわくにし","2006-03-20","岩国市(35208)、由宇町(35322)、玖珂町(35323)、本郷村(35324)、周東町(35325)、錦町(35326)、美川町(35328)、美和町(35329)が合併し、岩国市を新設"
"35209","山口県","","","小野田市","おのだし","2005-03-22","小野田市(35209)、山陽町(35422)が合併し、山陽小野田市(35216)を新設
厚狭郡(35420)の廃止"
"35210","山口県","","","光市","ひかりし","2004-10-04","光市(35210)、大和町(35342)が合併し、光市を新設"
"35211","山口県","","","長門市","ながとし","2005-03-22","長門市(35211)、三隅町(35481)、日置町(35482)、油谷町(35483)が合併し、長門市を新設
大津郡(35480)の廃止"
"35212","山口県","","","柳井市","やないし","2005-02-21","柳井市(35212)、大畠町(35327)が合併し、柳井市を新設"
"35213","山口県","","","美祢市","みねし","2008-03-21","美祢市(35213)、美東町(35461)、秋芳町(35462)が合併し、美祢市を新設
美祢郡(35460)の廃止"
"35214","山口県","","","新南陽市","しんなんようし","1970-11-01","南陽町(35362)が新南陽町に名称変更し、新南陽市(35214)に市制施行"
"35214","山口県","","","新南陽市","しんなんようし","2003-04-21","徳山市(35205)、新南陽市(35214)、熊毛町(35345)、鹿野町(35361)が合併し、周南市(35215)を新設
都濃郡(35360)の廃止"
"35215","山口県","","","周南市","しゅうなんし","2003-04-21","徳山市(35205)、新南陽市(35214)、熊毛町(35345)、鹿野町(35361)が合併し、周南市(35215)を新設
都濃郡(35360)の廃止"
"35216","山口県","","","山陽小野田市","さんようおのだし","2005-03-22","小野田市(35209)、山陽町(35422)が合併し、山陽小野田市(35216)を新設
厚狭郡(35420)の廃止"
"35301","山口県","大島郡","おおしまぐん","久賀町","くかちょう","2004-10-01","久賀町(35301)、大島町(35302)、東和町(35303)、橘町(35304)が合併し、周防大島町(35305)を新設"
"35302","山口県","大島郡","おおしまぐん","大島町","おおしまちょう","2004-10-01","久賀町(35301)、大島町(35302)、東和町(35303)、橘町(35304)が合併し、周防大島町(35305)を新設"
"35303","山口県","大島郡","おおしまぐん","東和町","とうわちょう","2004-10-01","久賀町(35301)、大島町(35302)、東和町(35303)、橘町(35304)が合併し、周防大島町(35305)を新設"
"35304","山口県","大島郡","おおしまぐん","橘町","たちばなちょう","2004-10-01","久賀町(35301)、大島町(35302)、東和町(35303)、橘町(35304)が合併し、周防大島町(35305)を新設"
"35305","山口県","大島郡","おおしまぐん","周防大島町","すおうおおしまちょう","2004-10-01","久賀町(35301)、大島町(35302)、東和町(35303)、橘町(35304)が合併し、周防大島町(35305)を新設"
"35321","山口県","玖珂郡","くがぐん","和木村","わきそん","1973-04-01","和木村(35321)が和木町(35321)に町制施行"
"35321","山口県","玖珂郡","くがぐん","和木町","わきちょう","1973-04-01","和木村(35321)が和木町(35321)に町制施行"
"35322","山口県","玖珂郡","くがぐん","由宇町","ゆうちょう","2006-03-20","岩国市(35208)、由宇町(35322)、玖珂町(35323)、本郷村(35324)、周東町(35325)、錦町(35326)、美川町(35328)、美和町(35329)が合併し、岩国市を新設"
"35323","山口県","玖珂郡","くがぐん","玖珂町","くがちょう","2006-03-20","岩国市(35208)、由宇町(35322)、玖珂町(35323)、本郷村(35324)、周東町(35325)、錦町(35326)、美川町(35328)、美和町(35329)が合併し、岩国市を新設"
"35324","山口県","玖珂郡","くがぐん","本郷村","ほんごうそん","2006-03-20","岩国市(35208)、由宇町(35322)、玖珂町(35323)、本郷村(35324)、周東町(35325)、錦町(35326)、美川町(35328)、美和町(35329)が合併し、岩国市を新設"
"35325","山口県","玖珂郡","くがぐん","周東町","しゅうとうちょう","2006-03-20","岩国市(35208)、由宇町(35322)、玖珂町(35323)、本郷村(35324)、周東町(35325)、錦町(35326)、美川町(35328)、美和町(35329)が合併し、岩国市を新設"
"35326","山口県","玖珂郡","くがぐん","錦町","にしきちょう","2006-03-20","岩国市(35208)、由宇町(35322)、玖珂町(35323)、本郷村(35324)、周東町(35325)、錦町(35326)、美川町(35328)、美和町(35329)が合併し、岩国市を新設"
"35327","山口県","玖珂郡","くがぐん","大畠町","おおばたけちょう","1971-04-01","大畠村(35327)が大畠町(35327)に町制施行"
"35327","山口県","玖珂郡","くがぐん","大畠村","おおばたけそん","1971-04-01","大畠村(35327)が大畠町(35327)に町制施行"
"35327","山口県","玖珂郡","くがぐん","大畠町","おおばたけちょう","2005-02-21","柳井市(35212)、大畠町(35327)が合併し、柳井市を新設"
"35328","山口県","玖珂郡","くがぐん","美川町","みかわちょう","2006-03-20","岩国市(35208)、由宇町(35322)、玖珂町(35323)、本郷村(35324)、周東町(35325)、錦町(35326)、美川町(35328)、美和町(35329)が合併し、岩国市を新設"
"35329","山口県","玖珂郡","くがぐん","美和町","みわちょう","2006-03-20","岩国市(35208)、由宇町(35322)、玖珂町(35323)、本郷村(35324)、周東町(35325)、錦町(35326)、美川町(35328)、美和町(35329)が合併し、岩国市を新設"
"35342","山口県","熊毛郡","くまげぐん","大和村","やまとそん","1971-01-15","大和村(35342)が大和町(35342)に町制施行"
"35342","山口県","熊毛郡","くまげぐん","大和町","やまとちょう","1971-01-15","大和村(35342)が大和町(35342)に町制施行"
"35342","山口県","熊毛郡","くまげぐん","大和町","やまとちょう","2004-10-04","光市(35210)、大和町(35342)が合併し、光市を新設"
"35345","山口県","熊毛郡","くまげぐん","熊毛町","くまげちょう","2003-04-21","徳山市(35205)、新南陽市(35214)、熊毛町(35345)、鹿野町(35361)が合併し、周南市(35215)を新設
都濃郡(35360)の廃止"
"35361","山口県","都濃郡","つのぐん","鹿野町","かのちょう","2003-04-21","徳山市(35205)、新南陽市(35214)、熊毛町(35345)、鹿野町(35361)が合併し、周南市(35215)を新設
都濃郡(35360)の廃止"
"35362","山口県","都濃郡","つのぐん","南陽町","なんようちょう","1970-11-01","南陽町(35362)が新南陽町に名称変更し、新南陽市(35214)に市制施行"
"35381","山口県","佐波郡","さばぐん","徳地町","とくぢちょう","2005-10-01","山口市(35203)、徳地町(35381)、秋穂町(35401)、小郡町(35402)、阿知須町(35403)が合併し、山口市を新設
佐波郡(35380)の廃止
吉敷郡(35400)の廃止"
"35401","山口県","吉敷郡","よしきぐん","秋穂町","あいおちょう","2005-10-01","山口市(35203)、徳地町(35381)、秋穂町(35401)、小郡町(35402)、阿知須町(35403)が合併し、山口市を新設
佐波郡(35380)の廃止
吉敷郡(35400)の廃止"
"35402","山口県","吉敷郡","よしきぐん","小郡町","おごおりちょう","2005-10-01","山口市(35203)、徳地町(35381)、秋穂町(35401)、小郡町(35402)、阿知須町(35403)が合併し、山口市を新設
佐波郡(35380)の廃止
吉敷郡(35400)の廃止"
"35403","山口県","吉敷郡","よしきぐん","阿知須町","あじすちょう","2005-10-01","山口市(35203)、徳地町(35381)、秋穂町(35401)、小郡町(35402)、阿知須町(35403)が合併し、山口市を新設
佐波郡(35380)の廃止
吉敷郡(35400)の廃止"
"35421","山口県","厚狭郡","あさぐん","楠町","くすのきちょう","2004-11-01","楠町(35421)が宇部市(35202)に編入"
"35422","山口県","厚狭郡","あさぐん","山陽町","さんようちょう","2005-03-22","小野田市(35209)、山陽町(35422)が合併し、山陽小野田市(35216)を新設
厚狭郡(35420)の廃止"
"35441","山口県","豊浦郡","とようらぐん","菊川町","きくがわちょう","2005-02-13","下関市(35201)、菊川町(35441)、豊田町(35442)、豊浦町(35443)、豊北町(35444)が合併し、下関市を新設
豊浦郡(35440)の廃止"
"35442","山口県","豊浦郡","とようらぐん","豊田町","とよたちょう","2005-02-13","下関市(35201)、菊川町(35441)、豊田町(35442)、豊浦町(35443)、豊北町(35444)が合併し、下関市を新設
豊浦郡(35440)の廃止"
"35443","山口県","豊浦郡","とようらぐん","豊浦町","とようらちょう","2005-02-13","下関市(35201)、菊川町(35441)、豊田町(35442)、豊浦町(35443)、豊北町(35444)が合併し、下関市を新設
豊浦郡(35440)の廃止"
"35444","山口県","豊浦郡","とようらぐん","豊北町","ほうほくちょう","2005-02-13","下関市(35201)、菊川町(35441)、豊田町(35442)、豊浦町(35443)、豊北町(35444)が合併し、下関市を新設
豊浦郡(35440)の廃止"
"35461","山口県","美祢郡","みねぐん","美東町","みとうちょう","2008-03-21","美祢市(35213)、美東町(35461)、秋芳町(35462)が合併し、美祢市を新設
美祢郡(35460)の廃止"
"35462","山口県","美祢郡","みねぐん","秋芳町","しゅうほうちょう","2008-03-21","美祢市(35213)、美東町(35461)、秋芳町(35462)が合併し、美祢市を新設
美祢郡(35460)の廃止"
"35481","山口県","大津郡","おおつぐん","三隅町","みすみちょう","2005-03-22","長門市(35211)、三隅町(35481)、日置町(35482)、油谷町(35483)が合併し、長門市を新設
大津郡(35480)の廃止"
"35482","山口県","大津郡","おおつぐん","日置村","へきそん","1978-04-01","日置村(35482)が日置町(35482)に町制施行"
"35482","山口県","大津郡","おおつぐん","日置町","へきちょう","1978-04-01","日置村(35482)が日置町(35482)に町制施行"
"35482","山口県","大津郡","おおつぐん","日置町","へきちょう","2005-03-22","長門市(35211)、三隅町(35481)、日置町(35482)、油谷町(35483)が合併し、長門市を新設
大津郡(35480)の廃止"
"35483","山口県","大津郡","おおつぐん","油谷町","ゆやちょう","2005-03-22","長門市(35211)、三隅町(35481)、日置町(35482)、油谷町(35483)が合併し、長門市を新設
大津郡(35480)の廃止"
"35501","山口県","阿武郡","あぶぐん","川上村","かわかみそん","2005-03-06","萩市(35204)、川上村(35501)、田万川町(35503)、むつみ村(35505)、須佐町(35506)、旭村(35507)、福栄村(35508)が合併し、萩市を新設"
"35503","山口県","阿武郡","あぶぐん","田万川町","たまがわちょう","2005-03-06","萩市(35204)、川上村(35501)、田万川町(35503)、むつみ村(35505)、須佐町(35506)、旭村(35507)、福栄村(35508)が合併し、萩市を新設"
"35504","山口県","阿武郡","あぶぐん","阿東町","あとうちょう","2010-01-16","阿東町(35504)が山口市(35203)に編入"
"35505","山口県","阿武郡","あぶぐん","むつみ村","むつみそん","2005-03-06","萩市(35204)、川上村(35501)、田万川町(35503)、むつみ村(35505)、須佐町(35506)、旭村(35507)、福栄村(35508)が合併し、萩市を新設"
"35506","山口県","阿武郡","あぶぐん","須佐町","すさちょう","2005-03-06","萩市(35204)、川上村(35501)、田万川町(35503)、むつみ村(35505)、須佐町(35506)、旭村(35507)、福栄村(35508)が合併し、萩市を新設"
"35507","山口県","阿武郡","あぶぐん","旭村","あさひそん","2005-03-06","萩市(35204)、川上村(35501)、田万川町(35503)、むつみ村(35505)、須佐町(35506)、旭村(35507)、福栄村(35508)が合併し、萩市を新設"
"35508","山口県","阿武郡","あぶぐん","福栄村","ふくえそん","2005-03-06","萩市(35204)、川上村(35501)、田万川町(35503)、むつみ村(35505)、須佐町(35506)、旭村(35507)、福栄村(35508)が合併し、萩市を新設"
"36204","徳島県","","","阿南市","あなんし","2006-03-20","那賀川町(36361)、羽ノ浦町(36362)が阿南市(36204)に編入"
"36205","徳島県","","","吉野川市","よしのがわし","2004-10-01","鴨島町(36441)、川島町(36442)、山川町(36443)、美郷村(36444)が合併し、吉野川市(36205)を新設
麻植郡(36440)の廃止"
"36206","徳島県","","","阿波市","あわし","2005-04-01","吉野町(36406)、土成町(36407)、市場町(36421)、阿波町(36422)が合併し、阿波市(36206)を新設
阿波郡(36420)の廃止"
"36207","徳島県","","","美馬市","みまし","2005-03-01","脇町(36461)、美馬町(36462)、穴吹町(36466)、木屋平村(36467)が合併し、美馬市(36207)を新設"
"36208","徳島県","","","三好市","みよしし","2006-03-01","三野町(36481)、池田町(36483)、山城町(36484)、井川町(36485)、東祖谷山村(36487)、西祖谷山村(36488)が合併し、三好市(36208)を新設"
"36361","徳島県","那賀郡","なかぐん","那賀川町","なかがわちょう","2006-03-20","那賀川町(36361)、羽ノ浦町(36362)が阿南市(36204)に編入"
"36362","徳島県","那賀郡","なかぐん","羽ノ浦町","はのうらちょう","2006-03-20","那賀川町(36361)、羽ノ浦町(36362)が阿南市(36204)に編入"
"36363","徳島県","那賀郡","なかぐん","鷲敷町","わじきちょう","2005-03-01","鷲敷町(36363)、相生町(36364)、上那賀町(36365)、木沢村(36366)、木頭村(36367)が合併し、那賀町(36368)を新設"
"36364","徳島県","那賀郡","なかぐん","相生町","あいおいちょう","2005-03-01","鷲敷町(36363)、相生町(36364)、上那賀町(36365)、木沢村(36366)、木頭村(36367)が合併し、那賀町(36368)を新設"
"36365","徳島県","那賀郡","なかぐん","上那賀町","かみなかちょう","2005-03-01","鷲敷町(36363)、相生町(36364)、上那賀町(36365)、木沢村(36366)、木頭村(36367)が合併し、那賀町(36368)を新設"
"36366","徳島県","那賀郡","なかぐん","木沢村","きさわそん","2005-03-01","鷲敷町(36363)、相生町(36364)、上那賀町(36365)、木沢村(36366)、木頭村(36367)が合併し、那賀町(36368)を新設"
"36367","徳島県","那賀郡","なかぐん","木頭村","きとうそん","2005-03-01","鷲敷町(36363)、相生町(36364)、上那賀町(36365)、木沢村(36366)、木頭村(36367)が合併し、那賀町(36368)を新設"
"36368","徳島県","那賀郡","なかぐん","那賀町","なかちょう","2005-03-01","鷲敷町(36363)、相生町(36364)、上那賀町(36365)、木沢村(36366)、木頭村(36367)が合併し、那賀町(36368)を新設"
"36381","徳島県","海部郡","かいふぐん","由岐町","ゆきちょう","2006-03-31","由岐町(36381)、日和佐町(36382)が合併し、美波町(36387)を新設"
"36382","徳島県","海部郡","かいふぐん","日和佐町","ひわさちょう","2006-03-31","由岐町(36381)、日和佐町(36382)が合併し、美波町(36387)を新設"
"36384","徳島県","海部郡","かいふぐん","海南町","かいなんちょう","2006-03-31","海南町(36384)、海部町(36385)、宍喰町(36386)が合併し、海陽町(36388)を新設"
"36385","徳島県","海部郡","かいふぐん","海部町","かいふちょう","2006-03-31","海南町(36384)、海部町(36385)、宍喰町(36386)が合併し、海陽町(36388)を新設"
"36386","徳島県","海部郡","かいふぐん","宍喰町","ししくいちょう","2006-03-31","海南町(36384)、海部町(36385)、宍喰町(36386)が合併し、海陽町(36388)を新設"
"36387","徳島県","海部郡","かいふぐん","美波町","みなみちょう","2006-03-31","由岐町(36381)、日和佐町(36382)が合併し、美波町(36387)を新設"
"36388","徳島県","海部郡","かいふぐん","海陽町","かいようちょう","2006-03-31","海南町(36384)、海部町(36385)、宍喰町(36386)が合併し、海陽町(36388)を新設"
"36406","徳島県","板野郡","いたのぐん","吉野町","よしのちょう","2005-04-01","吉野町(36406)、土成町(36407)、市場町(36421)、阿波町(36422)が合併し、阿波市(36206)を新設
阿波郡(36420)の廃止"
"36407","徳島県","板野郡","いたのぐん","土成町","どなりちょう","2005-04-01","吉野町(36406)、土成町(36407)、市場町(36421)、阿波町(36422)が合併し、阿波市(36206)を新設
阿波郡(36420)の廃止"
"36421","徳島県","阿波郡","あわぐん","市場町","いちばちょう","2005-04-01","吉野町(36406)、土成町(36407)、市場町(36421)、阿波町(36422)が合併し、阿波市(36206)を新設
阿波郡(36420)の廃止"
"36422","徳島県","阿波郡","あわぐん","阿波町","あわちょう","2005-04-01","吉野町(36406)、土成町(36407)、市場町(36421)、阿波町(36422)が合併し、阿波市(36206)を新設
阿波郡(36420)の廃止"
"36441","徳島県","麻植郡","おえぐん","鴨島町","かもじまちょう","2004-10-01","鴨島町(36441)、川島町(36442)、山川町(36443)、美郷村(36444)が合併し、吉野川市(36205)を新設
麻植郡(36440)の廃止"
"36442","徳島県","麻植郡","おえぐん","川島町","かわしまちょう","2004-10-01","鴨島町(36441)、川島町(36442)、山川町(36443)、美郷村(36444)が合併し、吉野川市(36205)を新設
麻植郡(36440)の廃止"
"36443","徳島県","麻植郡","おえぐん","山川町","やまかわちょう","2004-10-01","鴨島町(36441)、川島町(36442)、山川町(36443)、美郷村(36444)が合併し、吉野川市(36205)を新設
麻植郡(36440)の廃止"
"36444","徳島県","麻植郡","おえぐん","美郷村","みさとそん","2004-10-01","鴨島町(36441)、川島町(36442)、山川町(36443)、美郷村(36444)が合併し、吉野川市(36205)を新設
麻植郡(36440)の廃止"
"36445","徳島県","麻植郡","おえぐん","木屋平村","こやだいらそん","1973-07-01","麻植郡木屋平村(36445)が美馬郡木屋平村(36467)に郡の区域変更"
"36461","徳島県","美馬郡","みまぐん","脇町","わきまち","2005-03-01","脇町(36461)、美馬町(36462)、穴吹町(36466)、木屋平村(36467)が合併し、美馬市(36207)を新設"
"36462","徳島県","美馬郡","みまぐん","美馬町","みまちょう","2005-03-01","脇町(36461)、美馬町(36462)、穴吹町(36466)、木屋平村(36467)が合併し、美馬市(36207)を新設"
"36463","徳島県","美馬郡","みまぐん","半田町","はんだちょう","2005-03-01","半田町(36463)、貞光町(36464)、一宇村(36465)が合併し、つるぎ町(36468)を新設"
"36464","徳島県","美馬郡","みまぐん","貞光町","さだみつちょう","2005-03-01","半田町(36463)、貞光町(36464)、一宇村(36465)が合併し、つるぎ町(36468)を新設"
"36465","徳島県","美馬郡","みまぐん","一宇村","いちうそん","2005-03-01","半田町(36463)、貞光町(36464)、一宇村(36465)が合併し、つるぎ町(36468)を新設"
"36466","徳島県","美馬郡","みまぐん","穴吹町","あなぶきちょう","2005-03-01","脇町(36461)、美馬町(36462)、穴吹町(36466)、木屋平村(36467)が合併し、美馬市(36207)を新設"
"36467","徳島県","美馬郡","みまぐん","木屋平村","こやだいらそん","1973-07-01","麻植郡木屋平村(36445)が美馬郡木屋平村(36467)に郡の区域変更"
"36467","徳島県","美馬郡","みまぐん","木屋平村","こやだいらそん","2005-03-01","脇町(36461)、美馬町(36462)、穴吹町(36466)、木屋平村(36467)が合併し、美馬市(36207)を新設"
"36468","徳島県","美馬郡","みまぐん","つるぎ町","つるぎちょう","2005-03-01","半田町(36463)、貞光町(36464)、一宇村(36465)が合併し、つるぎ町(36468)を新設"
"36481","徳島県","三好郡","みよしぐん","三野町","みのちょう","2006-03-01","三野町(36481)、池田町(36483)、山城町(36484)、井川町(36485)、東祖谷山村(36487)、西祖谷山村(36488)が合併し、三好市(36208)を新設"
"36482","徳島県","三好郡","みよしぐん","三好町","みよしちょう","2006-03-01","三好町(36482)、三加茂町(36486)が合併し、東みよし町(36489)を新設"
"36483","徳島県","三好郡","みよしぐん","池田町","いけだちょう","2006-03-01","三野町(36481)、池田町(36483)、山城町(36484)、井川町(36485)、東祖谷山村(36487)、西祖谷山村(36488)が合併し、三好市(36208)を新設"
"36484","徳島県","三好郡","みよしぐん","山城町","やましろちょう","2006-03-01","三野町(36481)、池田町(36483)、山城町(36484)、井川町(36485)、東祖谷山村(36487)、西祖谷山村(36488)が合併し、三好市(36208)を新設"
"36485","徳島県","三好郡","みよしぐん","井川町","いかわちょう","2006-03-01","三野町(36481)、池田町(36483)、山城町(36484)、井川町(36485)、東祖谷山村(36487)、西祖谷山村(36488)が合併し、三好市(36208)を新設"
"36486","徳島県","三好郡","みよしぐん","三加茂町","みかもちょう","2006-03-01","三好町(36482)、三加茂町(36486)が合併し、東みよし町(36489)を新設"
"36487","徳島県","三好郡","みよしぐん","東祖谷山村","ひがしいややまそん","2006-03-01","三野町(36481)、池田町(36483)、山城町(36484)、井川町(36485)、東祖谷山村(36487)、西祖谷山村(36488)が合併し、三好市(36208)を新設"
"36488","徳島県","三好郡","みよしぐん","西祖谷山村","にしいややまそん","2006-03-01","三野町(36481)、池田町(36483)、山城町(36484)、井川町(36485)、東祖谷山村(36487)、西祖谷山村(36488)が合併し、三好市(36208)を新設"
"36489","徳島県","三好郡","みよしぐん","東みよし町","ひがしみよしちょう","2006-03-01","三好町(36482)、三加茂町(36486)が合併し、東みよし町(36489)を新設"
"37201","香川県","","","高松市","たかまつし","1999-04-01","高松市(37201)が中核市に移行"
"37201","香川県","","","高松市","たかまつし","2005-09-26","塩江町(37361)が高松市(37201)に編入"
"37201","香川県","","","高松市","たかまつし","2006-01-10","庵治町(37343)が高松市(37201)に編入"
"37201","香川県","","","高松市","たかまつし","2006-01-10","牟礼町(37342)が高松市(37201)に編入"
"37201","香川県","","","高松市","たかまつし","2006-01-10","国分寺町(37383)が高松市(37201)に編入"
"37201","香川県","","","高松市","たかまつし","2006-01-10","香南町(37363)が高松市(37201)に編入"
"37201","香川県","","","高松市","たかまつし","2006-01-10","香川町(37362)が高松市(37201)に編入"
"37202","香川県","","","丸亀市","まるがめし","2005-03-22","丸亀市(37202)、綾歌町(37384)、飯山町(37385)が合併し、丸亀市を新設"
"37205","香川県","","","観音寺市","かんおんじし","2005-10-11","観音寺市(37205)、大野原町(37424)、豊浜町(37428)が合併し、観音寺市を新設"
"37206","香川県","","","さぬき市","さぬきし","2002-04-01","津田町(37304)、大川町(37305)、志度町(37306)、寒川町(37307)、長尾町(37308)が合併し、さぬき市(37206)を新設"
"37207","香川県","","","東かがわ市","ひがしかがわし","2003-04-01","引田町(37301)、白鳥町(37302)、大内町(37303)が合併し、東かがわ市(37207)を新設
大川郡(37300)の廃止"
"37208","香川県","","","三豊市","みとよし","2006-01-01","高瀬町(37421)、山本町(37422)、三野町(37423)、豊中町(37425)、詫間町(37426)、仁尾町(37427)、財田町(37429)が合併し、三豊市(37208)を新設
三豊郡(37420)の廃止"
"37301","香川県","大川郡","おおかわぐん","引田町","ひけたちょう","2003-04-01","引田町(37301)、白鳥町(37302)、大内町(37303)が合併し、東かがわ市(37207)を新設
大川郡(37300)の廃止"
"37302","香川県","大川郡","おおかわぐん","白鳥町","しろとりちょう","2003-04-01","引田町(37301)、白鳥町(37302)、大内町(37303)が合併し、東かがわ市(37207)を新設
大川郡(37300)の廃止"
"37303","香川県","大川郡","おおかわぐん","大内町","おおちちょう","2003-04-01","引田町(37301)、白鳥町(37302)、大内町(37303)が合併し、東かがわ市(37207)を新設
大川郡(37300)の廃止"
"37304","香川県","大川郡","おおかわぐん","津田町","つだちょう","2002-04-01","津田町(37304)、大川町(37305)、志度町(37306)、寒川町(37307)、長尾町(37308)が合併し、さぬき市(37206)を新設"
"37305","香川県","大川郡","おおかわぐん","大川町","おおかわちょう","2002-04-01","津田町(37304)、大川町(37305)、志度町(37306)、寒川町(37307)、長尾町(37308)が合併し、さぬき市(37206)を新設"
"37306","香川県","大川郡","おおかわぐん","志度町","しどちょう","2002-04-01","津田町(37304)、大川町(37305)、志度町(37306)、寒川町(37307)、長尾町(37308)が合併し、さぬき市(37206)を新設"
"37307","香川県","大川郡","おおかわぐん","寒川町","さんがわちょう","2002-04-01","津田町(37304)、大川町(37305)、志度町(37306)、寒川町(37307)、長尾町(37308)が合併し、さぬき市(37206)を新設"
"37308","香川県","大川郡","おおかわぐん","長尾町","ながおちょう","2002-04-01","津田町(37304)、大川町(37305)、志度町(37306)、寒川町(37307)、長尾町(37308)が合併し、さぬき市(37206)を新設"
"37321","香川県","小豆郡","しょうずぐん","内海町","うちのみちょう","2006-03-21","内海町(37321)、池田町(37323)が合併し、小豆島町(37324)を新設"
"37323","香川県","小豆郡","しょうずぐん","池田町","いけだちょう","2006-03-21","内海町(37321)、池田町(37323)が合併し、小豆島町(37324)を新設"
"37324","香川県","小豆郡","しょうずぐん","小豆島町","しょうどしまちょう","2006-03-21","内海町(37321)、池田町(37323)が合併し、小豆島町(37324)を新設"
"37342","香川県","木田郡","きたぐん","牟礼町","むれちょう","2006-01-10","牟礼町(37342)が高松市(37201)に編入"
"37343","香川県","木田郡","きたぐん","庵治町","あじちょう","2006-01-10","庵治町(37343)が高松市(37201)に編入"
"37361","香川県","香川郡","かがわぐん","塩江町","しおのえちょう","2005-09-26","塩江町(37361)が高松市(37201)に編入"
"37362","香川県","香川郡","かがわぐん","香川町","かがわちょう","2006-01-10","香川町(37362)が高松市(37201)に編入"
"37363","香川県","香川郡","かがわぐん","香南町","こうなんちょう","2006-01-10","香南町(37363)が高松市(37201)に編入"
"37381","香川県","綾歌郡","あやうたぐん","綾上町","あやかみちょう","2006-03-21","綾上町(37381)、綾南町(37382)が合併し、綾川町(37387)を新設"
"37382","香川県","綾歌郡","あやうたぐん","綾南町","りょうなんちょう","2006-03-21","綾上町(37381)、綾南町(37382)が合併し、綾川町(37387)を新設"
"37383","香川県","綾歌郡","あやうたぐん","国分寺町","こくぶんじちょう","2006-01-10","国分寺町(37383)が高松市(37201)に編入"
"37384","香川県","綾歌郡","あやうたぐん","綾歌町","あやうたちょう","2005-03-22","丸亀市(37202)、綾歌町(37384)、飯山町(37385)が合併し、丸亀市を新設"
"37385","香川県","綾歌郡","あやうたぐん","飯山町","はんざんちょう","2005-03-22","丸亀市(37202)、綾歌町(37384)、飯山町(37385)が合併し、丸亀市を新設"
"37387","香川県","綾歌郡","あやうたぐん","綾川町","あやがわちょう","2006-03-21","綾上町(37381)、綾南町(37382)が合併し、綾川町(37387)を新設"
"37401","香川県","仲多度郡","なかたどぐん","琴南町","ことなみちょう","2006-03-20","琴南町(37401)、満濃町(37402)、仲南町(37405)が合併し、まんのう町(37406)を新設"
"37402","香川県","仲多度郡","なかたどぐん","満濃町","まんのうちょう","2006-03-20","琴南町(37401)、満濃町(37402)、仲南町(37405)が合併し、まんのう町(37406)を新設"
"37405","香川県","仲多度郡","なかたどぐん","仲南町","ちゅうなんちょう","2006-03-20","琴南町(37401)、満濃町(37402)、仲南町(37405)が合併し、まんのう町(37406)を新設"
"37406","香川県","仲多度郡","なかたどぐん","まんのう町","まんのうちょう","2006-03-20","琴南町(37401)、満濃町(37402)、仲南町(37405)が合併し、まんのう町(37406)を新設"
"37421","香川県","三豊郡","みとよぐん","高瀬町","たかせちょう","2006-01-01","高瀬町(37421)、山本町(37422)、三野町(37423)、豊中町(37425)、詫間町(37426)、仁尾町(37427)、財田町(37429)が合併し、三豊市(37208)を新設
三豊郡(37420)の廃止"
"37422","香川県","三豊郡","みとよぐん","山本町","やまもとちょう","2006-01-01","高瀬町(37421)、山本町(37422)、三野町(37423)、豊中町(37425)、詫間町(37426)、仁尾町(37427)、財田町(37429)が合併し、三豊市(37208)を新設
三豊郡(37420)の廃止"
"37423","香川県","三豊郡","みとよぐん","三野町","みのちょう","2006-01-01","高瀬町(37421)、山本町(37422)、三野町(37423)、豊中町(37425)、詫間町(37426)、仁尾町(37427)、財田町(37429)が合併し、三豊市(37208)を新設
三豊郡(37420)の廃止"
"37424","香川県","三豊郡","みとよぐん","大野原町","おおのはらちょう","2005-10-11","観音寺市(37205)、大野原町(37424)、豊浜町(37428)が合併し、観音寺市を新設"
"37425","香川県","三豊郡","みとよぐん","豊中町","とよなかちょう","2006-01-01","高瀬町(37421)、山本町(37422)、三野町(37423)、豊中町(37425)、詫間町(37426)、仁尾町(37427)、財田町(37429)が合併し、三豊市(37208)を新設
三豊郡(37420)の廃止"
"37426","香川県","三豊郡","みとよぐん","詫間町","たくまちょう","2006-01-01","高瀬町(37421)、山本町(37422)、三野町(37423)、豊中町(37425)、詫間町(37426)、仁尾町(37427)、財田町(37429)が合併し、三豊市(37208)を新設
三豊郡(37420)の廃止"
"37427","香川県","三豊郡","みとよぐん","仁尾町","におちょう","2006-01-01","高瀬町(37421)、山本町(37422)、三野町(37423)、豊中町(37425)、詫間町(37426)、仁尾町(37427)、財田町(37429)が合併し、三豊市(37208)を新設
三豊郡(37420)の廃止"
"37428","香川県","三豊郡","みとよぐん","豊浜町","とよはまちょう","2005-10-11","観音寺市(37205)、大野原町(37424)、豊浜町(37428)が合併し、観音寺市を新設"
"37429","香川県","三豊郡","みとよぐん","財田町","さいたちょう","2006-01-01","高瀬町(37421)、山本町(37422)、三野町(37423)、豊中町(37425)、詫間町(37426)、仁尾町(37427)、財田町(37429)が合併し、三豊市(37208)を新設
三豊郡(37420)の廃止"
"38201","愛媛県","","","松山市","まつやまし","2000-04-01","松山市(38201)が中核市に移行"
"38201","愛媛県","","","松山市","まつやまし","2005-01-01","北条市(38211)、中島町(38363)が松山市(38201)に編入
温泉郡(38360)の廃止"
"38202","愛媛県","","","今治市","いまばりし","2005-01-16","今治市(38202)、朝倉村(38341)、玉川町(38342)、波方町(38343)、大西町(38344)、菊間町(38345)、吉海町(38346)、宮窪町(38347)、伯方町(38348)、上浦町(38353)、大三島町(38354)、関前村(38355)が合併し、今治市を新設"
"38203","愛媛県","","","宇和島市","うわじまし","1974-04-01","宇和海村(38487)が宇和島市(38203)に編入"
"38203","愛媛県","","","宇和島市","うわじまし","2005-08-01","宇和島市(38203)、吉田町(38481)、三間町(38482)、津島町(38486)が合併し、宇和島市を新設"
"38204","愛媛県","","","八幡浜市","やわたはまし","2005-03-28","八幡浜市(38204)、保内町(38441)が合併し、八幡浜市を新設"
"38205","愛媛県","","","新居浜市","にいはまし","2003-04-01","別子山村(38303)が新居浜市(38205)に編入"
"38206","愛媛県","","","西条市","さいじょうし","2004-11-01","西条市(38206)、東予市(38212)、小松町(38321)、丹原町(38323)が合併し、西条市を新設
周桑郡(38320)の廃止"
"38207","愛媛県","","","大洲市","おおずし","2005-01-11","大洲市(38207)、長浜町(38421)、肱川町(38424)、河辺村(38425)が合併し、大洲市を新設"
"38208","愛媛県","","","川之江市","かわのえし","2004-04-01","川之江市(38208)、伊予三島市(38209)、新宮村(38301)、土居町(38302)が合併し、四国中央市(38213)を新設
宇摩郡(38300)の廃止"
"38209","愛媛県","","","伊予三島市","いよみしまし","2004-04-01","川之江市(38208)、伊予三島市(38209)、新宮村(38301)、土居町(38302)が合併し、四国中央市(38213)を新設
宇摩郡(38300)の廃止"
"38210","愛媛県","","","伊予市","いよし","2005-04-01","伊予市(38210)、中山町(38404)、双海町(38405)が合併し、伊予市を新設"
"38211","愛媛県","","","北条市","ほうじょうし","2005-01-01","北条市(38211)、中島町(38363)が松山市(38201)に編入
温泉郡(38360)の廃止"
"38212","愛媛県","","","東予市","とうよし","1972-10-01","東予町(38325)が東予市(38212)に市制施行"
"38212","愛媛県","","","東予市","とうよし","2004-11-01","西条市(38206)、東予市(38212)、小松町(38321)、丹原町(38323)が合併し、西条市を新設
周桑郡(38320)の廃止"
"38213","愛媛県","","","四国中央市","しこくちゅうおうし","2004-04-01","川之江市(38208)、伊予三島市(38209)、新宮村(38301)、土居町(38302)が合併し、四国中央市(38213)を新設
宇摩郡(38300)の廃止"
"38214","愛媛県","","","西予市","せいよし","2004-04-01","三瓶町(38445)、明浜町(38461)、宇和町(38462)、野村町(38463)、城川町(38464)が合併し、西予市(38214)を新設
東宇和郡(38460)の廃止"
"38215","愛媛県","","","東温市","とうおんし","2004-09-21","重信町(38361)、川内町(38362)が合併し、東温市(38215)を新設"
"38301","愛媛県","宇摩郡","うまぐん","新宮村","しんぐうむら","2004-04-01","川之江市(38208)、伊予三島市(38209)、新宮村(38301)、土居町(38302)が合併し、四国中央市(38213)を新設
宇摩郡(38300)の廃止"
"38302","愛媛県","宇摩郡","うまぐん","土居町","どいちょう","2004-04-01","川之江市(38208)、伊予三島市(38209)、新宮村(38301)、土居町(38302)が合併し、四国中央市(38213)を新設
宇摩郡(38300)の廃止"
"38303","愛媛県","宇摩郡","うまぐん","別子山村","べっしやまむら","2003-04-01","別子山村(38303)が新居浜市(38205)に編入"
"38321","愛媛県","周桑郡","しゅうそうぐん","小松町","こまつちょう","2004-11-01","西条市(38206)、東予市(38212)、小松町(38321)、丹原町(38323)が合併し、西条市を新設
周桑郡(38320)の廃止"
"38322","愛媛県","周桑郡","しゅうそうぐん","壬生川町","にゅうがわちょう","1971-01-01","壬生川町(38322)、三芳町(38324)が合併し、東予町(38325)を新設"
"38323","愛媛県","周桑郡","しゅうそうぐん","丹原町","たんばらちょう","2004-11-01","西条市(38206)、東予市(38212)、小松町(38321)、丹原町(38323)が合併し、西条市を新設
周桑郡(38320)の廃止"
"38324","愛媛県","周桑郡","しゅうそうぐん","三芳町","みよしちょう","1971-01-01","壬生川町(38322)、三芳町(38324)が合併し、東予町(38325)を新設"
"38325","愛媛県","周桑郡","しゅうそうぐん","東予町","とうよちょう","1971-01-01","壬生川町(38322)、三芳町(38324)が合併し、東予町(38325)を新設"
"38325","愛媛県","周桑郡","しゅうそうぐん","東予町","とうよちょう","1972-10-01","東予町(38325)が東予市(38212)に市制施行"
"38341","愛媛県","越智郡","おちぐん","朝倉村","あさくらむら","2005-01-16","今治市(38202)、朝倉村(38341)、玉川町(38342)、波方町(38343)、大西町(38344)、菊間町(38345)、吉海町(38346)、宮窪町(38347)、伯方町(38348)、上浦町(38353)、大三島町(38354)、関前村(38355)が合併し、今治市を新設"
"38342","愛媛県","越智郡","おちぐん","玉川町","たまがわちょう","2005-01-16","今治市(38202)、朝倉村(38341)、玉川町(38342)、波方町(38343)、大西町(38344)、菊間町(38345)、吉海町(38346)、宮窪町(38347)、伯方町(38348)、上浦町(38353)、大三島町(38354)、関前村(38355)が合併し、今治市を新設"
"38343","愛媛県","越智郡","おちぐん","波方町","なみかたちょう","2005-01-16","今治市(38202)、朝倉村(38341)、玉川町(38342)、波方町(38343)、大西町(38344)、菊間町(38345)、吉海町(38346)、宮窪町(38347)、伯方町(38348)、上浦町(38353)、大三島町(38354)、関前村(38355)が合併し、今治市を新設"
"38344","愛媛県","越智郡","おちぐん","大西町","おおにしちょう","2005-01-16","今治市(38202)、朝倉村(38341)、玉川町(38342)、波方町(38343)、大西町(38344)、菊間町(38345)、吉海町(38346)、宮窪町(38347)、伯方町(38348)、上浦町(38353)、大三島町(38354)、関前村(38355)が合併し、今治市を新設"
"38345","愛媛県","越智郡","おちぐん","菊間町","きくまちょう","2005-01-16","今治市(38202)、朝倉村(38341)、玉川町(38342)、波方町(38343)、大西町(38344)、菊間町(38345)、吉海町(38346)、宮窪町(38347)、伯方町(38348)、上浦町(38353)、大三島町(38354)、関前村(38355)が合併し、今治市を新設"
"38346","愛媛県","越智郡","おちぐん","吉海町","よしうみちょう","2005-01-16","今治市(38202)、朝倉村(38341)、玉川町(38342)、波方町(38343)、大西町(38344)、菊間町(38345)、吉海町(38346)、宮窪町(38347)、伯方町(38348)、上浦町(38353)、大三島町(38354)、関前村(38355)が合併し、今治市を新設"
"38347","愛媛県","越智郡","おちぐん","宮窪町","みやくぼちょう","2005-01-16","今治市(38202)、朝倉村(38341)、玉川町(38342)、波方町(38343)、大西町(38344)、菊間町(38345)、吉海町(38346)、宮窪町(38347)、伯方町(38348)、上浦町(38353)、大三島町(38354)、関前村(38355)が合併し、今治市を新設"
"38348","愛媛県","越智郡","おちぐん","伯方町","はかたちょう","2005-01-16","今治市(38202)、朝倉村(38341)、玉川町(38342)、波方町(38343)、大西町(38344)、菊間町(38345)、吉海町(38346)、宮窪町(38347)、伯方町(38348)、上浦町(38353)、大三島町(38354)、関前村(38355)が合併し、今治市を新設"
"38349","愛媛県","越智郡","おちぐん","魚島村","うおしまむら","2004-10-01","魚島村(38349)、弓削町(38350)、生名村(38351)、岩城村(38352)が合併し、上島町(38356)を新設"
"38350","愛媛県","越智郡","おちぐん","弓削町","ゆげちょう","2004-10-01","魚島村(38349)、弓削町(38350)、生名村(38351)、岩城村(38352)が合併し、上島町(38356)を新設"
"38351","愛媛県","越智郡","おちぐん","生名村","いきなむら","2004-10-01","魚島村(38349)、弓削町(38350)、生名村(38351)、岩城村(38352)が合併し、上島町(38356)を新設"
"38352","愛媛県","越智郡","おちぐん","岩城村","いわぎむら","2004-10-01","魚島村(38349)、弓削町(38350)、生名村(38351)、岩城村(38352)が合併し、上島町(38356)を新設"
"38353","愛媛県","越智郡","おちぐん","上浦町","かみうらちょう","2005-01-16","今治市(38202)、朝倉村(38341)、玉川町(38342)、波方町(38343)、大西町(38344)、菊間町(38345)、吉海町(38346)、宮窪町(38347)、伯方町(38348)、上浦町(38353)、大三島町(38354)、関前村(38355)が合併し、今治市を新設"
"38354","愛媛県","越智郡","おちぐん","大三島町","おおみしまちょう","2005-01-16","今治市(38202)、朝倉村(38341)、玉川町(38342)、波方町(38343)、大西町(38344)、菊間町(38345)、吉海町(38346)、宮窪町(38347)、伯方町(38348)、上浦町(38353)、大三島町(38354)、関前村(38355)が合併し、今治市を新設"
"38355","愛媛県","越智郡","おちぐん","関前村","せきぜんむら","2005-01-16","今治市(38202)、朝倉村(38341)、玉川町(38342)、波方町(38343)、大西町(38344)、菊間町(38345)、吉海町(38346)、宮窪町(38347)、伯方町(38348)、上浦町(38353)、大三島町(38354)、関前村(38355)が合併し、今治市を新設"
"38356","愛媛県","越智郡","おちぐん","上島町","かみじまちょう","2004-10-01","魚島村(38349)、弓削町(38350)、生名村(38351)、岩城村(38352)が合併し、上島町(38356)を新設"
"38361","愛媛県","温泉郡","おんせんぐん","重信町","しげのぶちょう","2004-09-21","重信町(38361)、川内町(38362)が合併し、東温市(38215)を新設"
"38362","愛媛県","温泉郡","おんせんぐん","川内町","かわうちちょう","2004-09-21","重信町(38361)、川内町(38362)が合併し、東温市(38215)を新設"
"38363","愛媛県","温泉郡","おんせんぐん","中島町","なかじまちょう","2005-01-01","北条市(38211)、中島町(38363)が松山市(38201)に編入
温泉郡(38360)の廃止"
"38381","愛媛県","上浮穴郡","かみうけなぐん","久万町","くまちょう","2004-08-01","久万町(38381)、面河村(38382)、美川村(38383)、柳谷村(38384)が合併し、久万高原町(38386)を新設"
"38382","愛媛県","上浮穴郡","かみうけなぐん","面河村","おもごむら","2004-08-01","久万町(38381)、面河村(38382)、美川村(38383)、柳谷村(38384)が合併し、久万高原町(38386)を新設"
"38383","愛媛県","上浮穴郡","かみうけなぐん","美川村","みかわむら","2004-08-01","久万町(38381)、面河村(38382)、美川村(38383)、柳谷村(38384)が合併し、久万高原町(38386)を新設"
"38384","愛媛県","上浮穴郡","かみうけなぐん","柳谷村","やなだにむら","2004-08-01","久万町(38381)、面河村(38382)、美川村(38383)、柳谷村(38384)が合併し、久万高原町(38386)を新設"
"38385","愛媛県","上浮穴郡","かみうけなぐん","小田町","おだちょう","2005-01-01","小田町(38385)、内子町(38422)、五十崎町(38423)が合併し、内子町を新設"
"38386","愛媛県","上浮穴郡","かみうけなぐん","久万高原町","くまこうげんちょう","2004-08-01","久万町(38381)、面河村(38382)、美川村(38383)、柳谷村(38384)が合併し、久万高原町(38386)を新設"
"38402","愛媛県","伊予郡","いよぐん","砥部町","とべちょう","2005-01-01","砥部町(38402)、広田村(38403)が合併し、砥部町を新設"
"38403","愛媛県","伊予郡","いよぐん","広田村","ひろたむら","2005-01-01","砥部町(38402)、広田村(38403)が合併し、砥部町を新設"
"38404","愛媛県","伊予郡","いよぐん","中山町","なかやまちょう","2005-04-01","伊予市(38210)、中山町(38404)、双海町(38405)が合併し、伊予市を新設"
"38405","愛媛県","伊予郡","いよぐん","双海町","ふたみちょう","2005-04-01","伊予市(38210)、中山町(38404)、双海町(38405)が合併し、伊予市を新設"
"38421","愛媛県","喜多郡","きたぐん","長浜町","ながはまちょう","2005-01-11","大洲市(38207)、長浜町(38421)、肱川町(38424)、河辺村(38425)が合併し、大洲市を新設"
"38422","愛媛県","喜多郡","きたぐん","内子町","うちこちょう","2005-01-01","小田町(38385)、内子町(38422)、五十崎町(38423)が合併し、内子町を新設"
"38423","愛媛県","喜多郡","きたぐん","五十崎町","いかざきちょう","2005-01-01","小田町(38385)、内子町(38422)、五十崎町(38423)が合併し、内子町を新設"
"38424","愛媛県","喜多郡","きたぐん","肱川町","ひじかわちょう","2005-01-11","大洲市(38207)、長浜町(38421)、肱川町(38424)、河辺村(38425)が合併し、大洲市を新設"
"38425","愛媛県","喜多郡","きたぐん","河辺村","かわべむら","2005-01-11","大洲市(38207)、長浜町(38421)、肱川町(38424)、河辺村(38425)が合併し、大洲市を新設"
"38441","愛媛県","西宇和郡","にしうわぐん","保内町","ほないちょう","2005-03-28","八幡浜市(38204)、保内町(38441)が合併し、八幡浜市を新設"
"38442","愛媛県","西宇和郡","にしうわぐん","伊方町","いかたちょう","2005-04-01","伊方町(38442)、瀬戸町(38443)、三崎町(38444)が合併し、伊方町を新設"
"38443","愛媛県","西宇和郡","にしうわぐん","瀬戸町","せとちょう","2005-04-01","伊方町(38442)、瀬戸町(38443)、三崎町(38444)が合併し、伊方町を新設"
"38444","愛媛県","西宇和郡","にしうわぐん","三崎町","みさきちょう","2005-04-01","伊方町(38442)、瀬戸町(38443)、三崎町(38444)が合併し、伊方町を新設"
"38445","愛媛県","西宇和郡","にしうわぐん","三瓶町","みかめちょう","2004-04-01","三瓶町(38445)、明浜町(38461)、宇和町(38462)、野村町(38463)、城川町(38464)が合併し、西予市(38214)を新設
東宇和郡(38460)の廃止"
"38461","愛媛県","東宇和郡","ひがしうわぐん","明浜町","あけはまちょう","2004-04-01","三瓶町(38445)、明浜町(38461)、宇和町(38462)、野村町(38463)、城川町(38464)が合併し、西予市(38214)を新設
東宇和郡(38460)の廃止"
"38462","愛媛県","東宇和郡","ひがしうわぐん","宇和町","うわちょう","2004-04-01","三瓶町(38445)、明浜町(38461)、宇和町(38462)、野村町(38463)、城川町(38464)が合併し、西予市(38214)を新設
東宇和郡(38460)の廃止"
"38463","愛媛県","東宇和郡","ひがしうわぐん","野村町","のむらちょう","2004-04-01","三瓶町(38445)、明浜町(38461)、宇和町(38462)、野村町(38463)、城川町(38464)が合併し、西予市(38214)を新設
東宇和郡(38460)の廃止"
"38464","愛媛県","東宇和郡","ひがしうわぐん","城川町","しろかわちょう","2004-04-01","三瓶町(38445)、明浜町(38461)、宇和町(38462)、野村町(38463)、城川町(38464)が合併し、西予市(38214)を新設
東宇和郡(38460)の廃止"
"38481","愛媛県","北宇和郡","きたうわぐん","吉田町","よしだちょう","2005-08-01","宇和島市(38203)、吉田町(38481)、三間町(38482)、津島町(38486)が合併し、宇和島市を新設"
"38482","愛媛県","北宇和郡","きたうわぐん","三間町","みまちょう","2005-08-01","宇和島市(38203)、吉田町(38481)、三間町(38482)、津島町(38486)が合併し、宇和島市を新設"
"38483","愛媛県","北宇和郡","きたうわぐん","広見町","ひろみちょう","2005-01-01","広見町(38483)、日吉村(38485)が合併し、鬼北町(38488)を新設"
"38485","愛媛県","北宇和郡","きたうわぐん","日吉村","ひよしむら","2005-01-01","広見町(38483)、日吉村(38485)が合併し、鬼北町(38488)を新設"
"38486","愛媛県","北宇和郡","きたうわぐん","津島町","つしまちょう","2005-08-01","宇和島市(38203)、吉田町(38481)、三間町(38482)、津島町(38486)が合併し、宇和島市を新設"
"38487","愛媛県","北宇和郡","きたうわぐん","宇和海村","うわうみむら","1974-04-01","宇和海村(38487)が宇和島市(38203)に編入"
"38488","愛媛県","北宇和郡","きたうわぐん","鬼北町","きほくちょう","2005-01-01","広見町(38483)、日吉村(38485)が合併し、鬼北町(38488)を新設"
"38501","愛媛県","南宇和郡","みなみうわぐん","内海村","うちうみむら","2004-10-01","内海村(38501)、御荘町(38502)、城辺町(38503)、一本松町(38504)、西海町(38505)が合併し、愛南町(38506)を新設"
"38502","愛媛県","南宇和郡","みなみうわぐん","御荘町","みしょうちょう","2004-10-01","内海村(38501)、御荘町(38502)、城辺町(38503)、一本松町(38504)、西海町(38505)が合併し、愛南町(38506)を新設"
"38503","愛媛県","南宇和郡","みなみうわぐん","城辺町","じょうへんちょう","2004-10-01","内海村(38501)、御荘町(38502)、城辺町(38503)、一本松町(38504)、西海町(38505)が合併し、愛南町(38506)を新設"
"38504","愛媛県","南宇和郡","みなみうわぐん","一本松町","いっぽんまつちょう","2004-10-01","内海村(38501)、御荘町(38502)、城辺町(38503)、一本松町(38504)、西海町(38505)が合併し、愛南町(38506)を新設"
"38505","愛媛県","南宇和郡","みなみうわぐん","西海町","にしうみちょう","2004-10-01","内海村(38501)、御荘町(38502)、城辺町(38503)、一本松町(38504)、西海町(38505)が合併し、愛南町(38506)を新設"
"38506","愛媛県","南宇和郡","みなみうわぐん","愛南町","あいなんちょう","2004-10-01","内海村(38501)、御荘町(38502)、城辺町(38503)、一本松町(38504)、西海町(38505)が合併し、愛南町(38506)を新設"
"39201","高知県","","","高知市","こうちし","1972-02-01","大津村(39342)、介良村(39343)が高知市(39201)に編入"
"39201","高知県","","","高知市","こうちし","1998-04-01","高知市(39201)が中核市に移行"
"39201","高知県","","","高知市","こうちし","2005-01-01","鏡村(39361)、土佐山村(39362)が高知市(39201)に編入"
"39201","高知県","","","高知市","こうちし","2008-01-01","春野町(39383)が高知市(39201)に編入"
"39207","高知県","","","中村市","なかむらし","2005-04-10","中村市(39207)、西土佐村(39426)が合併し、四万十市(39210)を新設"
"39210","高知県","","","四万十市","しまんとし","2005-04-10","中村市(39207)、西土佐村(39426)が合併し、四万十市(39210)を新設"
"39211","高知県","","","香南市","こうなんし","2006-03-01","赤岡町(39321)、香我美町(39322)、野市町(39324)、夜須町(39325)、吉川村(39327)が合併し、香南市(39211)を新設"
"39212","高知県","","","香美市","かみし","2006-03-01","土佐山田町(39323)、香北町(39326)、物部村(39328)が合併し、香美市(39212)を新設
香美郡(39320)の廃止"
"39321","高知県","香美郡","かみぐん","赤岡町","あかおかちょう","2006-03-01","赤岡町(39321)、香我美町(39322)、野市町(39324)、夜須町(39325)、吉川村(39327)が合併し、香南市(39211)を新設"
"39322","高知県","香美郡","かみぐん","香我美町","かがみちょう","2006-03-01","赤岡町(39321)、香我美町(39322)、野市町(39324)、夜須町(39325)、吉川村(39327)が合併し、香南市(39211)を新設"
"39323","高知県","香美郡","かみぐん","土佐山田町","とさやまだちょう","2006-03-01","土佐山田町(39323)、香北町(39326)、物部村(39328)が合併し、香美市(39212)を新設
香美郡(39320)の廃止"
"39324","高知県","香美郡","かみぐん","野市町","のいちちょう","2006-03-01","赤岡町(39321)、香我美町(39322)、野市町(39324)、夜須町(39325)、吉川村(39327)が合併し、香南市(39211)を新設"
"39325","高知県","香美郡","かみぐん","夜須町","やすちょう","2006-03-01","赤岡町(39321)、香我美町(39322)、野市町(39324)、夜須町(39325)、吉川村(39327)が合併し、香南市(39211)を新設"
"39326","高知県","香美郡","かみぐん","香北町","かほくちょう","2006-03-01","土佐山田町(39323)、香北町(39326)、物部村(39328)が合併し、香美市(39212)を新設
香美郡(39320)の廃止"
"39327","高知県","香美郡","かみぐん","吉川村","よしかわむら","2006-03-01","赤岡町(39321)、香我美町(39322)、野市町(39324)、夜須町(39325)、吉川村(39327)が合併し、香南市(39211)を新設"
"39328","高知県","香美郡","かみぐん","物部村","ものべそん","2006-03-01","土佐山田町(39323)、香北町(39326)、物部村(39328)が合併し、香美市(39212)を新設
香美郡(39320)の廃止"
"39342","高知県","長岡郡","ながおかぐん","大津村","おおつむら","1972-02-01","大津村(39342)、介良村(39343)が高知市(39201)に編入"
"39343","高知県","長岡郡","ながおかぐん","介良村","けらむら","1972-02-01","大津村(39342)、介良村(39343)が高知市(39201)に編入"
"39344","高知県","長岡郡","ながおかぐん","大豊村","おおとよむら","1972-04-01","大豊村(39344)が大豊町(39344)に町制施行"
"39344","高知県","長岡郡","ながおかぐん","大豊町","おおとよちょう","1972-04-01","大豊村(39344)が大豊町(39344)に町制施行"
"39361","高知県","土佐郡","とさぐん","鏡村","かがみむら","2005-01-01","鏡村(39361)、土佐山村(39362)が高知市(39201)に編入"
"39362","高知県","土佐郡","とさぐん","土佐山村","とさやまむら","2005-01-01","鏡村(39361)、土佐山村(39362)が高知市(39201)に編入"
"39365","高知県","土佐郡","とさぐん","本川村","ほんがわむら","2004-10-01","本川村(39365)、伊野町(39381)、吾北村(39385)が合併し、いの町(39386)を新設"
"39381","高知県","吾川郡","あがわぐん","伊野町","いのちょう","2004-10-01","本川村(39365)、伊野町(39381)、吾北村(39385)が合併し、いの町(39386)を新設"
"39382","高知県","吾川郡","あがわぐん","池川町","いけがわちょう","2005-08-01","池川町(39382)、吾川村(39384)、仁淀村(39409)が合併し、仁淀川町(39387)を新設"
"39383","高知県","吾川郡","あがわぐん","春野町","はるのちょう","2008-01-01","春野町(39383)が高知市(39201)に編入"
"39384","高知県","吾川郡","あがわぐん","吾川村","あがわむら","2005-08-01","池川町(39382)、吾川村(39384)、仁淀村(39409)が合併し、仁淀川町(39387)を新設"
"39385","高知県","吾川郡","あがわぐん","吾北村","ごほくそん","2004-10-01","本川村(39365)、伊野町(39381)、吾北村(39385)が合併し、いの町(39386)を新設"
"39386","高知県","吾川郡","あがわぐん","いの町","いのちょう","2004-10-01","本川村(39365)、伊野町(39381)、吾北村(39385)が合併し、いの町(39386)を新設"
"39387","高知県","吾川郡","あがわぐん","仁淀川町","によどがわちょう","2005-08-01","池川町(39382)、吾川村(39384)、仁淀村(39409)が合併し、仁淀川町(39387)を新設"
"39401","高知県","高岡郡","たかおかぐん","中土佐町","なかとさちょう","2006-01-01","中土佐町(39401)、大野見村(39406)が合併し、中土佐町を新設"
"39404","高知県","高岡郡","たかおかぐん","窪川町","くぼかわちょう","2006-03-20","窪川町(39404)、大正町(39422)、十和村(39425)が合併し、四万十町(39412)を新設"
"39406","高知県","高岡郡","たかおかぐん","大野見村","おおのみそん","2006-01-01","中土佐町(39401)、大野見村(39406)が合併し、中土佐町を新設"
"39407","高知県","高岡郡","たかおかぐん","東津野村","ひがしつのむら","2005-02-01","東津野村(39407)、葉山村(39408)が合併し、津野町(39411)を新設"
"39408","高知県","高岡郡","たかおかぐん","葉山村","はやまむら","2005-02-01","東津野村(39407)、葉山村(39408)が合併し、津野町(39411)を新設"
"39409","高知県","高岡郡","たかおかぐん","仁淀村","によどむら","2005-08-01","池川町(39382)、吾川村(39384)、仁淀村(39409)が合併し、仁淀川町(39387)を新設"
"39411","高知県","高岡郡","たかおかぐん","津野町","つのちょう","2005-02-01","東津野村(39407)、葉山村(39408)が合併し、津野町(39411)を新設"
"39412","高知県","高岡郡","たかおかぐん","四万十町","しまんとちょう","2006-03-20","窪川町(39404)、大正町(39422)、十和村(39425)が合併し、四万十町(39412)を新設"
"39421","高知県","幡多郡","はたぐん","佐賀町","さがちょう","2006-03-20","佐賀町(39421)、大方町(39423)が合併し、黒潮町(39428)を新設"
"39422","高知県","幡多郡","はたぐん","大正町","たいしょうちょう","2006-03-20","窪川町(39404)、大正町(39422)、十和村(39425)が合併し、四万十町(39412)を新設"
"39423","高知県","幡多郡","はたぐん","大方町","おおがたちょう","2006-03-20","佐賀町(39421)、大方町(39423)が合併し、黒潮町(39428)を新設"
"39425","高知県","幡多郡","はたぐん","十和村","とおわそん","2006-03-20","窪川町(39404)、大正町(39422)、十和村(39425)が合併し、四万十町(39412)を新設"
"39426","高知県","幡多郡","はたぐん","西土佐村","にしとさむら","2005-04-10","中村市(39207)、西土佐村(39426)が合併し、四万十市(39210)を新設"
"39428","高知県","幡多郡","はたぐん","黒潮町","くろしおちょう","2006-03-20","佐賀町(39421)、大方町(39423)が合併し、黒潮町(39428)を新設"
"40102","福岡県","北九州市","きたきゅうしゅうし","小倉区","こくらく","1974-04-01","小倉区(40102)を分割し、小倉北区(40106)、小倉南区(40107)を新設"
"40104","福岡県","北九州市","きたきゅうしゅうし","八幡区","やはたく","1974-04-01","八幡区(40104)を分割し、八幡東区(40108)、八幡西区(40109)を新設"
"40106","福岡県","北九州市","きたきゅうしゅうし","小倉北区","こくらきたく","1974-04-01","小倉区(40102)を分割し、小倉北区(40106)、小倉南区(40107)を新設"
"40107","福岡県","北九州市","きたきゅうしゅうし","小倉南区","こくらみなみく","1974-04-01","小倉区(40102)を分割し、小倉北区(40106)、小倉南区(40107)を新設"
"40108","福岡県","北九州市","きたきゅうしゅうし","八幡東区","やはたひがしく","1974-04-01","八幡区(40104)を分割し、八幡東区(40108)、八幡西区(40109)を新設"
"40109","福岡県","北九州市","きたきゅうしゅうし","八幡西区","やはたにしく","1974-04-01","八幡区(40104)を分割し、八幡東区(40108)、八幡西区(40109)を新設"
"40130","福岡県","福岡市","ふくおかし","","","1972-04-01","福岡市(40201)の福岡市(40130)への政令指定都市施行
東区(40131)、博多区(40132)、中央区(40133)、南区(40134)、西区(40135)の新設"
"40131","福岡県","福岡市","ふくおかし","東区","ひがしく","1972-04-01","福岡市(40201)の福岡市(40130)への政令指定都市施行
東区(40131)、博多区(40132)、中央区(40133)、南区(40134)、西区(40135)の新設"
"40132","福岡県","福岡市","ふくおかし","博多区","はかたく","1972-04-01","福岡市(40201)の福岡市(40130)への政令指定都市施行
東区(40131)、博多区(40132)、中央区(40133)、南区(40134)、西区(40135)の新設"
"40133","福岡県","福岡市","ふくおかし","中央区","ちゅうおうく","1972-04-01","福岡市(40201)の福岡市(40130)への政令指定都市施行
東区(40131)、博多区(40132)、中央区(40133)、南区(40134)、西区(40135)の新設"
"40134","福岡県","福岡市","ふくおかし","南区","みなみく","1972-04-01","福岡市(40201)の福岡市(40130)への政令指定都市施行
東区(40131)、博多区(40132)、中央区(40133)、南区(40134)、西区(40135)の新設"
"40135","福岡県","福岡市","ふくおかし","西区","にしく","1972-04-01","福岡市(40201)の福岡市(40130)への政令指定都市施行
東区(40131)、博多区(40132)、中央区(40133)、南区(40134)、西区(40135)の新設"
"40135","福岡県","福岡市","ふくおかし","西区","にしく","1975-03-01","早良町(40321)が西区(40135)に編入
早良郡(40320)の廃止"
"40135","福岡県","福岡市","ふくおかし","西区","にしく","1982-05-10","西区(40135)から分離し、城南区(40136)、早良区(40137)を新設"
"40136","福岡県","福岡市","ふくおかし","城南区","じょうなんく","1982-05-10","西区(40135)から分離し、城南区(40136)、早良区(40137)を新設"
"40137","福岡県","福岡市","ふくおかし","早良区","さわらく","1982-05-10","西区(40135)から分離し、城南区(40136)、早良区(40137)を新設"
"40201","福岡県","","","福岡市","ふくおかし","1971-04-05","志賀町(40346)が福岡市(40201)に編入"
"40201","福岡県","","","福岡市","ふくおかし","1972-04-01","福岡市(40201)の福岡市(40130)への政令指定都市施行
東区(40131)、博多区(40132)、中央区(40133)、南区(40134)、西区(40135)の新設"
"40203","福岡県","","","久留米市","くるめし","2001-04-01","久留米市(40203)が特例市に移行"
"40203","福岡県","","","久留米市","くるめし","2005-02-05","田主丸町(40482)、北野町(40501)、城島町(40521)、三潴町(40523)が久留米市(40203)に編入"
"40203","福岡県","","","久留米市","くるめし","2008-04-01","久留米市(40203)が特例市から中核市に移行"
"40205","福岡県","","","飯塚市","いいづかし","2006-03-26","飯塚市(40205)、筑穂町(40425)、穂波町(40426)、庄内町(40427)、頴田町(40428)が合併し、飯塚市を新設"
"40207","福岡県","","","柳川市","やながわし","2005-03-21","柳川市(40207)、大和町(40562)、三橋町(40563)が合併し、柳川市を新設"
"40208","福岡県","","","山田市","やまだし","2006-03-27","山田市(40208)、稲築町(40422)、碓井町(40423)、嘉穂町(40424)が合併し、嘉麻市(40227)を新設"
"40209","福岡県","","","甘木市","あまぎし","2006-03-20","甘木市(40209)、杷木町(40441)、朝倉町(40442)が合併し、朝倉市(40228)を新設"
"40210","福岡県","","","八女市","やめし","2006-10-01","上陽町(40542)が八女市(40210)に編入"
"40210","福岡県","","","八女市","やめし","2010-02-01","黒木町(40541)、立花町(40543)、矢部村(40545)、星野村(40546)が八女市(40210)に編入"
"40216","福岡県","","","小郡市","おごおりし","1972-04-01","小郡町(40502)が小郡市(40216)に市制施行"
"40217","福岡県","","","筑紫野市","ちくしのし","1972-04-01","筑紫野町(40301)が筑紫野市(40217)に市制施行"
"40218","福岡県","","","春日市","かすがし","1972-04-01","春日町(40303)が春日市(40218)に市制施行"
"40219","福岡県","","","大野城市","おおのじょうし","1972-04-01","大野町(40304)が大野市に市制施行し、大野城市(40219)に名称変更"
"40220","福岡県","","","宗像市","むなかたし","1981-04-01","宗像町(40361)が宗像市(40220)に市制施行"
"40220","福岡県","","","宗像市","むなかたし","2003-04-01","宗像市(40220)、玄海町(40364)が合併し、宗像市を新設"
"40220","福岡県","","","宗像市","むなかたし","2005-03-28","大島村(40365)が宗像市(40220)に編入
宗像郡(40360)の廃止"
"40221","福岡県","","","太宰府市","だざいふし","1982-04-01","太宰府町(40302)が太宰府市(40221)に市制施行"
"40222","福岡県","","","前原市","まえばるし","1992-10-01","前原町(40461)が前原市(40222)に市制施行"
"40222","福岡県","","","前原市","まえばるし","2010-01-01","前原市(40222)、二丈町(40462)、志摩町(40463)が合併し、糸島市(40230)を新設
糸島郡(40460)の廃止"
"40223","福岡県","","","古賀市","こがし","1997-10-01","古賀町(40347)が古賀市(40223)に市制施行"
"40224","福岡県","","","福津市","ふくつし","2005-01-24","福間町(40362)、津屋崎町(40363)が合併し、福津市(40224)を新設"
"40225","福岡県","","","うきは市","うきはし","2005-03-20","吉井町(40481)、浮羽町(40483)が合併し、うきは市(40225)を新設
浮羽郡(40480)の廃止"
"40226","福岡県","","","宮若市","みやわかし","2006-02-11","宮田町(40403)、若宮町(40404)が合併し、宮若市(40226)を新設"
"40227","福岡県","","","嘉麻市","かまし","2006-03-27","山田市(40208)、稲築町(40422)、碓井町(40423)、嘉穂町(40424)が合併し、嘉麻市(40227)を新設"
"40228","福岡県","","","朝倉市","あさくらし","2006-03-20","甘木市(40209)、杷木町(40441)、朝倉町(40442)が合併し、朝倉市(40228)を新設"
"40229","福岡県","","","みやま市","みやまし","2007-01-29","瀬高町(40561)、山川町(40564)、高田町(40581)が合併し、みやま市(40229)を新設
山門郡(40560)の廃止
三池郡(40580)の廃止"
"40230","福岡県","","","糸島市","いとしまし","2010-01-01","前原市(40222)、二丈町(40462)、志摩町(40463)が合併し、糸島市(40230)を新設
糸島郡(40460)の廃止"
"40231","福岡県","","","那珂川市","なかがわし","2018-10-01","那珂川町(40305)が那珂川市(40231)に市制施行
筑紫郡(40300)の廃止"
"40301","福岡県","筑紫郡","ちくしぐん","筑紫野町","ちくしのまち","1972-04-01","筑紫野町(40301)が筑紫野市(40217)に市制施行"
"40302","福岡県","筑紫郡","ちくしぐん","太宰府町","だざいふまち","1982-04-01","太宰府町(40302)が太宰府市(40221)に市制施行"
"40303","福岡県","筑紫郡","ちくしぐん","春日町","かすがまち","1972-04-01","春日町(40303)が春日市(40218)に市制施行"
"40304","福岡県","筑紫郡","ちくしぐん","大野町","おおのまち","1972-04-01","大野町(40304)が大野市に市制施行し、大野城市(40219)に名称変更"
"40305","福岡県","筑紫郡","ちくしぐん","那珂川町","なかがわまち","2018-10-01","那珂川町(40305)が那珂川市(40231)に市制施行
筑紫郡(40300)の廃止"
"40321","福岡県","早良郡","さわらぐん","早良町","さわらまち","1975-03-01","早良町(40321)が西区(40135)に編入
早良郡(40320)の廃止"
"40346","福岡県","糟屋郡","かすやぐん","志賀町","しかまち","1971-04-05","志賀町(40346)が福岡市(40201)に編入"
"40347","福岡県","糟屋郡","かすやぐん","古賀町","こがまち","1997-10-01","古賀町(40347)が古賀市(40223)に市制施行"
"40361","福岡県","宗像郡","むなかたぐん","宗像町","むなかたまち","1981-04-01","宗像町(40361)が宗像市(40220)に市制施行"
"40362","福岡県","宗像郡","むなかたぐん","福間町","ふくままち","2005-01-24","福間町(40362)、津屋崎町(40363)が合併し、福津市(40224)を新設"
"40363","福岡県","宗像郡","むなかたぐん","津屋崎町","つやざきまち","2005-01-24","福間町(40362)、津屋崎町(40363)が合併し、福津市(40224)を新設"
"40364","福岡県","宗像郡","むなかたぐん","玄海町","げんかいまち","2003-04-01","宗像市(40220)、玄海町(40364)が合併し、宗像市を新設"
"40365","福岡県","宗像郡","むなかたぐん","大島村","おおしまむら","2005-03-28","大島村(40365)が宗像市(40220)に編入
宗像郡(40360)の廃止"
"40403","福岡県","鞍手郡","くらてぐん","宮田町","みやたまち","2006-02-11","宮田町(40403)、若宮町(40404)が合併し、宮若市(40226)を新設"
"40404","福岡県","鞍手郡","くらてぐん","若宮町","わかみやまち","2006-02-11","宮田町(40403)、若宮町(40404)が合併し、宮若市(40226)を新設"
"40422","福岡県","嘉穂郡","かほぐん","稲築町","いなつきまち","2006-03-27","山田市(40208)、稲築町(40422)、碓井町(40423)、嘉穂町(40424)が合併し、嘉麻市(40227)を新設"
"40423","福岡県","嘉穂郡","かほぐん","碓井町","うすいまち","2006-03-27","山田市(40208)、稲築町(40422)、碓井町(40423)、嘉穂町(40424)が合併し、嘉麻市(40227)を新設"
"40424","福岡県","嘉穂郡","かほぐん","嘉穂町","かほまち","2006-03-27","山田市(40208)、稲築町(40422)、碓井町(40423)、嘉穂町(40424)が合併し、嘉麻市(40227)を新設"
"40425","福岡県","嘉穂郡","かほぐん","筑穂町","ちくほまち","2006-03-26","飯塚市(40205)、筑穂町(40425)、穂波町(40426)、庄内町(40427)、頴田町(40428)が合併し、飯塚市を新設"
"40426","福岡県","嘉穂郡","かほぐん","穂波町","ほなみまち","2006-03-26","飯塚市(40205)、筑穂町(40425)、穂波町(40426)、庄内町(40427)、頴田町(40428)が合併し、飯塚市を新設"
"40427","福岡県","嘉穂郡","かほぐん","庄内町","しょうないまち","2006-03-26","飯塚市(40205)、筑穂町(40425)、穂波町(40426)、庄内町(40427)、頴田町(40428)が合併し、飯塚市を新設"
"40428","福岡県","嘉穂郡","かほぐん","頴田町","かいたまち","2006-03-26","飯塚市(40205)、筑穂町(40425)、穂波町(40426)、庄内町(40427)、頴田町(40428)が合併し、飯塚市を新設"
"40441","福岡県","朝倉郡","あさくらぐん","杷木町","はきまち","2006-03-20","甘木市(40209)、杷木町(40441)、朝倉町(40442)が合併し、朝倉市(40228)を新設"
"40442","福岡県","朝倉郡","あさくらぐん","朝倉町","あさくらまち","2006-03-20","甘木市(40209)、杷木町(40441)、朝倉町(40442)が合併し、朝倉市(40228)を新設"
"40443","福岡県","朝倉郡","あさくらぐん","三輪町","みわまち","2005-03-22","三輪町(40443)、夜須町(40444)が合併し、筑前町(40447)を新設"
"40444","福岡県","朝倉郡","あさくらぐん","夜須町","やすまち","2005-03-22","三輪町(40443)、夜須町(40444)が合併し、筑前町(40447)を新設"
"40445","福岡県","朝倉郡","あさくらぐん","小石原村","こいしわらむら","2005-03-28","小石原村(40445)、宝珠山村(40446)が合併し、東峰村(40448)を新設"
"40446","福岡県","朝倉郡","あさくらぐん","宝珠山村","ほうしゅやまむら","2005-03-28","小石原村(40445)、宝珠山村(40446)が合併し、東峰村(40448)を新設"
"40447","福岡県","朝倉郡","あさくらぐん","筑前町","ちくぜんまち","2005-03-22","三輪町(40443)、夜須町(40444)が合併し、筑前町(40447)を新設"
"40448","福岡県","朝倉郡","あさくらぐん","東峰村","とうほうむら","2005-03-28","小石原村(40445)、宝珠山村(40446)が合併し、東峰村(40448)を新設"
"40461","福岡県","糸島郡","いとしまぐん","前原町","まえばるまち","1992-10-01","前原町(40461)が前原市(40222)に市制施行"
"40462","福岡県","糸島郡","いとしまぐん","二丈町","にじょうまち","2010-01-01","前原市(40222)、二丈町(40462)、志摩町(40463)が合併し、糸島市(40230)を新設
糸島郡(40460)の廃止"
"40463","福岡県","糸島郡","いとしまぐん","志摩町","しままち","2010-01-01","前原市(40222)、二丈町(40462)、志摩町(40463)が合併し、糸島市(40230)を新設
糸島郡(40460)の廃止"
"40481","福岡県","浮羽郡","うきはぐん","吉井町","よしいまち","2005-03-20","吉井町(40481)、浮羽町(40483)が合併し、うきは市(40225)を新設
浮羽郡(40480)の廃止"
"40482","福岡県","浮羽郡","うきはぐん","田主丸町","たぬしまるまち","2005-02-05","田主丸町(40482)、北野町(40501)、城島町(40521)、三潴町(40523)が久留米市(40203)に編入"
"40483","福岡県","浮羽郡","うきはぐん","浮羽町","うきはまち","2005-03-20","吉井町(40481)、浮羽町(40483)が合併し、うきは市(40225)を新設
浮羽郡(40480)の廃止"
"40501","福岡県","三井郡","みいぐん","北野町","きたのまち","2005-02-05","田主丸町(40482)、北野町(40501)、城島町(40521)、三潴町(40523)が久留米市(40203)に編入"
"40502","福岡県","三井郡","みいぐん","小郡町","おごおりまち","1972-04-01","小郡町(40502)が小郡市(40216)に市制施行"
"40521","福岡県","三潴郡","みづまぐん","城島町","じょうじままち","2005-02-05","田主丸町(40482)、北野町(40501)、城島町(40521)、三潴町(40523)が久留米市(40203)に編入"
"40523","福岡県","三潴郡","みづまぐん","三潴町","みづままち","2005-02-05","田主丸町(40482)、北野町(40501)、城島町(40521)、三潴町(40523)が久留米市(40203)に編入"
"40541","福岡県","八女郡","やめぐん","黒木町","くろぎまち","2010-02-01","黒木町(40541)、立花町(40543)、矢部村(40545)、星野村(40546)が八女市(40210)に編入"
"40542","福岡県","八女郡","やめぐん","上陽町","じょうようまち","2006-10-01","上陽町(40542)が八女市(40210)に編入"
"40543","福岡県","八女郡","やめぐん","立花町","たちばなまち","2010-02-01","黒木町(40541)、立花町(40543)、矢部村(40545)、星野村(40546)が八女市(40210)に編入"
"40545","福岡県","八女郡","やめぐん","矢部村","やべむら","2010-02-01","黒木町(40541)、立花町(40543)、矢部村(40545)、星野村(40546)が八女市(40210)に編入"
"40546","福岡県","八女郡","やめぐん","星野村","ほしのむら","2010-02-01","黒木町(40541)、立花町(40543)、矢部村(40545)、星野村(40546)が八女市(40210)に編入"
"40561","福岡県","山門郡","やまとぐん","瀬高町","せたかまち","2007-01-29","瀬高町(40561)、山川町(40564)、高田町(40581)が合併し、みやま市(40229)を新設
山門郡(40560)の廃止
三池郡(40580)の廃止"
"40562","福岡県","山門郡","やまとぐん","大和町","やまとまち","2005-03-21","柳川市(40207)、大和町(40562)、三橋町(40563)が合併し、柳川市を新設"
"40563","福岡県","山門郡","やまとぐん","三橋町","みつはしまち","2005-03-21","柳川市(40207)、大和町(40562)、三橋町(40563)が合併し、柳川市を新設"
"40564","福岡県","山門郡","やまとぐん","山川町","やまかわまち","2007-01-29","瀬高町(40561)、山川町(40564)、高田町(40581)が合併し、みやま市(40229)を新設
山門郡(40560)の廃止
三池郡(40580)の廃止"
"40581","福岡県","三池郡","みいけぐん","高田町","たかたまち","2007-01-29","瀬高町(40561)、山川町(40564)、高田町(40581)が合併し、みやま市(40229)を新設
山門郡(40560)の廃止
三池郡(40580)の廃止"
"40603","福岡県","田川郡","たがわぐん","金田町","かなだまち","2006-03-06","金田町(40603)、赤池町(40606)、方城町(40607)が合併し、福智町(40610)を新設"
"40606","福岡県","田川郡","たがわぐん","赤池町","あかいけまち","2006-03-06","金田町(40603)、赤池町(40606)、方城町(40607)が合併し、福智町(40610)を新設"
"40607","福岡県","田川郡","たがわぐん","方城町","ほうじょうまち","2006-03-06","金田町(40603)、赤池町(40606)、方城町(40607)が合併し、福智町(40610)を新設"
"40610","福岡県","田川郡","たがわぐん","福智町","ふくちまち","2006-03-06","金田町(40603)、赤池町(40606)、方城町(40607)が合併し、福智町(40610)を新設"
"40622","福岡県","京都郡","みやこぐん","犀川町","さいがわまち","2006-03-20","犀川町(40622)、勝山町(40623)、豊津町(40624)が合併し、みやこ町(40625)を新設"
"40623","福岡県","京都郡","みやこぐん","勝山町","かつやままち","2006-03-20","犀川町(40622)、勝山町(40623)、豊津町(40624)が合併し、みやこ町(40625)を新設"
"40624","福岡県","京都郡","みやこぐん","豊津町","とよつまち","2006-03-20","犀川町(40622)、勝山町(40623)、豊津町(40624)が合併し、みやこ町(40625)を新設"
"40625","福岡県","京都郡","みやこぐん","みやこ町","みやこまち","2006-03-20","犀川町(40622)、勝山町(40623)、豊津町(40624)が合併し、みやこ町(40625)を新設"
"40641","福岡県","築上郡","ちくじょうぐん","椎田町","しいだまち","2006-01-10","椎田町(40641)、築城町(40643)が合併し、築上町(40647)を新設"
"40643","福岡県","築上郡","ちくじょうぐん","築城町","ついきまち","2006-01-10","椎田町(40641)、築城町(40643)が合併し、築上町(40647)を新設"
"40644","福岡県","築上郡","ちくじょうぐん","新吉富村","しんよしとみむら","2005-10-11","新吉富村(40644)、大平村(40645)が合併し、上毛町(40646)を新設"
"40645","福岡県","築上郡","ちくじょうぐん","大平村","たいへいむら","2005-10-11","新吉富村(40644)、大平村(40645)が合併し、上毛町(40646)を新設"
"40646","福岡県","築上郡","ちくじょうぐん","上毛町","こうげまち","2005-10-11","新吉富村(40644)、大平村(40645)が合併し、上毛町(40646)を新設"
"40647","福岡県","築上郡","ちくじょうぐん","築上町","ちくじょうまち","2006-01-10","椎田町(40641)、築城町(40643)が合併し、築上町(40647)を新設"
"41201","佐賀県","","","佐賀市","さがし","2005-10-01","佐賀市(41201)、諸富町(41301)、大和町(41305)、富士町(41306)、三瀬村(41326)が合併し、佐賀市を新設"
"41201","佐賀県","","","佐賀市","さがし","2007-10-01","川副町(41302)、東与賀町(41303)、久保田町(41304)が佐賀市(41201)に編入
佐賀郡(41300)の廃止"
"41201","佐賀県","","","佐賀市","さがし","2014-04-01","佐賀市(41201)が特例市に移行"
"41202","佐賀県","","","唐津市","からつし","2005-01-01","唐津市(41202)、浜玉町(41381)、厳木町(41383)、相知町(41384)、北波多村(41385)、肥前町(41386)、鎮西町(41388)、呼子町(41389)が合併し、唐津市を新設"
"41202","佐賀県","","","唐津市","からつし","2006-01-01","七山村(41382)が唐津市(41202)に編入"
"41206","佐賀県","","","武雄市","たけおし","2006-03-01","武雄市(41206)、山内町(41421)、北方町(41422)が合併し、武雄市を新設"
"41208","佐賀県","","","小城市","おぎし","2005-03-01","小城町(41361)、三日月町(41362)、牛津町(41363)、芦刈町(41364)が合併し、小城市(41208)を新設
小城郡(41360)の廃止"
"41209","佐賀県","","","嬉野市","うれしのし","2006-01-01","塩田町(41442)、嬉野町(41443)が合併し、嬉野市(41209)を新設"
"41210","佐賀県","","","神埼市","かんざきし","2006-03-20","神埼町(41321)、千代田町(41322)、脊振村(41325)が合併し、神埼市(41210)を新設"
"41301","佐賀県","佐賀郡","さがぐん","諸富町","もろどみちょう","2005-10-01","佐賀市(41201)、諸富町(41301)、大和町(41305)、富士町(41306)、三瀬村(41326)が合併し、佐賀市を新設"
"41302","佐賀県","佐賀郡","さがぐん","川副町","かわそえまち","2007-10-01","川副町(41302)、東与賀町(41303)、久保田町(41304)が佐賀市(41201)に編入
佐賀郡(41300)の廃止"
"41303","佐賀県","佐賀郡","さがぐん","東与賀町","ひがしよかちょう","2007-10-01","川副町(41302)、東与賀町(41303)、久保田町(41304)が佐賀市(41201)に編入
佐賀郡(41300)の廃止"
"41304","佐賀県","佐賀郡","さがぐん","久保田町","くぼたちょう","2007-10-01","川副町(41302)、東与賀町(41303)、久保田町(41304)が佐賀市(41201)に編入
佐賀郡(41300)の廃止"
"41305","佐賀県","佐賀郡","さがぐん","大和町","やまとちょう","2005-10-01","佐賀市(41201)、諸富町(41301)、大和町(41305)、富士町(41306)、三瀬村(41326)が合併し、佐賀市を新設"
"41306","佐賀県","佐賀郡","さがぐん","富士町","ふじちょう","2005-10-01","佐賀市(41201)、諸富町(41301)、大和町(41305)、富士町(41306)、三瀬村(41326)が合併し、佐賀市を新設"
"41321","佐賀県","神埼郡","かんざきぐん","神埼町","かんざきまち","2006-03-20","神埼町(41321)、千代田町(41322)、脊振村(41325)が合併し、神埼市(41210)を新設"
"41322","佐賀県","神埼郡","かんざきぐん","千代田町","ちよだちょう","2006-03-20","神埼町(41321)、千代田町(41322)、脊振村(41325)が合併し、神埼市(41210)を新設"
"41323","佐賀県","神埼郡","かんざきぐん","三田川町","みたがわちょう","2006-03-01","三田川町(41323)、東脊振村(41324)が合併し、吉野ヶ里町(41327)を新設"
"41324","佐賀県","神埼郡","かんざきぐん","東脊振村","ひがしせふりそん","2006-03-01","三田川町(41323)、東脊振村(41324)が合併し、吉野ヶ里町(41327)を新設"
"41325","佐賀県","神埼郡","かんざきぐん","脊振村","せふりむら","2006-03-20","神埼町(41321)、千代田町(41322)、脊振村(41325)が合併し、神埼市(41210)を新設"
"41326","佐賀県","神埼郡","かんざきぐん","三瀬村","みつせむら","2005-10-01","佐賀市(41201)、諸富町(41301)、大和町(41305)、富士町(41306)、三瀬村(41326)が合併し、佐賀市を新設"
"41327","佐賀県","神埼郡","かんざきぐん","吉野ヶ里町","よしのがりちょう","2006-03-01","三田川町(41323)、東脊振村(41324)が合併し、吉野ヶ里町(41327)を新設"
"41342","佐賀県","三養基郡","みやきぐん","中原町","なかばるちょう","1971-04-01","中原村(41342)が中原町(41342)に町制施行"
"41342","佐賀県","三養基郡","みやきぐん","中原村","なかばるむら","1971-04-01","中原村(41342)が中原町(41342)に町制施行"
"41342","佐賀県","三養基郡","みやきぐん","中原町","なかばるちょう","2005-03-01","中原町(41342)、北茂安町(41343)、三根町(41344)が合併し、みやき町(41346)を新設"
"41343","佐賀県","三養基郡","みやきぐん","北茂安町","きたしげやすちょう","2005-03-01","中原町(41342)、北茂安町(41343)、三根町(41344)が合併し、みやき町(41346)を新設"
"41344","佐賀県","三養基郡","みやきぐん","三根町","みねちょう","2005-03-01","中原町(41342)、北茂安町(41343)、三根町(41344)が合併し、みやき町(41346)を新設"
"41345","佐賀県","三養基郡","みやきぐん","上峰村","かみみねむら","1989-11-01","上峰村(41345)が上峰町(41345)に町制施行"
"41345","佐賀県","三養基郡","みやきぐん","上峰町","かみみねちょう","1989-11-01","上峰村(41345)が上峰町(41345)に町制施行"
"41346","佐賀県","三養基郡","みやきぐん","みやき町","みやきちょう","2005-03-01","中原町(41342)、北茂安町(41343)、三根町(41344)が合併し、みやき町(41346)を新設"
"41361","佐賀県","小城郡","おぎぐん","小城町","おぎまち","2005-03-01","小城町(41361)、三日月町(41362)、牛津町(41363)、芦刈町(41364)が合併し、小城市(41208)を新設
小城郡(41360)の廃止"
"41362","佐賀県","小城郡","おぎぐん","三日月町","みかつきちょう","2005-03-01","小城町(41361)、三日月町(41362)、牛津町(41363)、芦刈町(41364)が合併し、小城市(41208)を新設
小城郡(41360)の廃止"
"41363","佐賀県","小城郡","おぎぐん","牛津町","うしづちょう","2005-03-01","小城町(41361)、三日月町(41362)、牛津町(41363)、芦刈町(41364)が合併し、小城市(41208)を新設
小城郡(41360)の廃止"
"41364","佐賀県","小城郡","おぎぐん","芦刈町","あしかりちょう","2005-03-01","小城町(41361)、三日月町(41362)、牛津町(41363)、芦刈町(41364)が合併し、小城市(41208)を新設
小城郡(41360)の廃止"
"41381","佐賀県","東松浦郡","ひがしまつうらぐん","浜玉町","はまたまちょう","2005-01-01","唐津市(41202)、浜玉町(41381)、厳木町(41383)、相知町(41384)、北波多村(41385)、肥前町(41386)、鎮西町(41388)、呼子町(41389)が合併し、唐津市を新設"
"41382","佐賀県","東松浦郡","ひがしまつうらぐん","七山村","ななやまむら","2006-01-01","七山村(41382)が唐津市(41202)に編入"
"41383","佐賀県","東松浦郡","ひがしまつうらぐん","厳木町","きゅうらぎまち","2005-01-01","唐津市(41202)、浜玉町(41381)、厳木町(41383)、相知町(41384)、北波多村(41385)、肥前町(41386)、鎮西町(41388)、呼子町(41389)が合併し、唐津市を新設"
"41384","佐賀県","東松浦郡","ひがしまつうらぐん","相知町","おうちちょう","2005-01-01","唐津市(41202)、浜玉町(41381)、厳木町(41383)、相知町(41384)、北波多村(41385)、肥前町(41386)、鎮西町(41388)、呼子町(41389)が合併し、唐津市を新設"
"41385","佐賀県","東松浦郡","ひがしまつうらぐん","北波多村","きたはたむら","2005-01-01","唐津市(41202)、浜玉町(41381)、厳木町(41383)、相知町(41384)、北波多村(41385)、肥前町(41386)、鎮西町(41388)、呼子町(41389)が合併し、唐津市を新設"
"41386","佐賀県","東松浦郡","ひがしまつうらぐん","肥前町","ひぜんちょう","2005-01-01","唐津市(41202)、浜玉町(41381)、厳木町(41383)、相知町(41384)、北波多村(41385)、肥前町(41386)、鎮西町(41388)、呼子町(41389)が合併し、唐津市を新設"
"41388","佐賀県","東松浦郡","ひがしまつうらぐん","鎮西町","ちんぜいちょう","2005-01-01","唐津市(41202)、浜玉町(41381)、厳木町(41383)、相知町(41384)、北波多村(41385)、肥前町(41386)、鎮西町(41388)、呼子町(41389)が合併し、唐津市を新設"
"41389","佐賀県","東松浦郡","ひがしまつうらぐん","呼子町","よぶこちょう","2005-01-01","唐津市(41202)、浜玉町(41381)、厳木町(41383)、相知町(41384)、北波多村(41385)、肥前町(41386)、鎮西町(41388)、呼子町(41389)が合併し、唐津市を新設"
"41401","佐賀県","西松浦郡","にしまつうらぐん","有田町","ありたちょう","2006-03-01","有田町(41401)、西有田町(41402)が合併し、有田町を新設"
"41402","佐賀県","西松浦郡","にしまつうらぐん","西有田町","にしありたちょう","2006-03-01","有田町(41401)、西有田町(41402)が合併し、有田町を新設"
"41421","佐賀県","杵島郡","きしまぐん","山内町","やまうちちょう","2006-03-01","武雄市(41206)、山内町(41421)、北方町(41422)が合併し、武雄市を新設"
"41422","佐賀県","杵島郡","きしまぐん","北方町","きたがたまち","2006-03-01","武雄市(41206)、山内町(41421)、北方町(41422)が合併し、武雄市を新設"
"41425","佐賀県","杵島郡","きしまぐん","白石町","しろいしちょう","2005-01-01","白石町(41425)、福富町(41426)、有明町(41427)が合併し、白石町を新設"
"41426","佐賀県","杵島郡","きしまぐん","福富町","ふくどみまち","2005-01-01","白石町(41425)、福富町(41426)、有明町(41427)が合併し、白石町を新設"
"41427","佐賀県","杵島郡","きしまぐん","有明町","ありあけちょう","2005-01-01","白石町(41425)、福富町(41426)、有明町(41427)が合併し、白石町を新設"
"41442","佐賀県","藤津郡","ふじつぐん","塩田町","しおたちょう","2006-01-01","塩田町(41442)、嬉野町(41443)が合併し、嬉野市(41209)を新設"
"41443","佐賀県","藤津郡","ふじつぐん","嬉野町","うれしのまち","2006-01-01","塩田町(41442)、嬉野町(41443)が合併し、嬉野市(41209)を新設"
"42201","長崎県","","","長崎市","ながさきし","1973-03-31","三重村(42316)が長崎市(42201)に編入"
"42201","長崎県","","","長崎市","ながさきし","1997-04-01","長崎市(42201)が中核市に移行"
"42201","長崎県","","","長崎市","ながさきし","2005-01-04","香焼町(42301)、伊王島町(42302)、高島町(42303)、野母崎町(42304)、三和町(42305)、外海町(42315)が長崎市(42201)に編入"
"42201","長崎県","","","長崎市","ながさきし","2006-01-04","琴海町(42309)が長崎市(42201)に編入"
"42202","長崎県","","","佐世保市","させぼし","2001-04-01","佐世保市(42202)が特例市に移行"
"42202","長崎県","","","佐世保市","させぼし","2005-04-01","吉井町(42392)、世知原町(42393)が佐世保市(42202)に編入"
"42202","長崎県","","","佐世保市","させぼし","2006-03-31","宇久町(42384)が佐世保市(42202)に編入"
"42202","長崎県","","","佐世保市","させぼし","2006-03-31","小佐々町(42390)が佐世保市(42202)に編入"
"42202","長崎県","","","佐世保市","させぼし","2010-03-31","江迎町(42388)、鹿町町(42389)が佐世保市(42202)に編入"
"42202","長崎県","","","佐世保市","させぼし","2016-04-01","佐世保市(42202)が特例市から中核市に移行"
"42203","長崎県","","","島原市","しまばらし","2006-01-01","有明町(42361)が島原市(42203)に編入"
"42204","長崎県","","","諫早市","いさはやし","2005-03-01","諫早市(42204)、多良見町(42306)、森山町(42341)、飯盛町(42342)、高来町(42343)、小長井町(42344)が合併し、諫早市を新設
北高来郡(42340)の廃止"
"42206","長崎県","","","福江市","ふくえし","2004-08-01","福江市(42206)、富江町(42401)、玉之浦町(42402)、三井楽町(42403)、岐宿町(42404)、奈留町(42405)が合併し、五島市(42211)を新設"
"42207","長崎県","","","平戸市","ひらどし","2005-10-01","平戸市(42207)、大島村(42381)、生月町(42382)、田平町(42385)が合併し、平戸市を新設"
"42208","長崎県","","","松浦市","まつうらし","2006-01-01","松浦市(42208)、福島町(42386)、鷹島町(42387)が合併し、松浦市を新設"
"42209","長崎県","","","対馬市","つしまし","2004-03-01","厳原町(42441)、美津島町(42442)、豊玉町(42443)、峰町(42444)、上県町(42445)、上対馬町(42446)が合併し、対馬市(42209)を新設
対馬支庁(42440)の廃止"
"42210","長崎県","","","壱岐市","いきし","2004-03-01","郷ノ浦町(42421)、勝本町(42422)、芦辺町(42423)、石田町(42424)が合併し、壱岐市(42210)を新設
壱岐郡(42420)の廃止"
"42211","長崎県","","","五島市","ごとうし","2004-08-01","福江市(42206)、富江町(42401)、玉之浦町(42402)、三井楽町(42403)、岐宿町(42404)、奈留町(42405)が合併し、五島市(42211)を新設"
"42212","長崎県","","","西海市","さいかいし","2005-04-01","西彼町(42310)、西海町(42311)、大島町(42312)、崎戸町(42313)、大瀬戸町(42314)が合併し、西海市(42212)を新設"
"42213","長崎県","","","雲仙市","うんぜんし","2005-10-11","国見町(42362)、瑞穂町(42363)、吾妻町(42364)、愛野町(42365)、千々石町(42366)、小浜町(42367)、南串山町(42368)が合併し、雲仙市(42213)を新設"
"42214","長崎県","","","南島原市","みなみしまばらし","2006-03-31","加津佐町(42369)、口之津町(42370)、南有馬町(42371)、北有馬町(42372)、西有家町(42373)、有家町(42374)、布津町(42375)、深江町(42376)が合併し、南島原市(42214)を新設
南高来郡(42360)の廃止"
"42301","長崎県","西彼杵郡","にしそのぎぐん","香焼町","こうやぎちょう","2005-01-04","香焼町(42301)、伊王島町(42302)、高島町(42303)、野母崎町(42304)、三和町(42305)、外海町(42315)が長崎市(42201)に編入"
"42302","長崎県","西彼杵郡","にしそのぎぐん","伊王島町","いおうじまちょう","2005-01-04","香焼町(42301)、伊王島町(42302)、高島町(42303)、野母崎町(42304)、三和町(42305)、外海町(42315)が長崎市(42201)に編入"
"42303","長崎県","西彼杵郡","にしそのぎぐん","高島町","たかしまちょう","2005-01-04","香焼町(42301)、伊王島町(42302)、高島町(42303)、野母崎町(42304)、三和町(42305)、外海町(42315)が長崎市(42201)に編入"
"42304","長崎県","西彼杵郡","にしそのぎぐん","野母崎町","のもざきちょう","2005-01-04","香焼町(42301)、伊王島町(42302)、高島町(42303)、野母崎町(42304)、三和町(42305)、外海町(42315)が長崎市(42201)に編入"
"42305","長崎県","西彼杵郡","にしそのぎぐん","三和町","さんわちょう","2005-01-04","香焼町(42301)、伊王島町(42302)、高島町(42303)、野母崎町(42304)、三和町(42305)、外海町(42315)が長崎市(42201)に編入"
"42306","長崎県","西彼杵郡","にしそのぎぐん","多良見町","たらみちょう","2005-03-01","諫早市(42204)、多良見町(42306)、森山町(42341)、飯盛町(42342)、高来町(42343)、小長井町(42344)が合併し、諫早市を新設
北高来郡(42340)の廃止"
"42309","長崎県","西彼杵郡","にしそのぎぐん","琴海町","きんかいちょう","2006-01-04","琴海町(42309)が長崎市(42201)に編入"
"42310","長崎県","西彼杵郡","にしそのぎぐん","西彼町","せいひちょう","2005-04-01","西彼町(42310)、西海町(42311)、大島町(42312)、崎戸町(42313)、大瀬戸町(42314)が合併し、西海市(42212)を新設"
"42311","長崎県","西彼杵郡","にしそのぎぐん","西海町","さいかいちょう","2005-04-01","西彼町(42310)、西海町(42311)、大島町(42312)、崎戸町(42313)、大瀬戸町(42314)が合併し、西海市(42212)を新設"
"42312","長崎県","西彼杵郡","にしそのぎぐん","大島町","おおしまちょう","2005-04-01","西彼町(42310)、西海町(42311)、大島町(42312)、崎戸町(42313)、大瀬戸町(42314)が合併し、西海市(42212)を新設"
"42313","長崎県","西彼杵郡","にしそのぎぐん","崎戸町","さきとちょう","2005-04-01","西彼町(42310)、西海町(42311)、大島町(42312)、崎戸町(42313)、大瀬戸町(42314)が合併し、西海市(42212)を新設"
"42314","長崎県","西彼杵郡","にしそのぎぐん","大瀬戸町","おおせとちょう","2005-04-01","西彼町(42310)、西海町(42311)、大島町(42312)、崎戸町(42313)、大瀬戸町(42314)が合併し、西海市(42212)を新設"
"42315","長崎県","西彼杵郡","にしそのぎぐん","外海町","そとめちょう","2005-01-04","香焼町(42301)、伊王島町(42302)、高島町(42303)、野母崎町(42304)、三和町(42305)、外海町(42315)が長崎市(42201)に編入"
"42316","長崎県","西彼杵郡","にしそのぎぐん","三重村","みえそん","1973-03-31","三重村(42316)が長崎市(42201)に編入"
"42341","長崎県","北高来郡","きたたかきぐん","森山町","もりやまちょう","2005-03-01","諫早市(42204)、多良見町(42306)、森山町(42341)、飯盛町(42342)、高来町(42343)、小長井町(42344)が合併し、諫早市を新設
北高来郡(42340)の廃止"
"42342","長崎県","北高来郡","きたたかきぐん","飯盛町","いいもりちょう","2005-03-01","諫早市(42204)、多良見町(42306)、森山町(42341)、飯盛町(42342)、高来町(42343)、小長井町(42344)が合併し、諫早市を新設
北高来郡(42340)の廃止"
"42343","長崎県","北高来郡","きたたかきぐん","高来町","たかきちょう","2005-03-01","諫早市(42204)、多良見町(42306)、森山町(42341)、飯盛町(42342)、高来町(42343)、小長井町(42344)が合併し、諫早市を新設
北高来郡(42340)の廃止"
"42344","長崎県","北高来郡","きたたかきぐん","小長井町","こながいちょう","2005-03-01","諫早市(42204)、多良見町(42306)、森山町(42341)、飯盛町(42342)、高来町(42343)、小長井町(42344)が合併し、諫早市を新設
北高来郡(42340)の廃止"
"42361","長崎県","南高来郡","みなみたかきぐん","有明町","ありあけちょう","2006-01-01","有明町(42361)が島原市(42203)に編入"
"42362","長崎県","南高来郡","みなみたかきぐん","国見町","くにみちょう","2005-10-11","国見町(42362)、瑞穂町(42363)、吾妻町(42364)、愛野町(42365)、千々石町(42366)、小浜町(42367)、南串山町(42368)が合併し、雲仙市(42213)を新設"
"42363","長崎県","南高来郡","みなみたかきぐん","瑞穂町","みずほちょう","2005-10-11","国見町(42362)、瑞穂町(42363)、吾妻町(42364)、愛野町(42365)、千々石町(42366)、小浜町(42367)、南串山町(42368)が合併し、雲仙市(42213)を新設"
"42364","長崎県","南高来郡","みなみたかきぐん","吾妻町","あづまちょう","2005-10-11","国見町(42362)、瑞穂町(42363)、吾妻町(42364)、愛野町(42365)、千々石町(42366)、小浜町(42367)、南串山町(42368)が合併し、雲仙市(42213)を新設"
"42365","長崎県","南高来郡","みなみたかきぐん","愛野町","あいのまち","2005-10-11","国見町(42362)、瑞穂町(42363)、吾妻町(42364)、愛野町(42365)、千々石町(42366)、小浜町(42367)、南串山町(42368)が合併し、雲仙市(42213)を新設"
"42366","長崎県","南高来郡","みなみたかきぐん","千々石町","ちぢわちょう","2005-10-11","国見町(42362)、瑞穂町(42363)、吾妻町(42364)、愛野町(42365)、千々石町(42366)、小浜町(42367)、南串山町(42368)が合併し、雲仙市(42213)を新設"
"42367","長崎県","南高来郡","みなみたかきぐん","小浜町","おばまちょう","2005-10-11","国見町(42362)、瑞穂町(42363)、吾妻町(42364)、愛野町(42365)、千々石町(42366)、小浜町(42367)、南串山町(42368)が合併し、雲仙市(42213)を新設"
"42368","長崎県","南高来郡","みなみたかきぐん","南串山町","みなみくしやまちょう","2005-10-11","国見町(42362)、瑞穂町(42363)、吾妻町(42364)、愛野町(42365)、千々石町(42366)、小浜町(42367)、南串山町(42368)が合併し、雲仙市(42213)を新設"
"42369","長崎県","南高来郡","みなみたかきぐん","加津佐町","かづさまち","2006-03-31","加津佐町(42369)、口之津町(42370)、南有馬町(42371)、北有馬町(42372)、西有家町(42373)、有家町(42374)、布津町(42375)、深江町(42376)が合併し、南島原市(42214)を新設
南高来郡(42360)の廃止"
"42370","長崎県","南高来郡","みなみたかきぐん","口之津町","くちのつちょう","2006-03-31","加津佐町(42369)、口之津町(42370)、南有馬町(42371)、北有馬町(42372)、西有家町(42373)、有家町(42374)、布津町(42375)、深江町(42376)が合併し、南島原市(42214)を新設
南高来郡(42360)の廃止"
"42371","長崎県","南高来郡","みなみたかきぐん","南有馬町","みなみありまちょう","2006-03-31","加津佐町(42369)、口之津町(42370)、南有馬町(42371)、北有馬町(42372)、西有家町(42373)、有家町(42374)、布津町(42375)、深江町(42376)が合併し、南島原市(42214)を新設
南高来郡(42360)の廃止"
"42372","長崎県","南高来郡","みなみたかきぐん","北有馬町","きたありまちょう","2006-03-31","加津佐町(42369)、口之津町(42370)、南有馬町(42371)、北有馬町(42372)、西有家町(42373)、有家町(42374)、布津町(42375)、深江町(42376)が合併し、南島原市(42214)を新設
南高来郡(42360)の廃止"
"42373","長崎県","南高来郡","みなみたかきぐん","西有家町","にしありえちょう","2006-03-31","加津佐町(42369)、口之津町(42370)、南有馬町(42371)、北有馬町(42372)、西有家町(42373)、有家町(42374)、布津町(42375)、深江町(42376)が合併し、南島原市(42214)を新設
南高来郡(42360)の廃止"
"42374","長崎県","南高来郡","みなみたかきぐん","有家町","ありえちょう","2006-03-31","加津佐町(42369)、口之津町(42370)、南有馬町(42371)、北有馬町(42372)、西有家町(42373)、有家町(42374)、布津町(42375)、深江町(42376)が合併し、南島原市(42214)を新設
南高来郡(42360)の廃止"
"42375","長崎県","南高来郡","みなみたかきぐん","布津町","ふつちょう","2006-03-31","加津佐町(42369)、口之津町(42370)、南有馬町(42371)、北有馬町(42372)、西有家町(42373)、有家町(42374)、布津町(42375)、深江町(42376)が合併し、南島原市(42214)を新設
南高来郡(42360)の廃止"
"42376","長崎県","南高来郡","みなみたかきぐん","深江町","ふかえちょう","2006-03-31","加津佐町(42369)、口之津町(42370)、南有馬町(42371)、北有馬町(42372)、西有家町(42373)、有家町(42374)、布津町(42375)、深江町(42376)が合併し、南島原市(42214)を新設
南高来郡(42360)の廃止"
"42381","長崎県","北松浦郡","きたまつうらぐん","大島村","おおしまむら","2005-10-01","平戸市(42207)、大島村(42381)、生月町(42382)、田平町(42385)が合併し、平戸市を新設"
"42382","長崎県","北松浦郡","きたまつうらぐん","生月町","いきつきちょう","2005-10-01","平戸市(42207)、大島村(42381)、生月町(42382)、田平町(42385)が合併し、平戸市を新設"
"42384","長崎県","北松浦郡","きたまつうらぐん","宇久町","うくまち","2006-03-31","宇久町(42384)が佐世保市(42202)に編入"
"42385","長崎県","北松浦郡","きたまつうらぐん","田平町","たびらちょう","2005-10-01","平戸市(42207)、大島村(42381)、生月町(42382)、田平町(42385)が合併し、平戸市を新設"
"42386","長崎県","北松浦郡","きたまつうらぐん","福島町","ふくしまちょう","2006-01-01","松浦市(42208)、福島町(42386)、鷹島町(42387)が合併し、松浦市を新設"
"42387","長崎県","北松浦郡","きたまつうらぐん","鷹島村","たかしまそん","1975-01-01","鷹島村(42387)が鷹島町(42387)に町制施行"
"42387","長崎県","北松浦郡","きたまつうらぐん","鷹島町","たかしまちょう","1975-01-01","鷹島村(42387)が鷹島町(42387)に町制施行"
"42387","長崎県","北松浦郡","きたまつうらぐん","鷹島町","たかしまちょう","2006-01-01","松浦市(42208)、福島町(42386)、鷹島町(42387)が合併し、松浦市を新設"
"42388","長崎県","北松浦郡","きたまつうらぐん","江迎町","えむかえちょう","2010-03-31","江迎町(42388)、鹿町町(42389)が佐世保市(42202)に編入"
"42389","長崎県","北松浦郡","きたまつうらぐん","鹿町町","しかまちちょう","2010-03-31","江迎町(42388)、鹿町町(42389)が佐世保市(42202)に編入"
"42390","長崎県","北松浦郡","きたまつうらぐん","小佐々町","こさざちょう","2006-03-31","小佐々町(42390)が佐世保市(42202)に編入"
"42392","長崎県","北松浦郡","きたまつうらぐん","吉井町","よしいちょう","2005-04-01","吉井町(42392)、世知原町(42393)が佐世保市(42202)に編入"
"42393","長崎県","北松浦郡","きたまつうらぐん","世知原町","せちばるちょう","2005-04-01","吉井町(42392)、世知原町(42393)が佐世保市(42202)に編入"
"42401","長崎県","南松浦郡","みなみまつうらぐん","富江町","とみえちょう","2004-08-01","福江市(42206)、富江町(42401)、玉之浦町(42402)、三井楽町(42403)、岐宿町(42404)、奈留町(42405)が合併し、五島市(42211)を新設"
"42402","長崎県","南松浦郡","みなみまつうらぐん","玉之浦町","たまのうらちょう","2004-08-01","福江市(42206)、富江町(42401)、玉之浦町(42402)、三井楽町(42403)、岐宿町(42404)、奈留町(42405)が合併し、五島市(42211)を新設"
"42403","長崎県","南松浦郡","みなみまつうらぐん","三井楽町","みいらくちょう","2004-08-01","福江市(42206)、富江町(42401)、玉之浦町(42402)、三井楽町(42403)、岐宿町(42404)、奈留町(42405)が合併し、五島市(42211)を新設"
"42404","長崎県","南松浦郡","みなみまつうらぐん","岐宿町","きしくちょう","2004-08-01","福江市(42206)、富江町(42401)、玉之浦町(42402)、三井楽町(42403)、岐宿町(42404)、奈留町(42405)が合併し、五島市(42211)を新設"
"42405","長崎県","南松浦郡","みなみまつうらぐん","奈留町","なるちょう","2004-08-01","福江市(42206)、富江町(42401)、玉之浦町(42402)、三井楽町(42403)、岐宿町(42404)、奈留町(42405)が合併し、五島市(42211)を新設"
"42406","長崎県","南松浦郡","みなみまつうらぐん","若松町","わかまつちょう","2004-08-01","若松町(42406)、上五島町(42407)、新魚目町(42408)、有川町(42409)、奈良尾町(42410)が合併し、新上五島町(42411)を新設"
"42407","長崎県","南松浦郡","みなみまつうらぐん","上五島町","かみごとうちょう","2004-08-01","若松町(42406)、上五島町(42407)、新魚目町(42408)、有川町(42409)、奈良尾町(42410)が合併し、新上五島町(42411)を新設"
"42408","長崎県","南松浦郡","みなみまつうらぐん","新魚目町","しんうおのめちょう","2004-08-01","若松町(42406)、上五島町(42407)、新魚目町(42408)、有川町(42409)、奈良尾町(42410)が合併し、新上五島町(42411)を新設"
"42409","長崎県","南松浦郡","みなみまつうらぐん","有川町","ありかわちょう","2004-08-01","若松町(42406)、上五島町(42407)、新魚目町(42408)、有川町(42409)、奈良尾町(42410)が合併し、新上五島町(42411)を新設"
"42410","長崎県","南松浦郡","みなみまつうらぐん","奈良尾町","ならおちょう","2004-08-01","若松町(42406)、上五島町(42407)、新魚目町(42408)、有川町(42409)、奈良尾町(42410)が合併し、新上五島町(42411)を新設"
"42411","長崎県","南松浦郡","みなみまつうらぐん","新上五島町","しんかみごとうちょう","2004-08-01","若松町(42406)、上五島町(42407)、新魚目町(42408)、有川町(42409)、奈良尾町(42410)が合併し、新上五島町(42411)を新設"
"42421","長崎県","壱岐郡","いきぐん","郷ノ浦町","ごうのうらちょう","2004-03-01","郷ノ浦町(42421)、勝本町(42422)、芦辺町(42423)、石田町(42424)が合併し、壱岐市(42210)を新設
壱岐郡(42420)の廃止"
"42422","長崎県","壱岐郡","いきぐん","勝本町","かつもとちょう","2004-03-01","郷ノ浦町(42421)、勝本町(42422)、芦辺町(42423)、石田町(42424)が合併し、壱岐市(42210)を新設
壱岐郡(42420)の廃止"
"42423","長崎県","壱岐郡","いきぐん","芦辺町","あしべちょう","2004-03-01","郷ノ浦町(42421)、勝本町(42422)、芦辺町(42423)、石田町(42424)が合併し、壱岐市(42210)を新設
壱岐郡(42420)の廃止"
"42424","長崎県","壱岐郡","いきぐん","石田村","いしだそん","1970-08-01","石田村(42424)が石田町(42424)に町制施行"
"42424","長崎県","壱岐郡","いきぐん","石田町","いしだちょう","1970-08-01","石田村(42424)が石田町(42424)に町制施行"
"42424","長崎県","壱岐郡","いきぐん","石田町","いしだちょう","2004-03-01","郷ノ浦町(42421)、勝本町(42422)、芦辺町(42423)、石田町(42424)が合併し、壱岐市(42210)を新設
壱岐郡(42420)の廃止"
"42441","長崎県","対馬支庁","つしましちょう","厳原町","いづはらまち","2004-03-01","厳原町(42441)、美津島町(42442)、豊玉町(42443)、峰町(42444)、上県町(42445)、上対馬町(42446)が合併し、対馬市(42209)を新設
対馬支庁(42440)の廃止"
"42442","長崎県","対馬支庁","つしましちょう","美津島町","みつしまちょう","2004-03-01","厳原町(42441)、美津島町(42442)、豊玉町(42443)、峰町(42444)、上県町(42445)、上対馬町(42446)が合併し、対馬市(42209)を新設
対馬支庁(42440)の廃止"
"42443","長崎県","対馬支庁","つしましちょう","豊玉町","とよたまちょう","1975-04-01","豊玉村(42443)が豊玉町(42443)に町制施行"
"42443","長崎県","対馬支庁","つしましちょう","豊玉村","とよたまそん","1975-04-01","豊玉村(42443)が豊玉町(42443)に町制施行"
"42443","長崎県","対馬支庁","つしましちょう","豊玉町","とよたまちょう","2004-03-01","厳原町(42441)、美津島町(42442)、豊玉町(42443)、峰町(42444)、上県町(42445)、上対馬町(42446)が合併し、対馬市(42209)を新設
対馬支庁(42440)の廃止"
"42444","長崎県","対馬支庁","つしましちょう","峰町","みねちょう","1976-04-01","峰村(42444)が峰町(42444)に町制施行"
"42444","長崎県","対馬支庁","つしましちょう","峰村","みねそん","1976-04-01","峰村(42444)が峰町(42444)に町制施行"
"42444","長崎県","対馬支庁","つしましちょう","峰町","みねちょう","2004-03-01","厳原町(42441)、美津島町(42442)、豊玉町(42443)、峰町(42444)、上県町(42445)、上対馬町(42446)が合併し、対馬市(42209)を新設
対馬支庁(42440)の廃止"
"42445","長崎県","対馬支庁","つしましちょう","上県町","かみあがたちょう","2004-03-01","厳原町(42441)、美津島町(42442)、豊玉町(42443)、峰町(42444)、上県町(42445)、上対馬町(42446)が合併し、対馬市(42209)を新設
対馬支庁(42440)の廃止"
"42446","長崎県","対馬支庁","つしましちょう","上対馬町","かみつしまちょう","2004-03-01","厳原町(42441)、美津島町(42442)、豊玉町(42443)、峰町(42444)、上県町(42445)、上対馬町(42446)が合併し、対馬市(42209)を新設
対馬支庁(42440)の廃止"
"43100","熊本県","熊本市","くまもとし","","","2012-04-01","熊本市(43201)の熊本市(43100)への政令指定都市移行
中央区(43101)、東区(43102)、西区(43103)、南区(43104)、北区(43105)の新設"
"43101","熊本県","熊本市","くまもとし","中央区","ちゅうおうく","2012-04-01","熊本市(43201)の熊本市(43100)への政令指定都市移行
中央区(43101)、東区(43102)、西区(43103)、南区(43104)、北区(43105)の新設"
"43102","熊本県","熊本市","くまもとし","東区","ひがしく","2012-04-01","熊本市(43201)の熊本市(43100)への政令指定都市移行
中央区(43101)、東区(43102)、西区(43103)、南区(43104)、北区(43105)の新設"
"43103","熊本県","熊本市","くまもとし","西区","にしく","2012-04-01","熊本市(43201)の熊本市(43100)への政令指定都市移行
中央区(43101)、東区(43102)、西区(43103)、南区(43104)、北区(43105)の新設"
"43104","熊本県","熊本市","くまもとし","南区","みなみく","2012-04-01","熊本市(43201)の熊本市(43100)への政令指定都市移行
中央区(43101)、東区(43102)、西区(43103)、南区(43104)、北区(43105)の新設"
"43105","熊本県","熊本市","くまもとし","北区","きたく","2012-04-01","熊本市(43201)の熊本市(43100)への政令指定都市移行
中央区(43101)、東区(43102)、西区(43103)、南区(43104)、北区(43105)の新設"
"43201","熊本県","","","熊本市","くまもとし","1970-11-01","託麻村(43305)が熊本市(43201)に編入"
"43201","熊本県","","","熊本市","くまもとし","1991-02-01","北部町(43301)が熊本市(43201)に編入"
"43201","熊本県","","","熊本市","くまもとし","1991-02-01","天明町(43304)が熊本市(43201)に編入
飽託郡(43300)の廃止"
"43201","熊本県","","","熊本市","くまもとし","1991-02-01","飽田町(43303)が熊本市(43201)に編入"
"43201","熊本県","","","熊本市","くまもとし","1991-02-01","河内町(43302)が熊本市(43201)に編入"
"43201","熊本県","","","熊本市","くまもとし","1996-04-01","熊本市(43201)が中核市に移行"
"43201","熊本県","","","熊本市","くまもとし","2008-10-06","富合町(43342)が熊本市(43201)に編入"
"43201","熊本県","","","熊本市","くまもとし","2010-03-23","城南町(43341)が熊本市(43201)に編入"
"43201","熊本県","","","熊本市","くまもとし","2010-03-23","植木町(43385)が熊本市(43201)に編入
鹿本郡(43380)の廃止"
"43201","熊本県","","","熊本市","くまもとし","2012-04-01","熊本市(43201)の熊本市(43100)への政令指定都市移行
中央区(43101)、東区(43102)、西区(43103)、南区(43104)、北区(43105)の新設"
"43202","熊本県","","","八代市","やつしろし","2005-08-01","八代市(43202)、坂本村(43461)、千丁町(43462)、鏡町(43463)、東陽村(43466)、泉村(43467)が合併し、八代市を新設"
"43206","熊本県","","","玉名市","たまなし","2005-10-03","玉名市(43206)、岱明町(43361)、横島町(43362)、天水町(43363)が合併し、玉名市を新設"
"43207","熊本県","","","本渡市","ほんどし","2006-03-27","本渡市(43207)、牛深市(43209)、有明町(43523)、御所浦町(43526)、倉岳町(43527)、栖本町(43528)、新和町(43529)、五和町(43530)、天草町(43532)、河浦町(43533)が合併し、天草市(43215)を新設"
"43208","熊本県","","","山鹿市","やまがし","2005-01-15","山鹿市(43208)、鹿北町(43381)、菊鹿町(43382)、鹿本町(43383)、鹿央町(43384)が合併し、山鹿市を新設"
"43209","熊本県","","","牛深市","うしぶかし","2006-03-27","本渡市(43207)、牛深市(43209)、有明町(43523)、御所浦町(43526)、倉岳町(43527)、栖本町(43528)、新和町(43529)、五和町(43530)、天草町(43532)、河浦町(43533)が合併し、天草市(43215)を新設"
"43210","熊本県","","","菊池市","きくちし","2005-03-22","菊池市(43210)、七城町(43401)、旭志村(43402)、泗水町(43406)が合併し、菊池市を新設"
"43212","熊本県","","","上天草市","かみあまくさし","2004-03-31","大矢野町(43521)、松島町(43522)、姫戸町(43524)、龍ヶ岳町(43525)が合併し、上天草市(43212)を新設"
"43213","熊本県","","","宇城市","うきし","2005-01-15","三角町(43321)、不知火町(43322)、松橋町(43343)、小川町(43344)、豊野町(43345)が合併し、宇城市(43213)を新設
宇土郡(43320)の廃止"
"43214","熊本県","","","阿蘇市","あそし","2005-02-11","一の宮町(43421)、阿蘇町(43422)、波野村(43426)が合併し、阿蘇市(43214)を新設"
"43215","熊本県","","","天草市","あまくさし","2006-03-27","本渡市(43207)、牛深市(43209)、有明町(43523)、御所浦町(43526)、倉岳町(43527)、栖本町(43528)、新和町(43529)、五和町(43530)、天草町(43532)、河浦町(43533)が合併し、天草市(43215)を新設"
"43216","熊本県","","","合志市","こうしし","2006-02-27","合志町(43405)、西合志町(43407)が合併し、合志市(43216)を新設"
"43301","熊本県","飽託郡","ほうたくぐん","北部町","ほくぶまち","1991-02-01","北部町(43301)が熊本市(43201)に編入"
"43302","熊本県","飽託郡","ほうたくぐん","河内芳野村","かわちよしのむら","1971-04-01","河内芳野村(43302)が河内村に名称変更し、河内町(43302)に町制施行"
"43302","熊本県","飽託郡","ほうたくぐん","河内町","かわちまち","1971-04-01","河内芳野村(43302)が河内村に名称変更し、河内町(43302)に町制施行"
"43302","熊本県","飽託郡","ほうたくぐん","河内町","かわちまち","1991-02-01","河内町(43302)が熊本市(43201)に編入"
"43303","熊本県","飽託郡","ほうたくぐん","飽田町","あきたまち","1971-11-01","飽田村(43303)が飽田町(43303)に町制施行"
"43303","熊本県","飽託郡","ほうたくぐん","飽田村","あきたむら","1971-11-01","飽田村(43303)が飽田町(43303)に町制施行"
"43303","熊本県","飽託郡","ほうたくぐん","飽田町","あきたまち","1991-02-01","飽田町(43303)が熊本市(43201)に編入"
"43304","熊本県","飽託郡","ほうたくぐん","天明村","てんめいむら","1971-04-01","天明村(43304)が天明町(43304)に町制施行"
"43304","熊本県","飽託郡","ほうたくぐん","天明町","てんめいまち","1971-04-01","天明村(43304)が天明町(43304)に町制施行"
"43304","熊本県","飽託郡","ほうたくぐん","天明町","てんめいまち","1991-02-01","天明町(43304)が熊本市(43201)に編入
飽託郡(43300)の廃止"
"43305","熊本県","飽託郡","ほうたくぐん","託麻村","たくまむら","1970-11-01","託麻村(43305)が熊本市(43201)に編入"
"43321","熊本県","宇土郡","うとぐん","三角町","みすみまち","2005-01-15","三角町(43321)、不知火町(43322)、松橋町(43343)、小川町(43344)、豊野町(43345)が合併し、宇城市(43213)を新設
宇土郡(43320)の廃止"
"43322","熊本県","宇土郡","うとぐん","不知火町","しらぬひまち","2005-01-15","三角町(43321)、不知火町(43322)、松橋町(43343)、小川町(43344)、豊野町(43345)が合併し、宇城市(43213)を新設
宇土郡(43320)の廃止"
"43341","熊本県","下益城郡","しもましきぐん","城南町","じょうなんまち","2010-03-23","城南町(43341)が熊本市(43201)に編入"
"43342","熊本県","下益城郡","しもましきぐん","富合村","とみあいむら","1971-08-01","富合村(43342)が富合町(43342)に町制施行"
"43342","熊本県","下益城郡","しもましきぐん","富合町","とみあいまち","1971-08-01","富合村(43342)が富合町(43342)に町制施行"
"43342","熊本県","下益城郡","しもましきぐん","富合町","とみあいまち","2008-10-06","富合町(43342)が熊本市(43201)に編入"
"43343","熊本県","下益城郡","しもましきぐん","松橋町","まつばせまち","2005-01-15","三角町(43321)、不知火町(43322)、松橋町(43343)、小川町(43344)、豊野町(43345)が合併し、宇城市(43213)を新設
宇土郡(43320)の廃止"
"43344","熊本県","下益城郡","しもましきぐん","小川町","おがわまち","2005-01-15","三角町(43321)、不知火町(43322)、松橋町(43343)、小川町(43344)、豊野町(43345)が合併し、宇城市(43213)を新設
宇土郡(43320)の廃止"
"43345","熊本県","下益城郡","しもましきぐん","豊野村","とよのむら","2000-07-01","豊野村(43345)が豊野町(43345)に町制施行"
"43345","熊本県","下益城郡","しもましきぐん","豊野町","とよのまち","2000-07-01","豊野村(43345)が豊野町(43345)に町制施行"
"43345","熊本県","下益城郡","しもましきぐん","豊野町","とよのまち","2005-01-15","三角町(43321)、不知火町(43322)、松橋町(43343)、小川町(43344)、豊野町(43345)が合併し、宇城市(43213)を新設
宇土郡(43320)の廃止"
"43346","熊本県","下益城郡","しもましきぐん","中央村","ちゅうおうそん","1975-09-01","中央村(43346)が中央町(43346)に町制施行"
"43346","熊本県","下益城郡","しもましきぐん","中央町","ちゅうおうまち","1975-09-01","中央村(43346)が中央町(43346)に町制施行"
"43346","熊本県","下益城郡","しもましきぐん","中央町","ちゅうおうまち","2004-11-01","中央町(43346)、砥用町(43347)が合併し、美里町(43348)を新設"
"43347","熊本県","下益城郡","しもましきぐん","砥用町","ともちまち","2004-11-01","中央町(43346)、砥用町(43347)が合併し、美里町(43348)を新設"
"43348","熊本県","下益城郡","しもましきぐん","美里町","みさとまち","2004-11-01","中央町(43346)、砥用町(43347)が合併し、美里町(43348)を新設"
"43361","熊本県","玉名郡","たまなぐん","岱明町","たいめいまち","2005-10-03","玉名市(43206)、岱明町(43361)、横島町(43362)、天水町(43363)が合併し、玉名市を新設"
"43362","熊本県","玉名郡","たまなぐん","横島町","よこしままち","2005-10-03","玉名市(43206)、岱明町(43361)、横島町(43362)、天水町(43363)が合併し、玉名市を新設"
"43363","熊本県","玉名郡","たまなぐん","天水町","てんすいまち","2005-10-03","玉名市(43206)、岱明町(43361)、横島町(43362)、天水町(43363)が合併し、玉名市を新設"
"43365","熊本県","玉名郡","たまなぐん","菊水町","きくすいまち","2006-03-01","菊水町(43365)、三加和町(43366)が合併し、和水町(43369)を新設"
"43366","熊本県","玉名郡","たまなぐん","三加和町","みかわまち","2006-03-01","菊水町(43365)、三加和町(43366)が合併し、和水町(43369)を新設"
"43369","熊本県","玉名郡","たまなぐん","和水町","なごみまち","2006-03-01","菊水町(43365)、三加和町(43366)が合併し、和水町(43369)を新設"
"43381","熊本県","鹿本郡","かもとぐん","鹿北町","かほくまち","2005-01-15","山鹿市(43208)、鹿北町(43381)、菊鹿町(43382)、鹿本町(43383)、鹿央町(43384)が合併し、山鹿市を新設"
"43382","熊本県","鹿本郡","かもとぐん","菊鹿町","きくかまち","2005-01-15","山鹿市(43208)、鹿北町(43381)、菊鹿町(43382)、鹿本町(43383)、鹿央町(43384)が合併し、山鹿市を新設"
"43383","熊本県","鹿本郡","かもとぐん","鹿本町","かもとまち","2005-01-15","山鹿市(43208)、鹿北町(43381)、菊鹿町(43382)、鹿本町(43383)、鹿央町(43384)が合併し、山鹿市を新設"
"43384","熊本県","鹿本郡","かもとぐん","鹿央町","かおうまち","2005-01-15","山鹿市(43208)、鹿北町(43381)、菊鹿町(43382)、鹿本町(43383)、鹿央町(43384)が合併し、山鹿市を新設"
"43385","熊本県","鹿本郡","かもとぐん","植木町","うえきまち","2010-03-23","植木町(43385)が熊本市(43201)に編入
鹿本郡(43380)の廃止"
"43401","熊本県","菊池郡","きくちぐん","七城町","しちじょうまち","2005-03-22","菊池市(43210)、七城町(43401)、旭志村(43402)、泗水町(43406)が合併し、菊池市を新設"
"43402","熊本県","菊池郡","きくちぐん","旭志村","きょくしむら","2005-03-22","菊池市(43210)、七城町(43401)、旭志村(43402)、泗水町(43406)が合併し、菊池市を新設"
"43405","熊本県","菊池郡","きくちぐん","合志町","こうしまち","2006-02-27","合志町(43405)、西合志町(43407)が合併し、合志市(43216)を新設"
"43406","熊本県","菊池郡","きくちぐん","泗水町","しすいまち","2005-03-22","菊池市(43210)、七城町(43401)、旭志村(43402)、泗水町(43406)が合併し、菊池市を新設"
"43407","熊本県","菊池郡","きくちぐん","西合志町","にしごうしまち","2006-02-27","合志町(43405)、西合志町(43407)が合併し、合志市(43216)を新設"
"43421","熊本県","阿蘇郡","あそぐん","一の宮町","いちのみやまち","2005-02-11","一の宮町(43421)、阿蘇町(43422)、波野村(43426)が合併し、阿蘇市(43214)を新設"
"43422","熊本県","阿蘇郡","あそぐん","阿蘇町","あそまち","2005-02-11","一の宮町(43421)、阿蘇町(43422)、波野村(43426)が合併し、阿蘇市(43214)を新設"
"43426","熊本県","阿蘇郡","あそぐん","波野村","なみのそん","2005-02-11","一の宮町(43421)、阿蘇町(43422)、波野村(43426)が合併し、阿蘇市(43214)を新設"
"43427","熊本県","阿蘇郡","あそぐん","蘇陽町","そようまち","2005-02-11","蘇陽町(43427)、矢部町(43445)、清和村(43446)が合併し、山都町(43447)を新設"
"43429","熊本県","阿蘇郡","あそぐん","白水村","はくすいむら","2005-02-13","白水村(43429)、久木野村(43430)、長陽村(43431)が合併し、南阿蘇村(43433)を新設"
"43430","熊本県","阿蘇郡","あそぐん","久木野村","くぎのむら","2005-02-13","白水村(43429)、久木野村(43430)、長陽村(43431)が合併し、南阿蘇村(43433)を新設"
"43431","熊本県","阿蘇郡","あそぐん","長陽村","ちょうようむら","2005-02-13","白水村(43429)、久木野村(43430)、長陽村(43431)が合併し、南阿蘇村(43433)を新設"
"43433","熊本県","阿蘇郡","あそぐん","南阿蘇村","みなみあそむら","2005-02-13","白水村(43429)、久木野村(43430)、長陽村(43431)が合併し、南阿蘇村(43433)を新設"
"43445","熊本県","上益城郡","かみましきぐん","矢部町","やべまち","2005-02-11","蘇陽町(43427)、矢部町(43445)、清和村(43446)が合併し、山都町(43447)を新設"
"43446","熊本県","上益城郡","かみましきぐん","清和村","せいわそん","2005-02-11","蘇陽町(43427)、矢部町(43445)、清和村(43446)が合併し、山都町(43447)を新設"
"43447","熊本県","上益城郡","かみましきぐん","山都町","やまとちょう","2005-02-11","蘇陽町(43427)、矢部町(43445)、清和村(43446)が合併し、山都町(43447)を新設"
"43461","熊本県","八代郡","やつしろぐん","坂本村","さかもとむら","2005-08-01","八代市(43202)、坂本村(43461)、千丁町(43462)、鏡町(43463)、東陽村(43466)、泉村(43467)が合併し、八代市を新設"
"43462","熊本県","八代郡","やつしろぐん","千丁町","せんちょうまち","1976-09-01","千丁村(43462)が千丁町(43462)に町制施行"
"43462","熊本県","八代郡","やつしろぐん","千丁村","せんちょうむら","1976-09-01","千丁村(43462)が千丁町(43462)に町制施行"
"43462","熊本県","八代郡","やつしろぐん","千丁町","せんちょうまち","2005-08-01","八代市(43202)、坂本村(43461)、千丁町(43462)、鏡町(43463)、東陽村(43466)、泉村(43467)が合併し、八代市を新設"
"43463","熊本県","八代郡","やつしろぐん","鏡町","かがみまち","2005-08-01","八代市(43202)、坂本村(43461)、千丁町(43462)、鏡町(43463)、東陽村(43466)、泉村(43467)が合併し、八代市を新設"
"43464","熊本県","八代郡","やつしろぐん","竜北村","りゅうほくむら","1974-04-01","竜北村(43464)が竜北町(43464)に町制施行"
"43464","熊本県","八代郡","やつしろぐん","竜北町","りゅうほくまち","1974-04-01","竜北村(43464)が竜北町(43464)に町制施行"
"43464","熊本県","八代郡","やつしろぐん","竜北町","りゅうほくまち","2005-10-01","竜北町(43464)、宮原町(43465)が合併し、氷川町(43468)を新設"
"43465","熊本県","八代郡","やつしろぐん","宮原町","みやはらまち","2005-10-01","竜北町(43464)、宮原町(43465)が合併し、氷川町(43468)を新設"
"43466","熊本県","八代郡","やつしろぐん","東陽村","とうようむら","2005-08-01","八代市(43202)、坂本村(43461)、千丁町(43462)、鏡町(43463)、東陽村(43466)、泉村(43467)が合併し、八代市を新設"
"43467","熊本県","八代郡","やつしろぐん","泉村","いずみむら","2005-08-01","八代市(43202)、坂本村(43461)、千丁町(43462)、鏡町(43463)、東陽村(43466)、泉村(43467)が合併し、八代市を新設"
"43468","熊本県","八代郡","やつしろぐん","氷川町","ひかわちょう","2005-10-01","竜北町(43464)、宮原町(43465)が合併し、氷川町(43468)を新設"
"43481","熊本県","葦北郡","あしきたぐん","田浦町","たのうらまち","2005-01-01","田浦町(43481)、芦北町(43482)が合併し、芦北町を新設"
"43482","熊本県","葦北郡","あしきたぐん","芦北町","あしきたまち","1970-11-01","芦北町(43482)、湯浦町(43483)が合併し、芦北町を新設"
"43482","熊本県","葦北郡","あしきたぐん","芦北町","あしきたまち","2005-01-01","田浦町(43481)、芦北町(43482)が合併し、芦北町を新設"
"43483","熊本県","葦北郡","あしきたぐん","湯浦町","ゆのうらまち","1970-11-01","芦北町(43482)、湯浦町(43483)が合併し、芦北町を新設"
"43502","熊本県","球磨郡","くまぐん","上村","うえむら","2003-04-01","上村(43502)、免田町(43503)、岡原村(43504)、須恵村(43508)、深田村(43509)が合併し、あさぎり町(43514)を新設"
"43503","熊本県","球磨郡","くまぐん","免田町","めんだまち","2003-04-01","上村(43502)、免田町(43503)、岡原村(43504)、須恵村(43508)、深田村(43509)が合併し、あさぎり町(43514)を新設"
"43504","熊本県","球磨郡","くまぐん","岡原村","おかはるむら","2003-04-01","上村(43502)、免田町(43503)、岡原村(43504)、須恵村(43508)、深田村(43509)が合併し、あさぎり町(43514)を新設"
"43508","熊本県","球磨郡","くまぐん","須恵村","すえむら","2003-04-01","上村(43502)、免田町(43503)、岡原村(43504)、須恵村(43508)、深田村(43509)が合併し、あさぎり町(43514)を新設"
"43509","熊本県","球磨郡","くまぐん","深田村","ふかだむら","2003-04-01","上村(43502)、免田町(43503)、岡原村(43504)、須恵村(43508)、深田村(43509)が合併し、あさぎり町(43514)を新設"
"43514","熊本県","球磨郡","くまぐん","あさぎり町","あさぎりちょう","2003-04-01","上村(43502)、免田町(43503)、岡原村(43504)、須恵村(43508)、深田村(43509)が合併し、あさぎり町(43514)を新設"
"43521","熊本県","天草郡","あまくさぐん","大矢野町","おおやのまち","2004-03-31","大矢野町(43521)、松島町(43522)、姫戸町(43524)、龍ヶ岳町(43525)が合併し、上天草市(43212)を新設"
"43522","熊本県","天草郡","あまくさぐん","松島町","まつしままち","2004-03-31","大矢野町(43521)、松島町(43522)、姫戸町(43524)、龍ヶ岳町(43525)が合併し、上天草市(43212)を新設"
"43523","熊本県","天草郡","あまくさぐん","有明町","ありあけまち","2006-03-27","本渡市(43207)、牛深市(43209)、有明町(43523)、御所浦町(43526)、倉岳町(43527)、栖本町(43528)、新和町(43529)、五和町(43530)、天草町(43532)、河浦町(43533)が合併し、天草市(43215)を新設"
"43524","熊本県","天草郡","あまくさぐん","姫戸町","ひめどまち","2004-03-31","大矢野町(43521)、松島町(43522)、姫戸町(43524)、龍ヶ岳町(43525)が合併し、上天草市(43212)を新設"
"43525","熊本県","天草郡","あまくさぐん","龍ヶ岳町","りゅうがたけまち","2004-03-31","大矢野町(43521)、松島町(43522)、姫戸町(43524)、龍ヶ岳町(43525)が合併し、上天草市(43212)を新設"
"43526","熊本県","天草郡","あまくさぐん","御所浦町","ごしょうらまち","2006-03-27","本渡市(43207)、牛深市(43209)、有明町(43523)、御所浦町(43526)、倉岳町(43527)、栖本町(43528)、新和町(43529)、五和町(43530)、天草町(43532)、河浦町(43533)が合併し、天草市(43215)を新設"
"43527","熊本県","天草郡","あまくさぐん","倉岳町","くらたけまち","2006-03-27","本渡市(43207)、牛深市(43209)、有明町(43523)、御所浦町(43526)、倉岳町(43527)、栖本町(43528)、新和町(43529)、五和町(43530)、天草町(43532)、河浦町(43533)が合併し、天草市(43215)を新設"
"43528","熊本県","天草郡","あまくさぐん","栖本町","すもとまち","2006-03-27","本渡市(43207)、牛深市(43209)、有明町(43523)、御所浦町(43526)、倉岳町(43527)、栖本町(43528)、新和町(43529)、五和町(43530)、天草町(43532)、河浦町(43533)が合併し、天草市(43215)を新設"
"43529","熊本県","天草郡","あまくさぐん","新和町","しんわまち","2006-03-27","本渡市(43207)、牛深市(43209)、有明町(43523)、御所浦町(43526)、倉岳町(43527)、栖本町(43528)、新和町(43529)、五和町(43530)、天草町(43532)、河浦町(43533)が合併し、天草市(43215)を新設"
"43530","熊本県","天草郡","あまくさぐん","五和町","いつわまち","2006-03-27","本渡市(43207)、牛深市(43209)、有明町(43523)、御所浦町(43526)、倉岳町(43527)、栖本町(43528)、新和町(43529)、五和町(43530)、天草町(43532)、河浦町(43533)が合併し、天草市(43215)を新設"
"43532","熊本県","天草郡","あまくさぐん","天草町","あまくさまち","2006-03-27","本渡市(43207)、牛深市(43209)、有明町(43523)、御所浦町(43526)、倉岳町(43527)、栖本町(43528)、新和町(43529)、五和町(43530)、天草町(43532)、河浦町(43533)が合併し、天草市(43215)を新設"
"43533","熊本県","天草郡","あまくさぐん","河浦町","かわうらまち","2006-03-27","本渡市(43207)、牛深市(43209)、有明町(43523)、御所浦町(43526)、倉岳町(43527)、栖本町(43528)、新和町(43529)、五和町(43530)、天草町(43532)、河浦町(43533)が合併し、天草市(43215)を新設"
"44201","大分県","","","大分市","おおいたし","1997-04-01","大分市(44201)が中核市に移行"
"44201","大分県","","","大分市","おおいたし","2005-01-01","野津原町(44361)、佐賀関町(44381)が大分市(44201)に編入
北海部郡(44380)の廃止"
"44203","大分県","","","中津市","なかつし","2005-03-01","三光村(44501)、本耶馬溪町(44502)、耶馬渓町(44503)、山国町(44504)が中津市(44203)に編入
下毛郡(44500)の廃止"
"44204","大分県","","","日田市","ひたし","2005-03-22","前津江村(44481)、中津江村(44482)、上津江村(44483)、大山町(44484)、天瀬町(44485)が日田市(44204)に編入
日田郡(44480)の廃止"
"44205","大分県","","","佐伯市","さいきし","2005-03-03","佐伯市(44205)、上浦町(44401)、弥生町(44402)、本匠村(44403)、宇目町(44404)、直川村(44405)、鶴見町(44406)、米水津村(44407)、蒲江町(44408)が合併し、佐伯市を新設
南海部郡(44400)の廃止"
"44206","大分県","","","臼杵市","うすきし","2005-01-01","臼杵市(44206)、野津町(44421)が合併し、臼杵市を新設"
"44208","大分県","","","竹田市","たけたし","2005-04-01","竹田市(44208)、荻町(44441)、久住町(44442)、直入町(44443)が合併し、竹田市を新設
直入郡(44440)の廃止"
"44209","大分県","","","豊後高田市","ぶんごたかだし","2005-03-31","豊後高田市(44209)、真玉町(44302)、香々地町(44303)が合併し、豊後高田市を新設"
"44210","大分県","","","杵築市","きつきし","2005-10-01","杵築市(44210)、大田村(44301)、山香町(44342)が合併し、杵築市を新設
西国東郡(44300)の廃止"
"44211","大分県","","","宇佐市","うさし","2005-03-31","宇佐市(44211)、院内町(44521)、安心院町(44522)が合併し、宇佐市を新設
宇佐郡(44520)の廃止"
"44212","大分県","","","豊後大野市","ぶんごおおのし","2005-03-31","三重町(44422)、清川村(44423)、緒方町(44424)、朝地町(44425)、大野町(44426)、千歳村(44427)、犬飼町(44428)が合併し、豊後大野市(44212)を新設
大野郡(44420)の廃止"
"44213","大分県","","","由布市","ゆふし","2005-10-01","挾間町(44362)、庄内町(44363)、湯布院町(44364)が合併し、由布市(44213)を新設
大分郡(44360)の廃止"
"44214","大分県","","","国東市","くにさきし","2006-03-31","国見町(44321)、国東町(44323)、武蔵町(44324)、安岐町(44325)が合併し、国東市(44214)を新設"
"44301","大分県","西国東郡","にしくにさきぐん","大田村","おおたむら","2005-10-01","杵築市(44210)、大田村(44301)、山香町(44342)が合併し、杵築市を新設
西国東郡(44300)の廃止"
"44302","大分県","西国東郡","にしくにさきぐん","真玉町","またままち","2005-03-31","豊後高田市(44209)、真玉町(44302)、香々地町(44303)が合併し、豊後高田市を新設"
"44303","大分県","西国東郡","にしくにさきぐん","香々地町","かかぢちょう","2005-03-31","豊後高田市(44209)、真玉町(44302)、香々地町(44303)が合併し、豊後高田市を新設"
"44321","大分県","東国東郡","ひがしくにさきぐん","国見町","くにみちょう","2006-03-31","国見町(44321)、国東町(44323)、武蔵町(44324)、安岐町(44325)が合併し、国東市(44214)を新設"
"44323","大分県","東国東郡","ひがしくにさきぐん","国東町","くにさきまち","2006-03-31","国見町(44321)、国東町(44323)、武蔵町(44324)、安岐町(44325)が合併し、国東市(44214)を新設"
"44324","大分県","東国東郡","ひがしくにさきぐん","武蔵町","むさしまち","2006-03-31","国見町(44321)、国東町(44323)、武蔵町(44324)、安岐町(44325)が合併し、国東市(44214)を新設"
"44325","大分県","東国東郡","ひがしくにさきぐん","安岐町","あきまち","2006-03-31","国見町(44321)、国東町(44323)、武蔵町(44324)、安岐町(44325)が合併し、国東市(44214)を新設"
"44342","大分県","速見郡","はやみぐん","山香町","やまがまち","2005-10-01","杵築市(44210)、大田村(44301)、山香町(44342)が合併し、杵築市を新設
西国東郡(44300)の廃止"
"44361","大分県","大分郡","おおいたぐん","野津原町","のつはるまち","2005-01-01","野津原町(44361)、佐賀関町(44381)が大分市(44201)に編入
北海部郡(44380)の廃止"
"44362","大分県","大分郡","おおいたぐん","挾間町","はさままち","2005-10-01","挾間町(44362)、庄内町(44363)、湯布院町(44364)が合併し、由布市(44213)を新設
大分郡(44360)の廃止"
"44363","大分県","大分郡","おおいたぐん","庄内町","しょうないちょう","2005-10-01","挾間町(44362)、庄内町(44363)、湯布院町(44364)が合併し、由布市(44213)を新設
大分郡(44360)の廃止"
"44364","大分県","大分郡","おおいたぐん","湯布院町","ゆふいんちょう","2005-10-01","挾間町(44362)、庄内町(44363)、湯布院町(44364)が合併し、由布市(44213)を新設
大分郡(44360)の廃止"
"44381","大分県","北海部郡","きたあまべぐん","佐賀関町","さがのせきまち","2005-01-01","野津原町(44361)、佐賀関町(44381)が大分市(44201)に編入
北海部郡(44380)の廃止"
"44401","大分県","南海部郡","みなみあまべぐん","上浦町","かみうらまち","2005-03-03","佐伯市(44205)、上浦町(44401)、弥生町(44402)、本匠村(44403)、宇目町(44404)、直川村(44405)、鶴見町(44406)、米水津村(44407)、蒲江町(44408)が合併し、佐伯市を新設
南海部郡(44400)の廃止"
"44402","大分県","南海部郡","みなみあまべぐん","弥生町","やよいまち","2005-03-03","佐伯市(44205)、上浦町(44401)、弥生町(44402)、本匠村(44403)、宇目町(44404)、直川村(44405)、鶴見町(44406)、米水津村(44407)、蒲江町(44408)が合併し、佐伯市を新設
南海部郡(44400)の廃止"
"44403","大分県","南海部郡","みなみあまべぐん","本匠村","ほんじょうむら","2005-03-03","佐伯市(44205)、上浦町(44401)、弥生町(44402)、本匠村(44403)、宇目町(44404)、直川村(44405)、鶴見町(44406)、米水津村(44407)、蒲江町(44408)が合併し、佐伯市を新設
南海部郡(44400)の廃止"
"44404","大分県","南海部郡","みなみあまべぐん","宇目町","うめまち","2005-03-03","佐伯市(44205)、上浦町(44401)、弥生町(44402)、本匠村(44403)、宇目町(44404)、直川村(44405)、鶴見町(44406)、米水津村(44407)、蒲江町(44408)が合併し、佐伯市を新設
南海部郡(44400)の廃止"
"44405","大分県","南海部郡","みなみあまべぐん","直川村","なおかわそん","2005-03-03","佐伯市(44205)、上浦町(44401)、弥生町(44402)、本匠村(44403)、宇目町(44404)、直川村(44405)、鶴見町(44406)、米水津村(44407)、蒲江町(44408)が合併し、佐伯市を新設
南海部郡(44400)の廃止"
"44406","大分県","南海部郡","みなみあまべぐん","鶴見町","つるみまち","2005-03-03","佐伯市(44205)、上浦町(44401)、弥生町(44402)、本匠村(44403)、宇目町(44404)、直川村(44405)、鶴見町(44406)、米水津村(44407)、蒲江町(44408)が合併し、佐伯市を新設
南海部郡(44400)の廃止"
"44407","大分県","南海部郡","みなみあまべぐん","米水津村","よのうづむら","2005-03-03","佐伯市(44205)、上浦町(44401)、弥生町(44402)、本匠村(44403)、宇目町(44404)、直川村(44405)、鶴見町(44406)、米水津村(44407)、蒲江町(44408)が合併し、佐伯市を新設
南海部郡(44400)の廃止"
"44408","大分県","南海部郡","みなみあまべぐん","蒲江町","かまえちょう","2005-03-03","佐伯市(44205)、上浦町(44401)、弥生町(44402)、本匠村(44403)、宇目町(44404)、直川村(44405)、鶴見町(44406)、米水津村(44407)、蒲江町(44408)が合併し、佐伯市を新設
南海部郡(44400)の廃止"
"44421","大分県","大野郡","おおのぐん","野津町","のつまち","2005-01-01","臼杵市(44206)、野津町(44421)が合併し、臼杵市を新設"
"44422","大分県","大野郡","おおのぐん","三重町","みえまち","2005-03-31","三重町(44422)、清川村(44423)、緒方町(44424)、朝地町(44425)、大野町(44426)、千歳村(44427)、犬飼町(44428)が合併し、豊後大野市(44212)を新設
大野郡(44420)の廃止"
"44423","大分県","大野郡","おおのぐん","清川村","きよかわむら","2005-03-31","三重町(44422)、清川村(44423)、緒方町(44424)、朝地町(44425)、大野町(44426)、千歳村(44427)、犬飼町(44428)が合併し、豊後大野市(44212)を新設
大野郡(44420)の廃止"
"44424","大分県","大野郡","おおのぐん","緒方町","おがたまち","2005-03-31","三重町(44422)、清川村(44423)、緒方町(44424)、朝地町(44425)、大野町(44426)、千歳村(44427)、犬飼町(44428)が合併し、豊後大野市(44212)を新設
大野郡(44420)の廃止"
"44425","大分県","大野郡","おおのぐん","朝地町","あさじまち","2005-03-31","三重町(44422)、清川村(44423)、緒方町(44424)、朝地町(44425)、大野町(44426)、千歳村(44427)、犬飼町(44428)が合併し、豊後大野市(44212)を新設
大野郡(44420)の廃止"
"44426","大分県","大野郡","おおのぐん","大野町","おおのまち","2005-03-31","三重町(44422)、清川村(44423)、緒方町(44424)、朝地町(44425)、大野町(44426)、千歳村(44427)、犬飼町(44428)が合併し、豊後大野市(44212)を新設
大野郡(44420)の廃止"
"44427","大分県","大野郡","おおのぐん","千歳村","ちとせむら","2005-03-31","三重町(44422)、清川村(44423)、緒方町(44424)、朝地町(44425)、大野町(44426)、千歳村(44427)、犬飼町(44428)が合併し、豊後大野市(44212)を新設
大野郡(44420)の廃止"
"44428","大分県","大野郡","おおのぐん","犬飼町","いぬかいまち","2005-03-31","三重町(44422)、清川村(44423)、緒方町(44424)、朝地町(44425)、大野町(44426)、千歳村(44427)、犬飼町(44428)が合併し、豊後大野市(44212)を新設
大野郡(44420)の廃止"
"44441","大分県","直入郡","なおいりぐん","荻町","おぎまち","2005-04-01","竹田市(44208)、荻町(44441)、久住町(44442)、直入町(44443)が合併し、竹田市を新設
直入郡(44440)の廃止"
"44442","大分県","直入郡","なおいりぐん","久住町","くじゅうまち","2005-04-01","竹田市(44208)、荻町(44441)、久住町(44442)、直入町(44443)が合併し、竹田市を新設
直入郡(44440)の廃止"
"44443","大分県","直入郡","なおいりぐん","直入町","なおいりまち","2005-04-01","竹田市(44208)、荻町(44441)、久住町(44442)、直入町(44443)が合併し、竹田市を新設
直入郡(44440)の廃止"
"44481","大分県","日田郡","ひたぐん","前津江村","まえつえむら","2005-03-22","前津江村(44481)、中津江村(44482)、上津江村(44483)、大山町(44484)、天瀬町(44485)が日田市(44204)に編入
日田郡(44480)の廃止"
"44482","大分県","日田郡","ひたぐん","中津江村","なかつえむら","2005-03-22","前津江村(44481)、中津江村(44482)、上津江村(44483)、大山町(44484)、天瀬町(44485)が日田市(44204)に編入
日田郡(44480)の廃止"
"44483","大分県","日田郡","ひたぐん","上津江村","かみつえむら","2005-03-22","前津江村(44481)、中津江村(44482)、上津江村(44483)、大山町(44484)、天瀬町(44485)が日田市(44204)に編入
日田郡(44480)の廃止"
"44484","大分県","日田郡","ひたぐん","大山町","おおやままち","2005-03-22","前津江村(44481)、中津江村(44482)、上津江村(44483)、大山町(44484)、天瀬町(44485)が日田市(44204)に編入
日田郡(44480)の廃止"
"44485","大分県","日田郡","ひたぐん","天瀬町","あまがせまち","2005-03-22","前津江村(44481)、中津江村(44482)、上津江村(44483)、大山町(44484)、天瀬町(44485)が日田市(44204)に編入
日田郡(44480)の廃止"
"44501","大分県","下毛郡","しもげぐん","三光村","さんこうむら","2005-03-01","三光村(44501)、本耶馬溪町(44502)、耶馬渓町(44503)、山国町(44504)が中津市(44203)に編入
下毛郡(44500)の廃止"
"44502","大分県","下毛郡","しもげぐん","本耶馬溪町","ほんやばけいまち","2005-03-01","三光村(44501)、本耶馬溪町(44502)、耶馬渓町(44503)、山国町(44504)が中津市(44203)に編入
下毛郡(44500)の廃止"
"44503","大分県","下毛郡","しもげぐん","耶馬渓町","やばけいまち","2005-03-01","三光村(44501)、本耶馬溪町(44502)、耶馬渓町(44503)、山国町(44504)が中津市(44203)に編入
下毛郡(44500)の廃止"
"44504","大分県","下毛郡","しもげぐん","山国町","やまくにまち","2005-03-01","三光村(44501)、本耶馬溪町(44502)、耶馬渓町(44503)、山国町(44504)が中津市(44203)に編入
下毛郡(44500)の廃止"
"44521","大分県","宇佐郡","うさぐん","院内町","いんないまち","2005-03-31","宇佐市(44211)、院内町(44521)、安心院町(44522)が合併し、宇佐市を新設
宇佐郡(44520)の廃止"
"44522","大分県","宇佐郡","うさぐん","安心院町","あじむまち","2005-03-31","宇佐市(44211)、院内町(44521)、安心院町(44522)が合併し、宇佐市を新設
宇佐郡(44520)の廃止"
"45201","宮崎県","","","宮崎市","みやざきし","1998-04-01","宮崎市(45201)が中核市に移行"
"45201","宮崎県","","","宮崎市","みやざきし","2006-01-01","佐土原町(45303)が宮崎市(45201)に編入"
"45201","宮崎県","","","宮崎市","みやざきし","2006-01-01","高岡町(45381)が宮崎市(45201)に編入"
"45201","宮崎県","","","宮崎市","みやざきし","2006-01-01","田野町(45302)が宮崎市(45201)に編入"
"45201","宮崎県","","","宮崎市","みやざきし","2010-03-23","清武町(45301)が宮崎市(45201)に編入
宮崎郡(45300)の廃止"
"45202","宮崎県","","","都城市","みやこのじょうし","2006-01-01","都城市(45202)、山之口町(45342)、高城町(45343)、山田町(45344)、高崎町(45345)が合併し、都城市を新設"
"45203","宮崎県","","","延岡市","のべおかし","2006-02-20","北方町(45426)、北浦町(45428)が延岡市(45203)に編入"
"45203","宮崎県","","","延岡市","のべおかし","2007-03-31","北川町(45427)が延岡市(45203)に編入"
"45204","宮崎県","","","日南市","にちなんし","2009-03-30","日南市(45204)、北郷町(45321)、南郷町(45322)が合併し、日南市を新設
南那珂郡(45320)の廃止"
"45205","宮崎県","","","小林市","こばやしし","2006-03-20","小林市(45205)、須木村(45363)が合併し、小林市を新設"
"45205","宮崎県","","","小林市","こばやしし","2010-03-23","野尻町(45362)が小林市(45205)に編入"
"45206","宮崎県","","","日向市","ひゅうがし","2006-02-25","東郷町(45422)が日向市(45206)に編入"
"45209","宮崎県","","","えびの市","えびのし","1970-12-01","えびの町(45364)がえびの市(45209)に市制施行"
"45301","宮崎県","宮崎郡","みやざきぐん","清武町","きよたけちょう","2010-03-23","清武町(45301)が宮崎市(45201)に編入
宮崎郡(45300)の廃止"
"45302","宮崎県","宮崎郡","みやざきぐん","田野町","たのちょう","2006-01-01","田野町(45302)が宮崎市(45201)に編入"
"45303","宮崎県","宮崎郡","みやざきぐん","佐土原町","さどわらちょう","2006-01-01","佐土原町(45303)が宮崎市(45201)に編入"
"45321","宮崎県","南那珂郡","みなみなかぐん","北郷町","きたごうちょう","2009-03-30","日南市(45204)、北郷町(45321)、南郷町(45322)が合併し、日南市を新設
南那珂郡(45320)の廃止"
"45322","宮崎県","南那珂郡","みなみなかぐん","南郷町","なんごうちょう","2009-03-30","日南市(45204)、北郷町(45321)、南郷町(45322)が合併し、日南市を新設
南那珂郡(45320)の廃止"
"45342","宮崎県","北諸県郡","きたもろかたぐん","山之口町","やまのくちちょう","2006-01-01","都城市(45202)、山之口町(45342)、高城町(45343)、山田町(45344)、高崎町(45345)が合併し、都城市を新設"
"45343","宮崎県","北諸県郡","きたもろかたぐん","高城町","たかじょうちょう","2006-01-01","都城市(45202)、山之口町(45342)、高城町(45343)、山田町(45344)、高崎町(45345)が合併し、都城市を新設"
"45344","宮崎県","北諸県郡","きたもろかたぐん","山田町","やまだちょう","2006-01-01","都城市(45202)、山之口町(45342)、高城町(45343)、山田町(45344)、高崎町(45345)が合併し、都城市を新設"
"45345","宮崎県","北諸県郡","きたもろかたぐん","高崎町","たかざきちょう","2006-01-01","都城市(45202)、山之口町(45342)、高城町(45343)、山田町(45344)、高崎町(45345)が合併し、都城市を新設"
"45362","宮崎県","西諸県郡","にしもろかたぐん","野尻町","のじりちょう","2010-03-23","野尻町(45362)が小林市(45205)に編入"
"45363","宮崎県","西諸県郡","にしもろかたぐん","須木村","すきそん","2006-03-20","小林市(45205)、須木村(45363)が合併し、小林市を新設"
"45364","宮崎県","西諸県郡","にしもろかたぐん","えびの町","えびのちょう","1970-12-01","えびの町(45364)がえびの市(45209)に市制施行"
"45381","宮崎県","東諸県郡","ひがしもろかたぐん","高岡町","たかおかちょう","2006-01-01","高岡町(45381)が宮崎市(45201)に編入"
"45404","宮崎県","児湯郡","こゆぐん","木城村","きじょうそん","1973-04-01","木城村(45404)が木城町(45404)に町制施行"
"45404","宮崎県","児湯郡","こゆぐん","木城町","きじょうちょう","1973-04-01","木城村(45404)が木城町(45404)に町制施行"
"45422","宮崎県","東臼杵郡","ひがしうすきぐん","東郷町","とうごうちょう","2006-02-25","東郷町(45422)が日向市(45206)に編入"
"45423","宮崎県","東臼杵郡","ひがしうすきぐん","南郷村","なんごうそん","2006-01-01","南郷村(45423)、西郷村(45424)、北郷村(45425)が合併し、美郷町(45431)を新設"
"45424","宮崎県","東臼杵郡","ひがしうすきぐん","西郷村","さいごうそん","2006-01-01","南郷村(45423)、西郷村(45424)、北郷村(45425)が合併し、美郷町(45431)を新設"
"45425","宮崎県","東臼杵郡","ひがしうすきぐん","北郷村","きたごうそん","2006-01-01","南郷村(45423)、西郷村(45424)、北郷村(45425)が合併し、美郷町(45431)を新設"
"45426","宮崎県","東臼杵郡","ひがしうすきぐん","北方村","きたかたそん","1970-11-03","北方村(45426)が北方町(45426)に町制施行"
"45426","宮崎県","東臼杵郡","ひがしうすきぐん","北方町","きたかたちょう","1970-11-03","北方村(45426)が北方町(45426)に町制施行"
"45426","宮崎県","東臼杵郡","ひがしうすきぐん","北方町","きたかたちょう","2006-02-20","北方町(45426)、北浦町(45428)が延岡市(45203)に編入"
"45427","宮崎県","東臼杵郡","ひがしうすきぐん","北川町","きたがわちょう","1972-11-01","北川村(45427)が北川町(45427)に町制施行"
"45427","宮崎県","東臼杵郡","ひがしうすきぐん","北川村","きたがわそん","1972-11-01","北川村(45427)が北川町(45427)に町制施行"
"45427","宮崎県","東臼杵郡","ひがしうすきぐん","北川町","きたがわちょう","2007-03-31","北川町(45427)が延岡市(45203)に編入"
"45428","宮崎県","東臼杵郡","ひがしうすきぐん","北浦村","きたうらそん","1972-11-01","北浦村(45428)が北浦町(45428)に町制施行"
"45428","宮崎県","東臼杵郡","ひがしうすきぐん","北浦町","きたうらちょう","1972-11-01","北浦村(45428)が北浦町(45428)に町制施行"
"45428","宮崎県","東臼杵郡","ひがしうすきぐん","北浦町","きたうらちょう","2006-02-20","北方町(45426)、北浦町(45428)が延岡市(45203)に編入"
"45431","宮崎県","東臼杵郡","ひがしうすきぐん","美郷町","みさとちょう","2006-01-01","南郷村(45423)、西郷村(45424)、北郷村(45425)が合併し、美郷町(45431)を新設"
"46201","鹿児島県","","","鹿児島市","かごしまし","1996-04-01","鹿児島市(46201)が中核市に移行"
"46201","鹿児島県","","","鹿児島市","かごしまし","2004-11-01","吉田町(46301)、桜島町(46302)、喜入町(46321)、松元町(46364)、郡山町(46365)が鹿児島市(46201)に編入"
"46202","鹿児島県","","","川内市","せんだいし","2004-10-12","川内市(46202)、樋脇町(46381)、入来町(46382)、東郷町(46383)、祁答院町(46387)、里村(46388)、上甑村(46389)、下甑村(46390)、鹿島村(46391)が合併し、薩摩川内市(46215)を新設"
"46203","鹿児島県","","","鹿屋市","かのやし","2006-01-01","鹿屋市(46203)、輝北町(46462)、串良町(46481)、吾平町(46485)が合併し、鹿屋市を新設"
"46205","鹿児島県","","","串木野市","くしきのし","2005-10-11","串木野市(46205)、市来町(46361)が合併し、いちき串木野市(46219)を新設"
"46207","鹿児島県","","","名瀬市","なぜし","2006-03-20","名瀬市(46207)、住用村(46526)、笠利町(46528)が合併し、奄美市(46222)を新設"
"46208","鹿児島県","","","出水市","いずみし","2006-03-13","出水市(46208)、野田町(46401)、高尾野町(46402)が合併し、出水市を新設"
"46209","鹿児島県","","","大口市","おおくちし","2008-11-01","大口市(46209)、菱刈町(46421)が合併し、伊佐市(46224)を新設
伊佐郡(46420)の廃止"
"46210","鹿児島県","","","指宿市","いぶすきし","2006-01-01","指宿市(46210)、山川町(46322)、開聞町(46324)が合併し、指宿市を新設"
"46211","鹿児島県","","","加世田市","かせだし","2005-11-07","加世田市(46211)、笠沙町(46341)、大浦町(46342)、坊津町(46343)、金峰町(46368)が合併し、南さつま市(46220)を新設
日置郡(46360)の廃止"
"46212","鹿児島県","","","国分市","こくぶし","2005-11-07","国分市(46212)、溝辺町(46444)、横川町(46445)、牧園町(46448)、霧島町(46449)、隼人町(46450)、福山町(46451)が合併し、霧島市(46218)を新設"
"46215","鹿児島県","","","薩摩川内市","さつませんだいし","2004-10-12","川内市(46202)、樋脇町(46381)、入来町(46382)、東郷町(46383)、祁答院町(46387)、里村(46388)、上甑村(46389)、下甑村(46390)、鹿島村(46391)が合併し、薩摩川内市(46215)を新設"
"46216","鹿児島県","","","日置市","ひおきし","2005-05-01","東市来町(46362)、伊集院町(46363)、日吉町(46366)、吹上町(46367)が合併し、日置市(46216)を新設"
"46217","鹿児島県","","","曽於市","そおし","2005-07-01","大隅町(46461)、財部町(46463)、末吉町(46464)が合併し、曽於市(46217)を新設"
"46218","鹿児島県","","","霧島市","きりしまし","2005-11-07","国分市(46212)、溝辺町(46444)、横川町(46445)、牧園町(46448)、霧島町(46449)、隼人町(46450)、福山町(46451)が合併し、霧島市(46218)を新設"
"46219","鹿児島県","","","いちき串木野市","いちきくしきのし","2005-10-11","串木野市(46205)、市来町(46361)が合併し、いちき串木野市(46219)を新設"
"46220","鹿児島県","","","南さつま市","みなみさつまし","2005-11-07","加世田市(46211)、笠沙町(46341)、大浦町(46342)、坊津町(46343)、金峰町(46368)が合併し、南さつま市(46220)を新設
日置郡(46360)の廃止"
"46221","鹿児島県","","","志布志市","しぶしし","2006-01-01","松山町(46465)、志布志町(46466)、有明町(46467)が合併し、志布志市(46221)を新設"
"46222","鹿児島県","","","奄美市","あまみし","2006-03-20","名瀬市(46207)、住用村(46526)、笠利町(46528)が合併し、奄美市(46222)を新設"
"46223","鹿児島県","","","南九州市","みなみきゅうしゅうし","2007-12-01","頴娃町(46323)、知覧町(46344)、川辺町(46345)が合併し、南九州市(46223)を新設
川辺郡(46340)の廃止
揖宿郡(46320)の廃止"
"46224","鹿児島県","","","伊佐市","いさし","2008-11-01","大口市(46209)、菱刈町(46421)が合併し、伊佐市(46224)を新設
伊佐郡(46420)の廃止"
"46225","鹿児島県","","","姶良市","あいらし","2010-03-23","加治木町(46441)、姶良町(46442)、蒲生町(46443)が合併し、姶良市(46225)を新設"
"46301","鹿児島県","鹿児島郡","かごしまぐん","吉田町","よしだちょう","1972-11-01","吉田村(46301)が吉田町(46301)に町制施行"
"46301","鹿児島県","鹿児島郡","かごしまぐん","吉田村","よしだそん","1972-11-01","吉田村(46301)が吉田町(46301)に町制施行"
"46301","鹿児島県","鹿児島郡","かごしまぐん","吉田町","よしだちょう","2004-11-01","吉田町(46301)、桜島町(46302)、喜入町(46321)、松元町(46364)、郡山町(46365)が鹿児島市(46201)に編入"
"46302","鹿児島県","鹿児島郡","かごしまぐん","西桜島村","にしさくらじまそん","1973-05-01","西桜島村(46302)が桜島村に名称変更し、桜島町(46302)に町制施行"
"46302","鹿児島県","鹿児島郡","かごしまぐん","桜島町","さくらじまちょう","1973-05-01","西桜島村(46302)が桜島村に名称変更し、桜島町(46302)に町制施行"
"46302","鹿児島県","鹿児島郡","かごしまぐん","桜島町","さくらじまちょう","2004-11-01","吉田町(46301)、桜島町(46302)、喜入町(46321)、松元町(46364)、郡山町(46365)が鹿児島市(46201)に編入"
"46303","鹿児島県","鹿児島郡","かごしまぐん","三島村","みしまむら","1973-04-01","大島郡三島村(46521)が鹿児島郡三島村(46303)に郡の区域変更"
"46304","鹿児島県","鹿児島郡","かごしまぐん","十島村","としまむら","1973-04-01","大島郡十島村(46522)が鹿児島郡十島村(46304)に郡の区域変更"
"46321","鹿児島県","揖宿郡","いぶすきぐん","喜入町","きいれちょう","2004-11-01","吉田町(46301)、桜島町(46302)、喜入町(46321)、松元町(46364)、郡山町(46365)が鹿児島市(46201)に編入"
"46322","鹿児島県","揖宿郡","いぶすきぐん","山川町","やまがわちょう","2006-01-01","指宿市(46210)、山川町(46322)、開聞町(46324)が合併し、指宿市を新設"
"46323","鹿児島県","揖宿郡","いぶすきぐん","頴娃町","えいちょう","2007-12-01","頴娃町(46323)、知覧町(46344)、川辺町(46345)が合併し、南九州市(46223)を新設
川辺郡(46340)の廃止
揖宿郡(46320)の廃止"
"46324","鹿児島県","揖宿郡","いぶすきぐん","開聞町","かいもんちょう","2006-01-01","指宿市(46210)、山川町(46322)、開聞町(46324)が合併し、指宿市を新設"
"46341","鹿児島県","川辺郡","かわなべぐん","笠沙町","かささちょう","2005-11-07","加世田市(46211)、笠沙町(46341)、大浦町(46342)、坊津町(46343)、金峰町(46368)が合併し、南さつま市(46220)を新設
日置郡(46360)の廃止"
"46342","鹿児島県","川辺郡","かわなべぐん","大浦町","おおうらちょう","2005-11-07","加世田市(46211)、笠沙町(46341)、大浦町(46342)、坊津町(46343)、金峰町(46368)が合併し、南さつま市(46220)を新設
日置郡(46360)の廃止"
"46343","鹿児島県","川辺郡","かわなべぐん","坊津町","ぼうのつちょう","2005-11-07","加世田市(46211)、笠沙町(46341)、大浦町(46342)、坊津町(46343)、金峰町(46368)が合併し、南さつま市(46220)を新設
日置郡(46360)の廃止"
"46344","鹿児島県","川辺郡","かわなべぐん","知覧町","ちらんちょう","2007-12-01","頴娃町(46323)、知覧町(46344)、川辺町(46345)が合併し、南九州市(46223)を新設
川辺郡(46340)の廃止
揖宿郡(46320)の廃止"
"46345","鹿児島県","川辺郡","かわなべぐん","川辺町","かわなべちょう","2007-12-01","頴娃町(46323)、知覧町(46344)、川辺町(46345)が合併し、南九州市(46223)を新設
川辺郡(46340)の廃止
揖宿郡(46320)の廃止"
"46361","鹿児島県","日置郡","ひおきぐん","市来町","いちきちょう","2005-10-11","串木野市(46205)、市来町(46361)が合併し、いちき串木野市(46219)を新設"
"46362","鹿児島県","日置郡","ひおきぐん","東市来町","ひがしいちきちょう","2005-05-01","東市来町(46362)、伊集院町(46363)、日吉町(46366)、吹上町(46367)が合併し、日置市(46216)を新設"
"46363","鹿児島県","日置郡","ひおきぐん","伊集院町","いじゅういんちょう","2005-05-01","東市来町(46362)、伊集院町(46363)、日吉町(46366)、吹上町(46367)が合併し、日置市(46216)を新設"
"46364","鹿児島県","日置郡","ひおきぐん","松元町","まつもとちょう","2004-11-01","吉田町(46301)、桜島町(46302)、喜入町(46321)、松元町(46364)、郡山町(46365)が鹿児島市(46201)に編入"
"46365","鹿児島県","日置郡","ひおきぐん","郡山町","こおりやまちょう","2004-11-01","吉田町(46301)、桜島町(46302)、喜入町(46321)、松元町(46364)、郡山町(46365)が鹿児島市(46201)に編入"
"46366","鹿児島県","日置郡","ひおきぐん","日吉町","ひよしちょう","2005-05-01","東市来町(46362)、伊集院町(46363)、日吉町(46366)、吹上町(46367)が合併し、日置市(46216)を新設"
"46367","鹿児島県","日置郡","ひおきぐん","吹上町","ふきあげちょう","2005-05-01","東市来町(46362)、伊集院町(46363)、日吉町(46366)、吹上町(46367)が合併し、日置市(46216)を新設"
"46368","鹿児島県","日置郡","ひおきぐん","金峰町","きんぽうちょう","2005-11-07","加世田市(46211)、笠沙町(46341)、大浦町(46342)、坊津町(46343)、金峰町(46368)が合併し、南さつま市(46220)を新設
日置郡(46360)の廃止"
"46381","鹿児島県","薩摩郡","さつまぐん","樋脇町","ひわきちょう","2004-10-12","川内市(46202)、樋脇町(46381)、入来町(46382)、東郷町(46383)、祁答院町(46387)、里村(46388)、上甑村(46389)、下甑村(46390)、鹿島村(46391)が合併し、薩摩川内市(46215)を新設"
"46382","鹿児島県","薩摩郡","さつまぐん","入来町","いりきちょう","2004-10-12","川内市(46202)、樋脇町(46381)、入来町(46382)、東郷町(46383)、祁答院町(46387)、里村(46388)、上甑村(46389)、下甑村(46390)、鹿島村(46391)が合併し、薩摩川内市(46215)を新設"
"46383","鹿児島県","薩摩郡","さつまぐん","東郷町","とうごうちょう","2004-10-12","川内市(46202)、樋脇町(46381)、入来町(46382)、東郷町(46383)、祁答院町(46387)、里村(46388)、上甑村(46389)、下甑村(46390)、鹿島村(46391)が合併し、薩摩川内市(46215)を新設"
"46384","鹿児島県","薩摩郡","さつまぐん","宮之城町","みやのじょうちょう","2005-03-22","宮之城町(46384)、鶴田町(46385)、薩摩町(46386)が合併し、さつま町(46392)を新設"
"46385","鹿児島県","薩摩郡","さつまぐん","鶴田町","つるだちょう","2005-03-22","宮之城町(46384)、鶴田町(46385)、薩摩町(46386)が合併し、さつま町(46392)を新設"
"46386","鹿児島県","薩摩郡","さつまぐん","薩摩町","さつまちょう","2005-03-22","宮之城町(46384)、鶴田町(46385)、薩摩町(46386)が合併し、さつま町(46392)を新設"
"46387","鹿児島県","薩摩郡","さつまぐん","祁答院町","けどういんちょう","2004-10-12","川内市(46202)、樋脇町(46381)、入来町(46382)、東郷町(46383)、祁答院町(46387)、里村(46388)、上甑村(46389)、下甑村(46390)、鹿島村(46391)が合併し、薩摩川内市(46215)を新設"
"46388","鹿児島県","薩摩郡","さつまぐん","里村","さとむら","2004-10-12","川内市(46202)、樋脇町(46381)、入来町(46382)、東郷町(46383)、祁答院町(46387)、里村(46388)、上甑村(46389)、下甑村(46390)、鹿島村(46391)が合併し、薩摩川内市(46215)を新設"
"46389","鹿児島県","薩摩郡","さつまぐん","上甑村","かみこしきむら","2004-10-12","川内市(46202)、樋脇町(46381)、入来町(46382)、東郷町(46383)、祁答院町(46387)、里村(46388)、上甑村(46389)、下甑村(46390)、鹿島村(46391)が合併し、薩摩川内市(46215)を新設"
"46390","鹿児島県","薩摩郡","さつまぐん","下甑村","しもこしきそん","2004-10-12","川内市(46202)、樋脇町(46381)、入来町(46382)、東郷町(46383)、祁答院町(46387)、里村(46388)、上甑村(46389)、下甑村(46390)、鹿島村(46391)が合併し、薩摩川内市(46215)を新設"
"46391","鹿児島県","薩摩郡","さつまぐん","鹿島村","かしまむら","2004-10-12","川内市(46202)、樋脇町(46381)、入来町(46382)、東郷町(46383)、祁答院町(46387)、里村(46388)、上甑村(46389)、下甑村(46390)、鹿島村(46391)が合併し、薩摩川内市(46215)を新設"
"46392","鹿児島県","薩摩郡","さつまぐん","さつま町","さつまちょう","2005-03-22","宮之城町(46384)、鶴田町(46385)、薩摩町(46386)が合併し、さつま町(46392)を新設"
"46401","鹿児島県","出水郡","いずみぐん","野田町","のだちょう","1975-04-01","野田村(46401)が野田町(46401)に町制施行"
"46401","鹿児島県","出水郡","いずみぐん","野田村","のだむら","1975-04-01","野田村(46401)が野田町(46401)に町制施行"
"46401","鹿児島県","出水郡","いずみぐん","野田町","のだちょう","2006-03-13","出水市(46208)、野田町(46401)、高尾野町(46402)が合併し、出水市を新設"
"46402","鹿児島県","出水郡","いずみぐん","高尾野町","たかおのちょう","2006-03-13","出水市(46208)、野田町(46401)、高尾野町(46402)が合併し、出水市を新設"
"46403","鹿児島県","出水郡","いずみぐん","東町","あずまちょう","2006-03-20","東町(46403)、長島町(46404)が合併し、長島町を新設"
"46404","鹿児島県","出水郡","いずみぐん","長島町","ながしまちょう","2006-03-20","東町(46403)、長島町(46404)が合併し、長島町を新設"
"46421","鹿児島県","伊佐郡","いさぐん","菱刈町","ひしかりちょう","2008-11-01","大口市(46209)、菱刈町(46421)が合併し、伊佐市(46224)を新設
伊佐郡(46420)の廃止"
"46441","鹿児島県","姶良郡","あいらぐん","加治木町","かじきちょう","2010-03-23","加治木町(46441)、姶良町(46442)、蒲生町(46443)が合併し、姶良市(46225)を新設"
"46442","鹿児島県","姶良郡","あいらぐん","姶良町","あいらちょう","2010-03-23","加治木町(46441)、姶良町(46442)、蒲生町(46443)が合併し、姶良市(46225)を新設"
"46443","鹿児島県","姶良郡","あいらぐん","蒲生町","かもうちょう","2010-03-23","加治木町(46441)、姶良町(46442)、蒲生町(46443)が合併し、姶良市(46225)を新設"
"46444","鹿児島県","姶良郡","あいらぐん","溝辺町","みぞべちょう","2005-11-07","国分市(46212)、溝辺町(46444)、横川町(46445)、牧園町(46448)、霧島町(46449)、隼人町(46450)、福山町(46451)が合併し、霧島市(46218)を新設"
"46445","鹿児島県","姶良郡","あいらぐん","横川町","よこがわちょう","2005-11-07","国分市(46212)、溝辺町(46444)、横川町(46445)、牧園町(46448)、霧島町(46449)、隼人町(46450)、福山町(46451)が合併し、霧島市(46218)を新設"
"46446","鹿児島県","姶良郡","あいらぐん","栗野町","くりのちょう","2005-03-22","栗野町(46446)、吉松町(46447)が合併し、湧水町(46452)を新設"
"46447","鹿児島県","姶良郡","あいらぐん","吉松町","よしまつちょう","2005-03-22","栗野町(46446)、吉松町(46447)が合併し、湧水町(46452)を新設"
"46448","鹿児島県","姶良郡","あいらぐん","牧園町","まきぞのちょう","2005-11-07","国分市(46212)、溝辺町(46444)、横川町(46445)、牧園町(46448)、霧島町(46449)、隼人町(46450)、福山町(46451)が合併し、霧島市(46218)を新設"
"46449","鹿児島県","姶良郡","あいらぐん","霧島町","きりしまちょう","2005-11-07","国分市(46212)、溝辺町(46444)、横川町(46445)、牧園町(46448)、霧島町(46449)、隼人町(46450)、福山町(46451)が合併し、霧島市(46218)を新設"
"46450","鹿児島県","姶良郡","あいらぐん","隼人町","はやとちょう","2005-11-07","国分市(46212)、溝辺町(46444)、横川町(46445)、牧園町(46448)、霧島町(46449)、隼人町(46450)、福山町(46451)が合併し、霧島市(46218)を新設"
"46451","鹿児島県","姶良郡","あいらぐん","福山町","ふくやまちょう","2005-11-07","国分市(46212)、溝辺町(46444)、横川町(46445)、牧園町(46448)、霧島町(46449)、隼人町(46450)、福山町(46451)が合併し、霧島市(46218)を新設"
"46452","鹿児島県","姶良郡","あいらぐん","湧水町","ゆうすいちょう","2005-03-22","栗野町(46446)、吉松町(46447)が合併し、湧水町(46452)を新設"
"46461","鹿児島県","曽於郡","そおぐん","大隅町","おおすみちょう","2005-07-01","大隅町(46461)、財部町(46463)、末吉町(46464)が合併し、曽於市(46217)を新設"
"46462","鹿児島県","曽於郡","そおぐん","輝北町","きほくちょう","2006-01-01","鹿屋市(46203)、輝北町(46462)、串良町(46481)、吾平町(46485)が合併し、鹿屋市を新設"
"46463","鹿児島県","曽於郡","そおぐん","財部町","たからべちょう","2005-07-01","大隅町(46461)、財部町(46463)、末吉町(46464)が合併し、曽於市(46217)を新設"
"46464","鹿児島県","曽於郡","そおぐん","末吉町","すえよしちょう","2005-07-01","大隅町(46461)、財部町(46463)、末吉町(46464)が合併し、曽於市(46217)を新設"
"46465","鹿児島県","曽於郡","そおぐん","松山町","まつやまちょう","2006-01-01","松山町(46465)、志布志町(46466)、有明町(46467)が合併し、志布志市(46221)を新設"
"46466","鹿児島県","曽於郡","そおぐん","志布志町","しぶしちょう","2006-01-01","松山町(46465)、志布志町(46466)、有明町(46467)が合併し、志布志市(46221)を新設"
"46467","鹿児島県","曽於郡","そおぐん","有明町","ありあけちょう","2006-01-01","松山町(46465)、志布志町(46466)、有明町(46467)が合併し、志布志市(46221)を新設"
"46481","鹿児島県","肝属郡","きもつきぐん","串良町","くしらちょう","2006-01-01","鹿屋市(46203)、輝北町(46462)、串良町(46481)、吾平町(46485)が合併し、鹿屋市を新設"
"46483","鹿児島県","肝属郡","きもつきぐん","内之浦町","うちのうらちょう","2005-07-01","内之浦町(46483)、高山町(46484)が合併し、肝付町(46492)を新設"
"46484","鹿児島県","肝属郡","きもつきぐん","高山町","こうやまちょう","2005-07-01","内之浦町(46483)、高山町(46484)が合併し、肝付町(46492)を新設"
"46485","鹿児島県","肝属郡","きもつきぐん","吾平町","あいらちょう","2006-01-01","鹿屋市(46203)、輝北町(46462)、串良町(46481)、吾平町(46485)が合併し、鹿屋市を新設"
"46486","鹿児島県","肝属郡","きもつきぐん","大根占町","おおねじめちょう","2005-03-22","大根占町(46486)、田代町(46488)が合併し、錦江町(46490)を新設"
"46487","鹿児島県","肝属郡","きもつきぐん","根占町","ねじめちょう","2005-03-31","根占町(46487)、佐多町(46489)が合併し、南大隅町(46491)を新設"
"46488","鹿児島県","肝属郡","きもつきぐん","田代町","たしろちょう","2005-03-22","大根占町(46486)、田代町(46488)が合併し、錦江町(46490)を新設"
"46489","鹿児島県","肝属郡","きもつきぐん","佐多町","さたちょう","2005-03-31","根占町(46487)、佐多町(46489)が合併し、南大隅町(46491)を新設"
"46490","鹿児島県","肝属郡","きもつきぐん","錦江町","きんこうちょう","2005-03-22","大根占町(46486)、田代町(46488)が合併し、錦江町(46490)を新設"
"46491","鹿児島県","肝属郡","きもつきぐん","南大隅町","みなみおおすみちょう","2005-03-31","根占町(46487)、佐多町(46489)が合併し、南大隅町(46491)を新設"
"46492","鹿児島県","肝属郡","きもつきぐん","肝付町","きもつきちょう","2005-07-01","内之浦町(46483)、高山町(46484)が合併し、肝付町(46492)を新設"
"46503","鹿児島県","熊毛郡","くまげぐん","上屋久町","かみやくちょう","2007-10-01","上屋久町(46503)、屋久町(46504)が合併し、屋久島町(46505)を新設"
"46504","鹿児島県","熊毛郡","くまげぐん","屋久町","やくちょう","2007-10-01","上屋久町(46503)、屋久町(46504)が合併し、屋久島町(46505)を新設"
"46505","鹿児島県","熊毛郡","くまげぐん","屋久島町","やくしまちょう","2007-10-01","上屋久町(46503)、屋久町(46504)が合併し、屋久島町(46505)を新設"
"46521","鹿児島県","大島郡","おおしまぐん","三島村","みしまむら","1973-04-01","大島郡三島村(46521)が鹿児島郡三島村(46303)に郡の区域変更"
"46522","鹿児島県","大島郡","おおしまぐん","十島村","としまむら","1973-04-01","大島郡十島村(46522)が鹿児島郡十島村(46304)に郡の区域変更"
"46526","鹿児島県","大島郡","おおしまぐん","住用村","すみようそん","2006-03-20","名瀬市(46207)、住用村(46526)、笠利町(46528)が合併し、奄美市(46222)を新設"
"46527","鹿児島県","大島郡","おおしまぐん","龍郷村","たつごうそん","1975-02-10","龍郷村(46527)が龍郷町(46527)に町制施行"
"46527","鹿児島県","大島郡","おおしまぐん","龍郷町","たつごうちょう","1975-02-10","龍郷村(46527)が龍郷町(46527)に町制施行"
"46528","鹿児島県","大島郡","おおしまぐん","笠利町","かさりちょう","2006-03-20","名瀬市(46207)、住用村(46526)、笠利町(46528)が合併し、奄美市(46222)を新設"
"47201","沖縄県","","","那覇市","なはし","2013-04-01","那覇市(47201)が中核市に移行"
"47202","沖縄県","","","石川市","いしかわし","2005-04-01","石川市(47202)、具志川市(47203)、与那城町(47322)、勝連町(47323)が合併し、うるま市(47213)を新設"
"47203","沖縄県","","","具志川市","ぐしかわし","2005-04-01","石川市(47202)、具志川市(47203)、与那城町(47322)、勝連町(47323)が合併し、うるま市(47213)を新設"
"47204","沖縄県","","","コザ市","こざし","1974-04-01","コザ市(47204)、美里村(47321)が合併し、沖縄市(47211)を新設"
"47206","沖縄県","","","平良市","ひららし","2005-10-01","城辺町(47371)、下地町(47372)、上野村(47373)、伊良部町(47374)、平良市(47206)が合併し、宮古島市(47214)を新設"
"47211","沖縄県","","","沖縄市","おきなわし","1974-04-01","コザ市(47204)、美里村(47321)が合併し、沖縄市(47211)を新設"
"47212","沖縄県","","","豊見城市","とみぐすくし","2002-04-01","豊見城村(47341)が豊見城市(47212)に市制施行"
"47213","沖縄県","","","うるま市","うるまし","2005-04-01","石川市(47202)、具志川市(47203)、与那城町(47322)、勝連町(47323)が合併し、うるま市(47213)を新設"
"47214","沖縄県","","","宮古島市","みやこじまし","2005-10-01","城辺町(47371)、下地町(47372)、上野村(47373)、伊良部町(47374)、平良市(47206)が合併し、宮古島市(47214)を新設"
"47215","沖縄県","","","南城市","なんじょうし","2006-01-01","玉城村(47345)、知念村(47346)、大里村(47349)、佐敷町(47347)が合併し、南城市(47215)を新設"
"47314","沖縄県","国頭郡","くにがみぐん","金武町","きんちょう","1980-04-01","金武村(47314)が金武町(47314)に町制施行"
"47314","沖縄県","国頭郡","くにがみぐん","金武村","きんそん","1980-04-01","金武村(47314)が金武町(47314)に町制施行"
"47321","沖縄県","中頭郡","なかがみぐん","美里村","みさとそん","1974-04-01","コザ市(47204)、美里村(47321)が合併し、沖縄市(47211)を新設"
"47322","沖縄県","中頭郡","なかがみぐん","与那城町","よなしろちょう","1994-01-01","与那城村(よなぐすくそん、47322)が与那城村(よなしろそん)に名称変更し、与那城町(47322)に町制施行"
"47322","沖縄県","中頭郡","なかがみぐん","与那城村","よなぐすくそん","1994-01-01","与那城村(よなぐすくそん、47322)が与那城村(よなしろそん)に名称変更し、与那城町(47322)に町制施行"
"47322","沖縄県","中頭郡","なかがみぐん","与那城町","よなしろちょう","2005-04-01","石川市(47202)、具志川市(47203)、与那城町(47322)、勝連町(47323)が合併し、うるま市(47213)を新設"
"47323","沖縄県","中頭郡","なかがみぐん","勝連村","かつれんそん","1980-04-01","勝連村(47323)が勝連町(47323)に町制施行"
"47323","沖縄県","中頭郡","なかがみぐん","勝連町","かつれんちょう","1980-04-01","勝連村(47323)が勝連町(47323)に町制施行"
"47323","沖縄県","中頭郡","なかがみぐん","勝連町","かつれんちょう","2005-04-01","石川市(47202)、具志川市(47203)、与那城町(47322)、勝連町(47323)が合併し、うるま市(47213)を新設"
"47325","沖縄県","中頭郡","なかがみぐん","嘉手納村","かでなそん","1976-01-01","嘉手納村(47325)が嘉手納町(47325)に町制施行"
"47325","沖縄県","中頭郡","なかがみぐん","嘉手納町","かでなちょう","1976-01-01","嘉手納村(47325)が嘉手納町(47325)に町制施行"
"47326","沖縄県","中頭郡","なかがみぐん","北谷村","ちゃたんそん","1980-04-01","北谷村(47326)が北谷町(47326)に町制施行"
"47326","沖縄県","中頭郡","なかがみぐん","北谷町","ちゃたんちょう","1980-04-01","北谷村(47326)が北谷町(47326)に町制施行"
"47329","沖縄県","中頭郡","なかがみぐん","西原村","にしはらそん","1979-04-01","西原村(47329)が西原町(47329)に町制施行"
"47329","沖縄県","中頭郡","なかがみぐん","西原町","にしはらちょう","1979-04-01","西原村(47329)が西原町(47329)に町制施行"
"47341","沖縄県","島尻郡","しまじりぐん","豊見城村","とみぐすくそん","2002-04-01","豊見城村(47341)が豊見城市(47212)に市制施行"
"47343","沖縄県","島尻郡","しまじりぐん","東風平町","こちんだちょう","1979-10-01","東風平村(47343)が東風平町(47343)に町制施行"
"47343","沖縄県","島尻郡","しまじりぐん","東風平村","こちんだそん","1979-10-01","東風平村(47343)が東風平町(47343)に町制施行"
"47343","沖縄県","島尻郡","しまじりぐん","東風平町","こちんだちょう","2006-01-01","具志頭村(47344)、東風平町(47343)が合併し、八重瀬町(47362)を新設"
"47344","沖縄県","島尻郡","しまじりぐん","具志頭村","ぐしかみそん","2006-01-01","具志頭村(47344)、東風平町(47343)が合併し、八重瀬町(47362)を新設"
"47345","沖縄県","島尻郡","しまじりぐん","玉城村","たまぐすくそん","2006-01-01","玉城村(47345)、知念村(47346)、大里村(47349)、佐敷町(47347)が合併し、南城市(47215)を新設"
"47346","沖縄県","島尻郡","しまじりぐん","知念村","ちねんそん","2006-01-01","玉城村(47345)、知念村(47346)、大里村(47349)、佐敷町(47347)が合併し、南城市(47215)を新設"
"47347","沖縄県","島尻郡","しまじりぐん","佐敷町","さしきちょう","1980-06-01","佐敷村(47347)が佐敷町(47347)に町制施行"
"47347","沖縄県","島尻郡","しまじりぐん","佐敷村","さしきそん","1980-06-01","佐敷村(47347)が佐敷町(47347)に町制施行"
"47347","沖縄県","島尻郡","しまじりぐん","佐敷町","さしきちょう","2006-01-01","玉城村(47345)、知念村(47346)、大里村(47349)、佐敷町(47347)が合併し、南城市(47215)を新設"
"47349","沖縄県","島尻郡","しまじりぐん","大里村","おおざとそん","2006-01-01","玉城村(47345)、知念村(47346)、大里村(47349)、佐敷町(47347)が合併し、南城市(47215)を新設"
"47350","沖縄県","島尻郡","しまじりぐん","南風原村","はえばるそん","1980-04-01","南風原村(47350)が南風原町(47350)に町制施行"
"47350","沖縄県","島尻郡","しまじりぐん","南風原町","はえばるちょう","1980-04-01","南風原村(47350)が南風原町(47350)に町制施行"
"47351","沖縄県","島尻郡","しまじりぐん","仲里村","なかざとそん","2002-04-01","仲里村(47351)、具志川村(47352)が合併し、久米島町(47361)を新設"
"47352","沖縄県","島尻郡","しまじりぐん","具志川村","ぐしかわそん","2002-04-01","仲里村(47351)、具志川村(47352)が合併し、久米島町(47361)を新設"
"47361","沖縄県","島尻郡","しまじりぐん","久米島町","くめじまちょう","2002-04-01","仲里村(47351)、具志川村(47352)が合併し、久米島町(47361)を新設"
"47362","沖縄県","島尻郡","しまじりぐん","八重瀬町","やえせちょう","2006-01-01","具志頭村(47344)、東風平町(47343)が合併し、八重瀬町(47362)を新設"
"47371","沖縄県","宮古郡","みやこぐん","城辺町","ぐすくべちょう","2005-10-01","城辺町(47371)、下地町(47372)、上野村(47373)、伊良部町(47374)、平良市(47206)が合併し、宮古島市(47214)を新設"
"47372","沖縄県","宮古郡","みやこぐん","下地町","しもじちょう","2005-10-01","城辺町(47371)、下地町(47372)、上野村(47373)、伊良部町(47374)、平良市(47206)が合併し、宮古島市(47214)を新設"
"47373","沖縄県","宮古郡","みやこぐん","上野村","うえのそん","2005-10-01","城辺町(47371)、下地町(47372)、上野村(47373)、伊良部町(47374)、平良市(47206)が合併し、宮古島市(47214)を新設"
"47374","沖縄県","宮古郡","みやこぐん","伊良部町","いらぶちょう","1982-04-01","伊良部村(47374)が伊良部町(47374)に町制施行"
"47374","沖縄県","宮古郡","みやこぐん","伊良部村","いらぶそん","1982-04-01","伊良部村(47374)が伊良部町(47374)に町制施行"
"47374","沖縄県","宮古郡","みやこぐん","伊良部町","いらぶちょう","2005-10-01","城辺町(47371)、下地町(47372)、上野村(47373)、伊良部町(47374)、平良市(47206)が合併し、宮古島市(47214)を新設"
